Loading cineca-ai/4.3.0
  Loading requirement: cuda/12.1 nccl/2.19.1-1--gcc--12.2.0-cuda-12.1
    cudnn/8.9.7.29-12--gcc--12.2.0-cuda-12.1 gcc/12.2.0-binut2.41
    openmpi/4.1.6--gcc--12.2.0 bzip2/1.0.8-gp5wcz5 libmd/1.0.4-wja3f5q
    libbsd/0.11.7-cgxjopl expat/2.5.0-bptl3xw ncurses/6.4-asx3jea
    readline/8.2-nyw6mp6 gdbm/1.23-fs6otck libiconv/1.17-d7yvx2s
    xz/5.4.1-hubmwr5 zlib-ng/2.1.4-6htiapk libxml2/2.10.3-5eeeokp
    pigz/2.7-bopr5vp zstd/1.5.5-gawytfl tar/1.34-amqus5s gettext/0.22.3-2g7elif
    libffi/3.4.4-6r7brdq libxcrypt/4.4.35-ss2rzin sqlite/3.43.2
    util-linux-uuid/2.38.1-jkdi7kv python/3.11.6--gcc--8.5.0 cmake/3.27.7
    openjdk/11.0.20.1_1
[1,2]<stdout>:Perf config: with_checkpoint=False, amp_dtype=bf16, compile_model=True, compile_backend=inductor, use_sdpa=True, disable_inductor_cudagraphs=False, perf_profile_every=0, enable_weight_drift_logging=False
[1,1]<stdout>:Perf config: with_checkpoint=False, amp_dtype=bf16, compile_model=True, compile_backend=inductor, use_sdpa=True, disable_inductor_cudagraphs=False, perf_profile_every=0, enable_weight_drift_logging=False
[1,0]<stdout>:Perf config: with_checkpoint=False, amp_dtype=bf16, compile_model=True, compile_backend=inductor, use_sdpa=True, disable_inductor_cudagraphs=False, perf_profile_every=0, enable_weight_drift_logging=False
[1,3]<stdout>:Perf config: with_checkpoint=False, amp_dtype=bf16, compile_model=True, compile_backend=inductor, use_sdpa=True, disable_inductor_cudagraphs=False, perf_profile_every=0, enable_weight_drift_logging=False
[1,11]<stdout>:Perf config: with_checkpoint=False, amp_dtype=bf16, compile_model=True, compile_backend=inductor, use_sdpa=True, disable_inductor_cudagraphs=False, perf_profile_every=0, enable_weight_drift_logging=False
[1,7]<stdout>:Perf config: with_checkpoint=False, amp_dtype=bf16, compile_model=True, compile_backend=inductor, use_sdpa=True, disable_inductor_cudagraphs=False, perf_profile_every=0, enable_weight_drift_logging=False
[1,10]<stdout>:Perf config: with_checkpoint=False, amp_dtype=bf16, compile_model=True, compile_backend=inductor, use_sdpa=True, disable_inductor_cudagraphs=False, perf_profile_every=0, enable_weight_drift_logging=False
[1,5]<stdout>:Perf config: with_checkpoint=False, amp_dtype=bf16, compile_model=True, compile_backend=inductor, use_sdpa=True, disable_inductor_cudagraphs=False, perf_profile_every=0, enable_weight_drift_logging=False
[1,9]<stdout>:Perf config: with_checkpoint=False, amp_dtype=bf16, compile_model=True, compile_backend=inductor, use_sdpa=True, disable_inductor_cudagraphs=False, perf_profile_every=0, enable_weight_drift_logging=False
[1,4]<stdout>:Perf config: with_checkpoint=False, amp_dtype=bf16, compile_model=True, compile_backend=inductor, use_sdpa=True, disable_inductor_cudagraphs=False, perf_profile_every=0, enable_weight_drift_logging=False
[1,8]<stdout>:Perf config: with_checkpoint=False, amp_dtype=bf16, compile_model=True, compile_backend=inductor, use_sdpa=True, disable_inductor_cudagraphs=False, perf_profile_every=0, enable_weight_drift_logging=False
[1,6]<stdout>:Perf config: with_checkpoint=False, amp_dtype=bf16, compile_model=True, compile_backend=inductor, use_sdpa=True, disable_inductor_cudagraphs=False, perf_profile_every=0, enable_weight_drift_logging=False
[1,15]<stdout>:Perf config: with_checkpoint=False, amp_dtype=bf16, compile_model=True, compile_backend=inductor, use_sdpa=True, disable_inductor_cudagraphs=False, perf_profile_every=0, enable_weight_drift_logging=False
[1,31]<stdout>:Perf config: with_checkpoint=False, amp_dtype=bf16, compile_model=True, compile_backend=inductor, use_sdpa=True, disable_inductor_cudagraphs=False, perf_profile_every=0, enable_weight_drift_logging=False
[1,13]<stdout>:Perf config: with_checkpoint=False, amp_dtype=bf16, compile_model=True, compile_backend=inductor, use_sdpa=True, disable_inductor_cudagraphs=False, perf_profile_every=0, enable_weight_drift_logging=False
[1,30]<stdout>:Perf config: with_checkpoint=False, amp_dtype=bf16, compile_model=True, compile_backend=inductor, use_sdpa=True, disable_inductor_cudagraphs=False, perf_profile_every=0, enable_weight_drift_logging=False
[1,12]<stdout>:Perf config: with_checkpoint=False, amp_dtype=bf16, compile_model=True, compile_backend=inductor, use_sdpa=True, disable_inductor_cudagraphs=False, perf_profile_every=0, enable_weight_drift_logging=False
[1,29]<stdout>:Perf config: with_checkpoint=False, amp_dtype=bf16, compile_model=True, compile_backend=inductor, use_sdpa=True, disable_inductor_cudagraphs=False, perf_profile_every=0, enable_weight_drift_logging=False
[1,14]<stdout>:Perf config: with_checkpoint=False, amp_dtype=bf16, compile_model=True, compile_backend=inductor, use_sdpa=True, disable_inductor_cudagraphs=False, perf_profile_every=0, enable_weight_drift_logging=False
[1,0]<stdout>:launch with mpirun
[1,28]<stdout>:Perf config: with_checkpoint=False, amp_dtype=bf16, compile_model=True, compile_backend=inductor, use_sdpa=True, disable_inductor_cudagraphs=False, perf_profile_every=0, enable_weight_drift_logging=False
[1,18]<stdout>:Perf config: with_checkpoint=False, amp_dtype=bf16, compile_model=True, compile_backend=inductor, use_sdpa=True, disable_inductor_cudagraphs=False, perf_profile_every=0, enable_weight_drift_logging=False
[1,19]<stdout>:Perf config: with_checkpoint=False, amp_dtype=bf16, compile_model=True, compile_backend=inductor, use_sdpa=True, disable_inductor_cudagraphs=False, perf_profile_every=0, enable_weight_drift_logging=False
[1,17]<stdout>:Perf config: with_checkpoint=False, amp_dtype=bf16, compile_model=True, compile_backend=inductor, use_sdpa=True, disable_inductor_cudagraphs=False, perf_profile_every=0, enable_weight_drift_logging=False
[1,16]<stdout>:Perf config: with_checkpoint=False, amp_dtype=bf16, compile_model=True, compile_backend=inductor, use_sdpa=True, disable_inductor_cudagraphs=False, perf_profile_every=0, enable_weight_drift_logging=False
[1,27]<stdout>:Perf config: with_checkpoint=False, amp_dtype=bf16, compile_model=True, compile_backend=inductor, use_sdpa=True, disable_inductor_cudagraphs=False, perf_profile_every=0, enable_weight_drift_logging=False
[1,23]<stdout>:Perf config: with_checkpoint=False, amp_dtype=bf16, compile_model=True, compile_backend=inductor, use_sdpa=True, disable_inductor_cudagraphs=False, perf_profile_every=0, enable_weight_drift_logging=False
[1,26]<stdout>:Perf config: with_checkpoint=False, amp_dtype=bf16, compile_model=True, compile_backend=inductor, use_sdpa=True, disable_inductor_cudagraphs=False, perf_profile_every=0, enable_weight_drift_logging=False
[1,25]<stdout>:Perf config: with_checkpoint=False, amp_dtype=bf16, compile_model=True, compile_backend=inductor, use_sdpa=True, disable_inductor_cudagraphs=False, perf_profile_every=0, enable_weight_drift_logging=False
[1,24]<stdout>:Perf config: with_checkpoint=False, amp_dtype=bf16, compile_model=True, compile_backend=inductor, use_sdpa=True, disable_inductor_cudagraphs=False, perf_profile_every=0, enable_weight_drift_logging=False
[1,20]<stdout>:Perf config: with_checkpoint=False, amp_dtype=bf16, compile_model=True, compile_backend=inductor, use_sdpa=True, disable_inductor_cudagraphs=False, perf_profile_every=0, enable_weight_drift_logging=False
[1,22]<stdout>:Perf config: with_checkpoint=False, amp_dtype=bf16, compile_model=True, compile_backend=inductor, use_sdpa=True, disable_inductor_cudagraphs=False, perf_profile_every=0, enable_weight_drift_logging=False
[1,21]<stdout>:Perf config: with_checkpoint=False, amp_dtype=bf16, compile_model=True, compile_backend=inductor, use_sdpa=True, disable_inductor_cudagraphs=False, perf_profile_every=0, enable_weight_drift_logging=False
[1,0]<stdout>:TF32 enabled: True
[1,0]<stdout>:SDPA kernel config: mode=auto, flash=True, mem_efficient=True, math=True
[1,0]<stdout>:Inductor CUDA Graphs disabled: False (INDUCTOR_DISABLE_CUDAGRAPHS=0)
[1,0]<stdout>:Creating model: pretrain_videomae_giant_patch14_224
[1,0]<stdout>:From pretrained model? True
[1,0]<stdout>:Caricamento del checkpoint da: /leonardo_scratch/fast/IscrC_SAME-D/vit_g_hybrid_pt_1200e.pth
[1,0]<stdout>:Caricato state_dict con chiave: model
[1,0]<stdout>:Checkpoint caricato con successo!
[1,0]<stdout>:torch.compile enabled: backend=inductor, mode=default
[1,0]<stdout>:DDP kwargs: {'device_ids': [0], 'output_device': 0, 'find_unused_parameters': False, 'static_graph': True, 'gradient_as_bucket_view': True, 'bucket_cap_mb': 64, 'broadcast_buffers': False}
[1,0]<stdout>:NCCL version 2.19.1+cuda12.1
[1,0]<stdout>:Patch size = (14, 14)
[1,0]<stdout>:Window size : (8, 16, 16)
[1,0]<stdout>:Patch size = (14, 14)
[1,0]<stdout>:Window size : (8, 16, 16)
[1,0]<stdout>:Getting dataset...
[1,0]<stdout>:no_data_aug=True
[1,0]<stdout>:File di dati: /leonardo/home/userexternal/ddarmien/Demetra/moduli/videomae/UNtrain_random_tiles.csv
[1,0]<stdout>:Data Aug = (DataAugmentationForVideoMAEv2,
[1,0]<stdout>:  transform = Compose(
[1,0]<stdout>:    Lambda()
[1,0]<stdout>:    <dataset.transforms.Stack object at 0x152d105370d0>
[1,0]<stdout>:    <dataset.transforms.ToTorchFormatTensor object at 0x152d10536ed0>
[1,0]<stdout>:    <dataset.transforms.GroupNormalize object at 0x152d10528110>
[1,0]<stdout>:),
[1,0]<stdout>:  Encoder Masking Generator = Tube Masking: total patches 2048, mask patches 1800,
[1,0]<stdout>:  Decoder Masking Generator = Running Cell Masking with mask ratio 0.5,
[1,0]<stdout>:)
[1,0]<stdout>:DATASET length: 107441
[1,0]<stdout>:Creo il DistributedSampler con world_size 32 e rank 0
[1,0]<stdout>:Sampler_train = <torch.utils.data.distributed.DistributedSampler object at 0x152d10bb2bd0>
[1,0]<stdout>:Batch_size: 32
[1,0]<stdout>:Getting dataset...
[1,0]<stdout>:no_data_aug=True
[1,0]<stdout>:File di dati: /leonardo/home/userexternal/ddarmien/Demetra/moduli/videomae/UNtest_random_tiles.csv
[1,0]<stdout>:Data Aug = (DataAugmentationForVideoMAEv2,
[1,0]<stdout>:  transform = Compose(
[1,0]<stdout>:    Lambda()
[1,0]<stdout>:    <dataset.transforms.Stack object at 0x152d27464910>
[1,0]<stdout>:    <dataset.transforms.ToTorchFormatTensor object at 0x152d10584950>
[1,0]<stdout>:    <dataset.transforms.GroupNormalize object at 0x152d106fe490>
[1,0]<stdout>:),
[1,0]<stdout>:  Encoder Masking Generator = Tube Masking: total patches 2048, mask patches 1800,
[1,0]<stdout>:  Decoder Masking Generator = Running Cell Masking with mask ratio 0.5,
[1,0]<stdout>:)
[1,0]<stdout>:DATASET length: 19999
[1,0]<stdout>:Creo il DistributedSampler con world_size 32 e rank 0
[1,0]<stdout>:Sampler_train = <torch.utils.data.distributed.DistributedSampler object at 0x152d105be4d0>
[1,0]<stdout>:Batch_size: 32
[1,0]<stdout>:LR = 0.00400000
[1,0]<stdout>:Batch size = 1024
[1,0]<stdout>:Number of training steps = 104
[1,0]<stdout>:Number of training examples per epoch = 106496
[1,0]<stdout>:Layer decay enabled: layer_decay=0.98, encoder_layers=40, num_layers=42
[1,0]<stdout>:optimizer settings: [1,0]<stdout>:{'lr': 0.004, 'weight_decay': 0.0, 'eps': 1e-08, 'betas': [0.9, 0.95]}
[1,0]<stdout>:Use step level LR & WD scheduler!
[1,0]<stdout>:Set warmup steps = 520
[1,0]<stdout>:Set warmup steps = 0
[1,0]<stdout>:Max WD = 0.0200000, Min WD = 0.0200000
[1,0]<stdout>:Start training for 150 epochs
[1,0]<stdout>:Epoch: [0]  [  0/104]  eta: 3:28:06  loss: 0.7860 (0.7860)  time: 120.0615 (120.0615 -- 120.0615)  data: 6.2291 (6.2291 -- 6.2291)  max mem: 29613
[1,0]<stdout>:Epoch: [0]  [ 20/104]  eta: 0:08:57  loss: 0.7524 (0.7545)  time: 0.7176 (0.6352 -- 0.8304)  data: 0.0005 (0.0001 -- 0.0013)  max mem: 37579
[1,0]<stdout>:Epoch: [0]  [ 40/104]  eta: 0:03:53  loss: 0.7261 (0.7397)  time: 0.7554 (0.6790 -- 0.8047)  data: 0.0005 (0.0001 -- 0.0014)  max mem: 37579
[1,0]<stdout>:Epoch: [0]  [ 60/104]  eta: 0:01:59  loss: 0.7153 (0.7325)  time: 0.7766 (0.7250 -- 0.8397)  data: 0.0004 (0.0001 -- 0.0010)  max mem: 37579
[1,0]<stdout>:Epoch: [0]  [ 80/104]  eta: 0:00:53  loss: 0.7146 (0.7283)  time: 0.7554 (0.6839 -- 0.8286)  data: 0.0004 (0.0002 -- 0.0010)  max mem: 37579
[1,0]<stdout>:Epoch: [0]  [100/104]  eta: 0:00:07  loss: 0.7071 (0.7250)  time: 0.6997 (0.6320 -- 0.8189)  data: 0.0006 (0.0002 -- 0.0011)  max mem: 37579
[1,0]<stdout>:Epoch: [0]  [103/104]  eta: 0:00:01  loss: 0.7117 (0.7248)  time: 0.6936 (0.6320 -- 0.8189)  data: 0.0006 (0.0001 -- 0.0011)  max mem: 37579
[1,0]<stdout>:Epoch: [0] Total time: 0:03:16 (1.8855 s / it)
[1,0]<stdout>:Averaged stats: [1,0]<stdout>:loss: 0.7117 (0.7228)
[1,0]<stdout>:TEST...   [ 0/20]  eta: 0:14:44  loss: 0.7049 (0.7049)  time: 44.2226 (44.2226 -- 44.2226)  data: 2.4356 (2.4356 -- 2.4356)  max mem: 37579
[1,0]<stdout>:TEST...   [19/20]  eta: 0:00:05  loss: 0.7049 (0.7029)  time: 5.6021 (0.1209 -- 60.7849)  data: 0.3634 (0.0001 -- 2.4356)  max mem: 37579
[1,0]<stdout>:TEST...  Total time: 0:01:52 (5.6022 s / it)
[1,0]<stdout>:Averaged stats: loss: 0.7049 (0.7017)
[1,0]<stdout>:[CKPT] Saved improved checkpoint: /leonardo/home/userexternal/ddarmien/Demetra/moduli/videomae/output/checkpoint-0.pth (test_loss 0.701726, prev None)
[1,0]<stdout>:Epoch: [1]  [  0/104]  eta: 0:04:47  loss: 0.7300 (0.7300)  time: 2.7643 (2.7643 -- 2.7643)  data: 2.1168 (2.1168 -- 2.1168)  max mem: 37583
[1,0]<stdout>:Epoch: [1]  [ 20/104]  eta: 0:01:08  loss: 0.7073 (0.7091)  time: 0.7228 (0.6506 -- 0.7940)  data: 0.0005 (0.0002 -- 0.0017)  max mem: 37583
[1,0]<stdout>:Epoch: [1]  [ 40/104]  eta: 0:00:49  loss: 0.7083 (0.7083)  time: 0.7389 (0.6902 -- 0.8032)  data: 0.0004 (0.0001 -- 0.0009)  max mem: 37583
[1,0]<stdout>:Epoch: [1]  [ 60/104]  eta: 0:00:33  loss: 0.7108 (0.7087)  time: 0.7281 (0.6804 -- 0.7861)  data: 0.0004 (0.0001 -- 0.0012)  max mem: 37583
[1,0]<stdout>:Epoch: [1]  [ 80/104]  eta: 0:00:18  loss: 0.7029 (0.7077)  time: 0.7227 (0.6797 -- 0.7763)  data: 0.0006 (0.0001 -- 0.0013)  max mem: 37583
[1,0]<stdout>:Epoch: [1]  [100/104]  eta: 0:00:02  loss: 0.7078 (0.7079)  time: 0.7114 (0.6332 -- 0.8084)  data: 0.0005 (0.0001 -- 0.0011)  max mem: 37583
[1,0]<stdout>:Epoch: [1]  [103/104]  eta: 0:00:00  loss: 0.7066 (0.7077)  time: 0.7037 (0.6330 -- 0.8084)  data: 0.0005 (0.0001 -- 0.0011)  max mem: 37583
[1,0]<stdout>:Epoch: [1] Total time: 0:01:17 (0.7419 s / it)
[1,0]<stdout>:Averaged stats: [1,0]<stdout>:loss: 0.7066 (0.7086)
[1,0]<stdout>:Epoch: [2]  [  0/104]  eta: 0:07:02  loss: 0.7320 (0.7320)  time: 4.0671 (4.0671 -- 4.0671)  data: 2.4025 (2.4025 -- 2.4025)  max mem: 37583
[1,0]<stdout>:Epoch: [2]  [ 20/104]  eta: 0:01:19  loss: 0.7074 (0.7072)  time: 0.7931 (0.7058 -- 0.8739)  data: 0.0004 (0.0002 -- 0.0014)  max mem: 37583
[1,0]<stdout>:Epoch: [2]  [ 40/104]  eta: 0:00:55  loss: 0.7048 (0.7047)  time: 0.7875 (0.7168 -- 0.9100)  data: 0.0004 (0.0001 -- 0.0007)  max mem: 37583
[1,0]<stdout>:Epoch: [2]  [ 60/104]  eta: 0:00:37  loss: 0.7085 (0.7059)  time: 0.7920 (0.6896 -- 0.8689)  data: 0.0006 (0.0002 -- 0.0016)  max mem: 37583
[1,0]<stdout>:Epoch: [2]  [ 80/104]  eta: 0:00:19  loss: 0.7065 (0.7061)  time: 0.7608 (0.6469 -- 0.8972)  data: 0.0006 (0.0001 -- 0.0011)  max mem: 37583
[1,0]<stdout>:Epoch: [2]  [100/104]  eta: 0:00:03  loss: 0.7068 (0.7057)  time: 0.7594 (0.6605 -- 0.8414)  data: 0.0005 (0.0001 -- 0.0012)  max mem: 37583
[1,0]<stdout>:Epoch: [2]  [103/104]  eta: 0:00:00  loss: 0.7054 (0.7056)  time: 0.7605 (0.6605 -- 0.8414)  data: 0.0004 (0.0001 -- 0.0011)  max mem: 37583
[1,0]<stdout>:Epoch: [2] Total time: 0:01:24 (0.8104 s / it)
[1,0]<stdout>:Averaged stats: [1,0]<stdout>:loss: 0.7054 (0.7068)
[1,0]<stdout>:Epoch: [3]  [  0/104]  eta: 0:07:12  loss: 0.6939 (0.6939)  time: 4.1559 (4.1559 -- 4.1559)  data: 2.0700 (2.0700 -- 2.0700)  max mem: 37583[1,0]<stdout>:
[1,0]<stdout>:Epoch: [3]  [ 20/104]  eta: 0:01:17  loss: 0.7095 (0.7074)  time: 0.7630 (0.7097 -- 0.9215)  data: 0.0004 (0.0001 -- 0.0010)  max mem: 37583
[1,0]<stdout>:Epoch: [3]  [ 40/104]  eta: 0:00:54  loss: 0.8445 (0.7675)  time: 0.7782 (0.6792 -- 0.8791)  data: 0.0004 (0.0001 -- 0.0015)  max mem: 37583
[1,0]<stdout>:Epoch: [3]  [ 60/104]  eta: 0:00:37  loss: 0.9410 (0.8253)  time: 0.8264 (0.7415 -- 0.9325)  data: 0.0005 (0.0001 -- 0.0013)  max mem: 37583
[1,0]<stdout>:Epoch: [3]  [ 80/104]  eta: 0:00:20  loss: 0.9406 (0.8540)  time: 0.8478 (0.7626 -- 0.9483)  data: 0.0005 (0.0001 -- 0.0010)  max mem: 37583
[1,0]<stdout>:Epoch: [3]  [100/104]  eta: 0:00:03  loss: 0.9379 (0.8710)  time: 0.8008 (0.7076 -- 0.9032)  data: 0.0004 (0.0001 -- 0.0010)  max mem: 37583
[1,0]<stdout>:Epoch: [3]  [103/104]  eta: 0:00:00  loss: 0.9438 (0.8735)  time: 0.7924 (0.7076 -- 0.9011)  data: 0.0004 (0.0001 -- 0.0010)  max mem: 37583
[1,0]<stdout>:Epoch: [3] Total time: 0:01:26 (0.8346 s / it)
[1,0]<stdout>:Averaged stats: [1,0]<stdout>:loss: 0.9438 (0.8747)
[1,0]<stdout>:Epoch: [4]  [  0/104]  eta: 0:07:12  loss: 0.9478 (0.9478)  time: 4.1590 (4.1590 -- 4.1590)  data: 2.2875 (2.2875 -- 2.2875)  max mem: 37583
[1,0]<stdout>:Epoch: [4]  [ 20/104]  eta: 0:01:21  loss: 0.9364 (0.9349)  time: 0.8048 (0.6730 -- 0.9978)  data: 0.0005 (0.0001 -- 0.0011)  max mem: 37583
[1,0]<stdout>:Epoch: [4]  [ 40/104]  eta: 0:00:57  loss: 0.9426 (0.9384)  time: 0.8265 (0.7428 -- 0.9109)  data: 0.0005 (0.0001 -- 0.0009)  max mem: 37583
[1,0]<stdout>:Epoch: [4]  [ 60/104]  eta: 0:00:37  loss: 0.9418 (0.9401)  time: 0.7851 (0.6719 -- 0.8981)  data: 0.0005 (0.0002 -- 0.0015)  max mem: 37583
[1,0]<stdout>:Epoch: [4]  [ 80/104]  eta: 0:00:20  loss: 0.9446 (0.9416)  time: 0.7597 (0.6761 -- 0.9107)  data: 0.0005 (0.0002 -- 0.0012)  max mem: 37583
[1,0]<stdout>:Epoch: [4]  [100/104]  eta: 0:00:03  loss: 0.9416 (0.9402)  time: 0.7793 (0.6919 -- 0.8611)  data: 0.0004 (0.0001 -- 0.0013)  max mem: 37583
[1,0]<stdout>:Epoch: [4]  [103/104]  eta: 0:00:00  loss: 0.9416 (0.9403)  time: 0.7652 (0.6742 -- 0.8611)  data: 0.0004 (0.0001 -- 0.0013)  max mem: 37583
[1,0]<stdout>:Epoch: [4] Total time: 0:01:25 (0.8210 s / it)
[1,0]<stdout>:Averaged stats: loss: 0.9416 (0.9417)
[1,0]<stdout>:Epoch: [5]  [  0/104]  eta: 0:07:15  loss: 0.9444 (0.9444)  time: 4.1858 (4.1858 -- 4.1858)  data: 2.1431 (2.1431 -- 2.1431)  max mem: 37583
[1,0]<stdout>:Epoch: [5]  [ 20/104]  eta: 0:01:20  loss: 0.9449 (0.9443)  time: 0.7967 (0.6847 -- 0.9451)  data: 0.0003 (0.0001 -- 0.0009)  max mem: 37583
[1,0]<stdout>:Epoch: [5]  [ 40/104]  eta: 0:00:54  loss: 0.9371 (0.9414)  time: 0.7387 (0.6818 -- 0.8026)  data: 0.0004 (0.0001 -- 0.0010)  max mem: 37583
[1,0]<stdout>:Epoch: [5]  [ 60/104]  eta: 0:00:35  loss: 0.9411 (0.9422)  time: 0.7239 (0.6693 -- 0.8221)  data: 0.0005 (0.0002 -- 0.0016)  max mem: 37583
[1,0]<stdout>:Epoch: [5]  [ 80/104]  eta: 0:00:19  loss: 0.9373 (0.9416)  time: 0.7388 (0.6618 -- 0.8295)  data: 0.0005 (0.0001 -- 0.0015)  max mem: 37583
[1,0]<stdout>:Epoch: [5]  [100/104]  eta: 0:00:03  loss: 0.9413 (0.9415)  time: 0.7135 (0.6404 -- 0.8509)  data: 0.0004 (0.0001 -- 0.0008)  max mem: 37583
[1,0]<stdout>:Epoch: [5]  [103/104]  eta: 0:00:00  loss: 0.9461 (0.9410)  time: 0.7017 (0.6386 -- 0.8509)  data: 0.0003 (0.0001 -- 0.0008)  max mem: 37583
[1,0]<stdout>:Epoch: [5] Total time: 0:01:20 (0.7726 s / it)
[1,0]<stdout>:Averaged stats: loss: 0.9461 (0.9410)
[1,0]<stdout>:Epoch: [6]  [  0/104]  eta: 0:07:14  loss: 0.9382 (0.9382)  time: 4.1733 (4.1733 -- 4.1733)  data: 2.3963 (2.3963 -- 2.3963)  max mem: 37583
[1,0]<stdout>:Epoch: [6]  [ 20/104]  eta: 0:01:15  loss: 0.9432 (0.9447)  time: 0.7413 (0.6685 -- 0.8462)  data: 0.0005 (0.0002 -- 0.0011)  max mem: 37583
[1,0]<stdout>:Epoch: [6]  [ 40/104]  eta: 0:00:52  loss: 0.9426 (0.9435)  time: 0.7366 (0.6991 -- 0.7871)  data: 0.0005 (0.0002 -- 0.0013)  max mem: 37583
[1,0]<stdout>:Epoch: [6]  [ 60/104]  eta: 0:00:35  loss: 0.9396 (0.9418)  time: 0.7446 (0.7055 -- 0.8107)  data: 0.0004 (0.0001 -- 0.0010)  max mem: 37583
[1,0]<stdout>:Epoch: [6]  [ 80/104]  eta: 0:00:18  loss: 0.9388 (0.9414)  time: 0.7448 (0.6673 -- 0.8138)  data: 0.0004 (0.0001 -- 0.0010)  max mem: 37583
[1,0]<stdout>:Epoch: [6]  [100/104]  eta: 0:00:03  loss: 0.9356 (0.9415)  time: 0.7097 (0.6401 -- 0.8369)  data: 0.0005 (0.0001 -- 0.0013)  max mem: 37583
[1,0]<stdout>:Epoch: [6]  [103/104]  eta: 0:00:00  loss: 0.9340 (0.9414)  time: 0.7001 (0.6342 -- 0.8369)  data: 0.0005 (0.0001 -- 0.0010)  max mem: 37583
[1,0]<stdout>:Epoch: [6] Total time: 0:01:19 (0.7657 s / it)
[1,0]<stdout>:Averaged stats: [1,0]<stdout>:loss: 0.9340 (0.9389)
[1,0]<stdout>:Epoch: [7]  [  0/104]  eta: 0:07:14  loss: 0.9429 (0.9429)  time: 4.1812 (4.1812 -- 4.1812)  data: 2.3853 (2.3853 -- 2.3853)  max mem: 37583
[1,0]<stdout>:Epoch: [7]  [ 20/104]  eta: 0:01:15  loss: 0.9384 (0.9404)  time: 0.7318 (0.6644 -- 0.8121)  data: 0.0004 (0.0002 -- 0.0010)  max mem: 37583
[1,0]<stdout>:Epoch: [7]  [ 40/104]  eta: 0:00:52  loss: 0.9403 (0.9403)  time: 0.7387 (0.6845 -- 0.7994)  data: 0.0005 (0.0001 -- 0.0012)  max mem: 37583
[1,0]<stdout>:Epoch: [7]  [ 60/104]  eta: 0:00:34  loss: 0.9213 (0.9362)  time: 0.7462 (0.6835 -- 0.8077)  data: 0.0004 (0.0001 -- 0.0010)  max mem: 37583
[1,0]<stdout>:Epoch: [7]  [ 80/104]  eta: 0:00:18  loss: 0.9374 (0.9368)  time: 0.7365 (0.6926 -- 0.7959)  data: 0.0004 (0.0001 -- 0.0011)  max mem: 37583
[1,0]<stdout>:Epoch: [7]  [100/104]  eta: 0:00:03  loss: 0.9306 (0.9351)  time: 0.7211 (0.6510 -- 0.7815)  data: 0.0004 (0.0001 -- 0.0010)  max mem: 37583
[1,0]<stdout>:Epoch: [7]  [103/104]  eta: 0:00:00  loss: 0.9282 (0.9351)  time: 0.7123 (0.6465 -- 0.7815)  data: 0.0003 (0.0001 -- 0.0010)  max mem: 37583
[1,0]<stdout>:Epoch: [7] Total time: 0:01:19 (0.7663 s / it)
[1,0]<stdout>:Averaged stats: [1,0]<stdout>:loss: 0.9282 (0.9372)
[1,0]<stdout>:Epoch: [8]  [  0/104]  eta: 0:07:07  loss: 0.9110 (0.9110)  time: 4.1093 (4.1093 -- 4.1093)  data: 2.3808 (2.3808 -- 2.3808)  max mem: 37583
[1,0]<stdout>:Epoch: [8]  [ 20/104]  eta: 0:01:14  loss: 0.9293 (0.9322)  time: 0.7303 (0.6647 -- 0.8789)  data: 0.0003 (0.0002 -- 0.0009)  max mem: 37583
[1,0]<stdout>:Epoch: [8]  [ 40/104]  eta: 0:00:52  loss: 0.9290 (0.9301)  time: 0.7497 (0.6642 -- 0.8414)  data: 0.0005 (0.0002 -- 0.0015)  max mem: 37583
[1,0]<stdout>:Epoch: [8]  [ 60/104]  eta: 0:00:35  loss: 0.9186 (0.9259)  time: 0.7411 (0.7061 -- 0.8081)  data: 0.0006 (0.0002 -- 0.0014)  max mem: 37583
[1,0]<stdout>:Epoch: [8]  [ 80/104]  eta: 0:00:18  loss: 0.9081 (0.9218)  time: 0.7476 (0.6919 -- 0.7950)  data: 0.0004 (0.0001 -- 0.0011)  max mem: 37583
[1,0]<stdout>:Epoch: [8]  [100/104]  eta: 0:00:03  loss: 0.9071 (0.9184)  time: 0.7238 (0.6481 -- 0.8072)  data: 0.0004 (0.0001 -- 0.0011)  max mem: 37583
[1,0]<stdout>:Epoch: [8]  [103/104]  eta: 0:00:00  loss: 0.9021 (0.9176)  time: 0.7096 (0.6402 -- 0.8072)  data: 0.0003 (0.0001 -- 0.0010)  max mem: 37583
[1,0]<stdout>:Epoch: [8] Total time: 0:01:19 (0.7683 s / it)
[1,0]<stdout>:Averaged stats: [1,0]<stdout>:loss: 0.9021 (0.9171)
[1,0]<stdout>:Epoch: [9]  [  0/104]  eta: 0:07:09  loss: 0.9178 (0.9178)  time: 4.1265 (4.1265 -- 4.1265)  data: 2.4115 (2.4115 -- 2.4115)  max mem: 37583[1,0]<stdout>:
[1,0]<stdout>:Epoch: [9]  [ 20/104]  eta: 0:01:15  loss: 0.8873 (0.8896)  time: 0.7410 (0.6771 -- 0.8336)  data: 0.0006 (0.0002 -- 0.0014)  max mem: 37583
[1,0]<stdout>:Epoch: [9]  [ 40/104]  eta: 0:00:52  loss: 0.8910 (0.8882)  time: 0.7391 (0.6870 -- 0.8088)  data: 0.0005 (0.0001 -- 0.0015)  max mem: 37583
[1,0]<stdout>:Epoch: [9]  [ 60/104]  eta: 0:00:34  loss: 0.8812 (0.8860)  time: 0.7391 (0.6990 -- 0.8047)  data: 0.0005 (0.0001 -- 0.0020)  max mem: 37583
[1,0]<stdout>:Epoch: [9]  [ 80/104]  eta: 0:00:18  loss: 0.8772 (0.8840)  time: 0.7454 (0.6824 -- 0.8643)  data: 0.0004 (0.0001 -- 0.0010)  max mem: 37583
[1,0]<stdout>:Epoch: [9]  [100/104]  eta: 0:00:03  loss: 0.8808 (0.8832)  time: 0.7223 (0.6296 -- 0.8292)  data: 0.0004 (0.0001 -- 0.0011)  max mem: 37583
[1,0]<stdout>:Epoch: [9]  [103/104]  eta: 0:00:00  loss: 0.8802 (0.8832)  time: 0.7065 (0.6296 -- 0.7644)  data: 0.0004 (0.0001 -- 0.0011)  max mem: 37583
[1,0]<stdout>:Epoch: [9] Total time: 0:01:19 (0.7677 s / it)
[1,0]<stdout>:Averaged stats: [1,0]<stdout>:loss: 0.8802 (0.8840)
[1,0]<stdout>:Epoch: [10]  [  0/104]  eta: 0:07:10  loss: 0.8925 (0.8925)  time: 4.1349 (4.1349 -- 4.1349)  data: 2.1574 (2.1574 -- 2.1574)  max mem: 37583
[1,0]<stdout>:Epoch: [10]  [ 20/104]  eta: 0:01:15  loss: 0.8732 (0.8793)  time: 0.7429 (0.6952 -- 0.8565)  data: 0.0004 (0.0001 -- 0.0014)  max mem: 37583
[1,0]<stdout>:Epoch: [10]  [ 40/104]  eta: 0:00:52  loss: 0.8731 (0.8768)  time: 0.7349 (0.6946 -- 0.8197)  data: 0.0005 (0.0001 -- 0.0010)  max mem: 37583
[1,0]<stdout>:Epoch: [10]  [ 60/104]  eta: 0:00:35  loss: 0.8718 (0.8762)  time: 0.7447 (0.6974 -- 0.8064)  data: 0.0004 (0.0002 -- 0.0009)  max mem: 37583
[1,0]<stdout>:Epoch: [10]  [ 80/104]  eta: 0:00:18  loss: 0.8729 (0.8753)  time: 0.7494 (0.6833 -- 0.7999)  data: 0.0004 (0.0001 -- 0.0014)  max mem: 37583
[1,0]<stdout>:Epoch: [10]  [100/104]  eta: 0:00:03  loss: 0.8770 (0.8753)  time: 0.7313 (0.6685 -- 0.7908)  data: 0.0004 (0.0001 -- 0.0011)  max mem: 37583
[1,0]<stdout>:Epoch: [10]  [103/104]  eta: 0:00:00  loss: 0.8805 (0.8755)  time: 0.7158 (0.6360 -- 0.7908)  data: 0.0004 (0.0001 -- 0.0011)  max mem: 37583
[1,0]<stdout>:Epoch: [10] Total time: 0:01:20 (0.7707 s / it)
[1,0]<stdout>:Averaged stats: [1,0]<stdout>:loss: 0.8805 (0.8730)
[1,0]<stdout>:TEST...   [ 0/20]  eta: 0:00:50  loss: 0.8808 (0.8808)  time: 2.5492 (2.5492 -- 2.5492)  data: 2.4142 (2.4142 -- 2.4142)  max mem: 37583
[1,0]<stdout>:TEST...   [19/20]  eta: 0:00:00  loss: 0.8744 (0.8707)  time: 0.5912 (0.0736 -- 2.5492)  data: 0.4678 (0.0000 -- 2.4142)  max mem: 37583
[1,0]<stdout>:TEST...  Total time: 0:00:11 (0.5913 s / it)
[1,0]<stdout>:Averaged stats: [1,0]<stdout>:loss: 0.8744 (0.8678)
[1,0]<stdout>:Epoch: [11]  [  0/104]  eta: 0:07:06  loss: 0.8796 (0.8796)  time: 4.0979 (4.0979 -- 4.0979)  data: 2.2851 (2.2851 -- 2.2851)  max mem: 37583[1,0]<stdout>:
[1,0]<stdout>:Epoch: [11]  [ 20/104]  eta: 0:01:18  loss: 0.8733 (0.8737)  time: 0.7702 (0.7187 -- 0.8794)  data: 0.0004 (0.0002 -- 0.0010)  max mem: 37583
[1,0]<stdout>:Epoch: [11]  [ 40/104]  eta: 0:00:54  loss: 0.8722 (0.8715)  time: 0.7694 (0.7078 -- 0.8543)  data: 0.0005 (0.0001 -- 0.0013)  max mem: 37583
[1,0]<stdout>:Epoch: [11]  [ 60/104]  eta: 0:00:36  loss: 0.8688 (0.8708)  time: 0.7719 (0.7000 -- 0.8720)  data: 0.0004 (0.0001 -- 0.0009)  max mem: 37583
[1,0]<stdout>:Epoch: [11]  [ 80/104]  eta: 0:00:19  loss: 0.8589 (0.8685)  time: 0.7523 (0.6885 -- 0.8106)  data: 0.0005 (0.0001 -- 0.0010)  max mem: 37583
[1,0]<stdout>:Epoch: [11]  [100/104]  eta: 0:00:03  loss: 0.8511 (0.8649)  time: 0.7451 (0.6420 -- 0.8329)  data: 0.0003 (0.0001 -- 0.0009)  max mem: 37583
[1,0]<stdout>:Epoch: [11]  [103/104]  eta: 0:00:00  loss: 0.8511 (0.8645)  time: 0.7292 (0.6420 -- 0.8329)  data: 0.0003 (0.0001 -- 0.0006)  max mem: 37583
[1,0]<stdout>:Epoch: [11] Total time: 0:01:22 (0.7914 s / it)
[1,0]<stdout>:Averaged stats: [1,0]<stdout>:loss: 0.8511 (0.8645)
[1,0]<stdout>:Epoch: [12]  [  0/104]  eta: 0:07:11  loss: 0.8685 (0.8685)  time: 4.1479 (4.1479 -- 4.1479)  data: 2.1892 (2.1892 -- 2.1892)  max mem: 37583[1,0]<stdout>:
[1,0]<stdout>:Epoch: [12]  [ 20/104]  eta: 0:01:17  loss: 0.8612 (0.8621)  time: 0.7579 (0.6994 -- 0.8992)  data: 0.0005 (0.0002 -- 0.0015)  max mem: 37583
[1,0]<stdout>:Epoch: [12]  [ 40/104]  eta: 0:00:53  loss: 0.8607 (0.8602)  time: 0.7579 (0.6890 -- 0.8247)  data: 0.0006 (0.0001 -- 0.0014)  max mem: 37583
[1,0]<stdout>:Epoch: [12]  [ 60/104]  eta: 0:00:35  loss: 0.8517 (0.8587)  time: 0.7500 (0.6981 -- 0.7905)  data: 0.0004 (0.0001 -- 0.0013)  max mem: 37583
[1,0]<stdout>:Epoch: [12]  [ 80/104]  eta: 0:00:19  loss: 0.8431 (0.8560)  time: 0.7382 (0.6822 -- 0.7782)  data: 0.0004 (0.0001 -- 0.0010)  max mem: 37583
[1,0]<stdout>:Epoch: [12]  [100/104]  eta: 0:00:03  loss: 0.8391 (0.8531)  time: 0.7067 (0.6324 -- 0.7835)  data: 0.0004 (0.0001 -- 0.0011)  max mem: 37583
[1,0]<stdout>:Epoch: [12]  [103/104]  eta: 0:00:00  loss: 0.8391 (0.8529)  time: 0.6952 (0.6324 -- 0.7835)  data: 0.0004 (0.0001 -- 0.0011)  max mem: 37583
[1,0]<stdout>:Epoch: [12] Total time: 0:01:20 (0.7719 s / it)
[1,0]<stdout>:Averaged stats: [1,0]<stdout>:loss: 0.8391 (0.8520)
[1,0]<stdout>:Epoch: [13]  [  0/104]  eta: 0:07:36  loss: 0.8405 (0.8405)  time: 4.3869 (4.3869 -- 4.3869)  data: 2.2918 (2.2918 -- 2.2918)  max mem: 37583[1,0]<stdout>:
[1,0]<stdout>:Epoch: [13]  [ 20/104]  eta: 0:01:15  loss: 0.8304 (0.8340)  time: 0.7293 (0.6665 -- 0.9915)  data: 0.0003 (0.0001 -- 0.0008)  max mem: 37583
[1,0]<stdout>:Epoch: [13]  [ 40/104]  eta: 0:00:52  loss: 0.8367 (0.8334)  time: 0.7425 (0.6869 -- 0.7941)  data: 0.0006 (0.0001 -- 0.0012)  max mem: 37583
[1,0]<stdout>:Epoch: [13]  [ 60/104]  eta: 0:00:35  loss: 0.8379 (0.8357)  time: 0.7442 (0.6798 -- 0.8311)  data: 0.0005 (0.0002 -- 0.0009)  max mem: 37583
[1,0]<stdout>:Epoch: [13]  [ 80/104]  eta: 0:00:18  loss: 0.8424 (0.8365)  time: 0.7399 (0.6815 -- 0.8182)  data: 0.0005 (0.0001 -- 0.0009)  max mem: 37583
[1,0]<stdout>:Epoch: [13]  [100/104]  eta: 0:00:03  loss: 0.8432 (0.8383)  time: 0.7225 (0.6311 -- 0.7894)  data: 0.0004 (0.0001 -- 0.0010)  max mem: 37583
[1,0]<stdout>:Epoch: [13]  [103/104]  eta: 0:00:00  loss: 0.8432 (0.8382)  time: 0.7090 (0.6311 -- 0.7894)  data: 0.0004 (0.0001 -- 0.0009)  max mem: 37583
[1,0]<stdout>:Epoch: [13] Total time: 0:01:19 (0.7682 s / it)
[1,0]<stdout>:Averaged stats: [1,0]<stdout>:loss: 0.8432 (0.8406)
[1,0]<stdout>:Epoch: [14]  [  0/104]  eta: 0:07:14  loss: 0.8335 (0.8335)  time: 4.1780 (4.1780 -- 4.1780)  data: 2.2990 (2.2990 -- 2.2990)  max mem: 37583[1,0]<stdout>:
[1,0]<stdout>:Epoch: [14]  [ 20/104]  eta: 0:01:16  loss: 0.8323 (0.8332)  time: 0.7424 (0.6705 -- 0.8831)  data: 0.0004 (0.0002 -- 0.0023)  max mem: 37583
[1,0]<stdout>:Epoch: [14]  [ 40/104]  eta: 0:00:52  loss: 0.8308 (0.8331)  time: 0.7362 (0.6974 -- 0.8003)  data: 0.0005 (0.0001 -- 0.0011)  max mem: 37583
[1,0]<stdout>:Epoch: [14]  [ 60/104]  eta: 0:00:35  loss: 0.8342 (0.8337)  time: 0.7399 (0.6618 -- 0.8119)  data: 0.0005 (0.0002 -- 0.0016)  max mem: 37583
[1,0]<stdout>:Epoch: [14]  [ 80/104]  eta: 0:00:18  loss: 0.8296 (0.8322)  time: 0.7632 (0.7093 -- 0.8065)  data: 0.0004 (0.0001 -- 0.0011)  max mem: 37583
[1,0]<stdout>:Epoch: [14]  [100/104]  eta: 0:00:03  loss: 0.8239 (0.8307)  time: 0.7408 (0.6315 -- 0.8269)  data: 0.0004 (0.0001 -- 0.0010)  max mem: 37583
[1,0]<stdout>:Epoch: [14]  [103/104]  eta: 0:00:00  loss: 0.8216 (0.8305)  time: 0.7245 (0.6315 -- 0.8269)  data: 0.0003 (0.0001 -- 0.0010)  max mem: 37583
[1,0]<stdout>:Epoch: [14] Total time: 0:01:20 (0.7753 s / it)
[1,0]<stdout>:Averaged stats: [1,0]<stdout>:loss: 0.8216 (0.8300)
[1,0]<stdout>:Epoch: [15]  [  0/104]  eta: 0:07:08  loss: 0.8223 (0.8223)  time: 4.1191 (4.1191 -- 4.1191)  data: 2.0595 (2.0595 -- 2.0595)  max mem: 37583
[1,0]<stdout>:Epoch: [15]  [ 20/104]  eta: 0:01:17  loss: 0.8177 (0.8212)  time: 0.7677 (0.7070 -- 0.8592)  data: 0.0004 (0.0002 -- 0.0013)  max mem: 37583
[1,0]<stdout>:Epoch: [15]  [ 40/104]  eta: 0:00:53  loss: 0.8264 (0.8245)  time: 0.7546 (0.7094 -- 0.7978)  data: 0.0005 (0.0001 -- 0.0011)  max mem: 37583
[1,0]<stdout>:Epoch: [15]  [ 60/104]  eta: 0:00:35  loss: 0.8246 (0.8237)  time: 0.7593 (0.6891 -- 0.8492)  data: 0.0004 (0.0001 -- 0.0008)  max mem: 37583
[1,0]<stdout>:Epoch: [15]  [ 80/104]  eta: 0:00:19  loss: 0.8107 (0.8208)  time: 0.7648 (0.7109 -- 0.8323)  data: 0.0005 (0.0001 -- 0.0026)  max mem: 37583
[1,0]<stdout>:Epoch: [15]  [100/104]  eta: 0:00:03  loss: 0.8229 (0.8211)  time: 0.7139 (0.6304 -- 0.7651)  data: 0.0004 (0.0001 -- 0.0009)  max mem: 37583
[1,0]<stdout>:Epoch: [15]  [103/104]  eta: 0:00:00  loss: 0.8195 (0.8209)  time: 0.6984 (0.6304 -- 0.7651)  data: 0.0004 (0.0001 -- 0.0009)  max mem: 37583
[1,0]<stdout>:Epoch: [15] Total time: 0:01:21 (0.7812 s / it)
[1,0]<stdout>:Averaged stats: [1,0]<stdout>:loss: 0.8195 (0.8205)
[1,0]<stdout>:Epoch: [16]  [  0/104]  eta: 0:07:03  loss: 0.8387 (0.8387)  time: 4.0707 (4.0707 -- 4.0707)  data: 2.3902 (2.3902 -- 2.3902)  max mem: 37583
[1,0]<stdout>:Epoch: [16]  [ 20/104]  eta: 0:01:15  loss: 0.8159 (0.8190)  time: 0.7407 (0.6763 -- 0.9633)  data: 0.0006 (0.0002 -- 0.0010)  max mem: 37583
[1,0]<stdout>:Epoch: [16]  [ 40/104]  eta: 0:00:52  loss: 0.8083 (0.8146)  time: 0.7394 (0.6876 -- 0.8253)  data: 0.0005 (0.0001 -- 0.0012)  max mem: 37583
[1,0]<stdout>:Epoch: [16]  [ 60/104]  eta: 0:00:35  loss: 0.8083 (0.8125)  time: 0.7450 (0.6780 -- 0.8173)  data: 0.0004 (0.0001 -- 0.0010)  max mem: 37583
[1,0]<stdout>:Epoch: [16]  [ 80/104]  eta: 0:00:18  loss: 0.8129 (0.8121)  time: 0.7334 (0.6874 -- 0.7759)  data: 0.0004 (0.0002 -- 0.0009)  max mem: 37583
[1,0]<stdout>:Epoch: [16]  [100/104]  eta: 0:00:03  loss: 0.8067 (0.8107)  time: 0.7101 (0.6361 -- 0.8004)  data: 0.0004 (0.0001 -- 0.0010)  max mem: 37583
[1,0]<stdout>:Epoch: [16]  [103/104]  eta: 0:00:00  loss: 0.8028 (0.8103)  time: 0.6966 (0.6361 -- 0.8004)  data: 0.0003 (0.0001 -- 0.0008)  max mem: 37583
[1,0]<stdout>:Epoch: [16] Total time: 0:01:19 (0.7635 s / it)
[1,0]<stdout>:Averaged stats: [1,0]<stdout>:loss: 0.8028 (0.8108)
[1,0]<stdout>:Epoch: [17]  [  0/104]  eta: 0:07:03  loss: 0.8155 (0.8155)  time: 4.0738 (4.0738 -- 4.0738)  data: 2.1470 (2.1470 -- 2.1470)  max mem: 37583
[1,0]<stdout>:Epoch: [17]  [ 20/104]  eta: 0:01:15  loss: 0.8159 (0.8112)  time: 0.7462 (0.6837 -- 0.9198)  data: 0.0004 (0.0002 -- 0.0012)  max mem: 37583
[1,0]<stdout>:Epoch: [17]  [ 40/104]  eta: 0:00:52  loss: 0.7933 (0.8031)  time: 0.7370 (0.6933 -- 0.7829)  data: 0.0003 (0.0001 -- 0.0014)  max mem: 37583
[1,0]<stdout>:Epoch: [17]  [ 60/104]  eta: 0:00:34  loss: 0.7960 (0.8024)  time: 0.7292 (0.6795 -- 0.7721)  data: 0.0005 (0.0001 -- 0.0013)  max mem: 37583
[1,0]<stdout>:Epoch: [17]  [ 80/104]  eta: 0:00:18  loss: 0.8082 (0.8033)  time: 0.7363 (0.6796 -- 0.8374)  data: 0.0004 (0.0002 -- 0.0012)  max mem: 37583
[1,0]<stdout>:Epoch: [17]  [100/104]  eta: 0:00:03  loss: 0.7999 (0.8031)  time: 0.7180 (0.6304 -- 0.7712)  data: 0.0004 (0.0001 -- 0.0009)  max mem: 37583
[1,0]<stdout>:Epoch: [17]  [103/104]  eta: 0:00:00  loss: 0.7984 (0.8028)  time: 0.7031 (0.6304 -- 0.7657)  data: 0.0003 (0.0001 -- 0.0007)  max mem: 37583
[1,0]<stdout>:Epoch: [17] Total time: 0:01:19 (0.7627 s / it)
[1,0]<stdout>:Averaged stats: [1,0]<stdout>:loss: 0.7984 (0.8030)
[1,0]<stdout>:Epoch: [18]  [  0/104]  eta: 0:07:10  loss: 0.8037 (0.8037)  time: 4.1425 (4.1425 -- 4.1425)  data: 2.3602 (2.3602 -- 2.3602)  max mem: 37583[1,0]<stdout>:
[1,0]<stdout>:Epoch: [18]  [ 20/104]  eta: 0:01:15  loss: 0.7870 (0.7887)  time: 0.7378 (0.6796 -- 0.8950)  data: 0.0006 (0.0002 -- 0.0013)  max mem: 37583
[1,0]<stdout>:Epoch: [18]  [ 40/104]  eta: 0:00:52  loss: 0.7977 (0.7931)  time: 0.7398 (0.6746 -- 0.7956)  data: 0.0004 (0.0001 -- 0.0014)  max mem: 37583
[1,0]<stdout>:Epoch: [18]  [ 60/104]  eta: 0:00:35  loss: 0.7968 (0.7933)  time: 0.7466 (0.6893 -- 0.8076)  data: 0.0005 (0.0002 -- 0.0013)  max mem: 37583
[1,0]<stdout>:Epoch: [18]  [ 80/104]  eta: 0:00:18  loss: 0.7938 (0.7930)  time: 0.7396 (0.7081 -- 0.7873)  data: 0.0004 (0.0001 -- 0.0011)  max mem: 37583
[1,0]<stdout>:Epoch: [18]  [100/104]  eta: 0:00:03  loss: 0.7948 (0.7933)  time: 0.7285 (0.6358 -- 0.7762)  data: 0.0003 (0.0001 -- 0.0008)  max mem: 37583
[1,0]<stdout>:Epoch: [18]  [103/104]  eta: 0:00:00  loss: 0.7935 (0.7933)  time: 0.7131 (0.6358 -- 0.7762)  data: 0.0003 (0.0001 -- 0.0008)  max mem: 37583
[1,0]<stdout>:Epoch: [18] Total time: 0:01:19 (0.7686 s / it)
[1,0]<stdout>:Averaged stats: [1,0]<stdout>:loss: 0.7935 (0.7958)
[1,0]<stdout>:Epoch: [19]  [  0/104]  eta: 0:07:21  loss: 0.8082 (0.8082)  time: 4.2432 (4.2432 -- 4.2432)  data: 2.3846 (2.3846 -- 2.3846)  max mem: 37583
[1,0]<stdout>:Epoch: [19]  [ 20/104]  eta: 0:01:15  loss: 0.7883 (0.7950)  time: 0.7281 (0.6462 -- 1.0079)  data: 0.0011 (0.0001 -- 0.0127)  max mem: 37583
[1,0]<stdout>:Epoch: [19]  [ 40/104]  eta: 0:00:52  loss: 0.7950 (0.7934)  time: 0.7399 (0.6923 -- 0.7805)  data: 0.0004 (0.0001 -- 0.0010)  max mem: 37583
[1,0]<stdout>:Epoch: [19]  [ 60/104]  eta: 0:00:34  loss: 0.7803 (0.7911)  time: 0.7387 (0.6860 -- 0.7859)  data: 0.0005 (0.0001 -- 0.0014)  max mem: 37583
[1,0]<stdout>:Epoch: [19]  [ 80/104]  eta: 0:00:18  loss: 0.7967 (0.7916)  time: 0.7530 (0.7007 -- 0.8716)  data: 0.0004 (0.0001 -- 0.0010)  max mem: 37583
[1,0]<stdout>:Epoch: [19]  [100/104]  eta: 0:00:03  loss: 0.7961 (0.7917)  time: 0.7270 (0.6357 -- 0.8302)  data: 0.0004 (0.0001 -- 0.0014)  max mem: 37583
[1,0]<stdout>:Epoch: [19]  [103/104]  eta: 0:00:00  loss: 0.7927 (0.7911)  time: 0.7107 (0.6357 -- 0.8302)  data: 0.0004 (0.0001 -- 0.0014)  max mem: 37583
[1,0]<stdout>:Epoch: [19] Total time: 0:01:19 (0.7687 s / it)
[1,0]<stdout>:Averaged stats: [1,0]<stdout>:loss: 0.7927 (0.7891)
[1,0]<stdout>:Epoch: [20]  [  0/104]  eta: 0:07:09  loss: 0.7960 (0.7960)  time: 4.1273 (4.1273 -- 4.1273)  data: 2.1566 (2.1566 -- 2.1566)  max mem: 37583
[1,0]<stdout>:Epoch: [20]  [ 20/104]  eta: 0:01:18  loss: 0.7946 (0.7916)  time: 0.7756 (0.6845 -- 0.9438)  data: 0.0005 (0.0001 -- 0.0015)  max mem: 37583
[1,0]<stdout>:Epoch: [20]  [ 40/104]  eta: 0:00:54  loss: 0.7843 (0.7875)  time: 0.7751 (0.6785 -- 0.8457)  data: 0.0004 (0.0001 -- 0.0010)  max mem: 37583
[1,0]<stdout>:Epoch: [20]  [ 60/104]  eta: 0:00:36  loss: 0.7755 (0.7827)  time: 0.7881 (0.7010 -- 0.9119)  data: 0.0005 (0.0001 -- 0.0009)  max mem: 37583
[1,0]<stdout>:Epoch: [20]  [ 80/104]  eta: 0:00:19  loss: 0.7791 (0.7815)  time: 0.7645 (0.7201 -- 0.8611)  data: 0.0005 (0.0001 -- 0.0011)  max mem: 37583
[1,0]<stdout>:Epoch: [20]  [100/104]  eta: 0:00:03  loss: 0.7732 (0.7801)  time: 0.7923 (0.6951 -- 0.8880)  data: 0.0004 (0.0001 -- 0.0011)  max mem: 37583
[1,0]<stdout>:Epoch: [20]  [103/104]  eta: 0:00:00  loss: 0.7715 (0.7798)  time: 0.7865 (0.6951 -- 0.8880)  data: 0.0003 (0.0001 -- 0.0009)  max mem: 37583
[1,0]<stdout>:Epoch: [20] Total time: 0:01:24 (0.8105 s / it)
[1,0]<stdout>:Averaged stats: [1,0]<stdout>:loss: 0.7715 (0.7829)[1,0]<stdout>:
[1,0]<stdout>:TEST...   [ 0/20]  eta: 0:00:56  loss: 0.7787 (0.7787)  time: 2.8331 (2.8331 -- 2.8331)  data: 2.6990 (2.6990 -- 2.6990)  max mem: 37583[1,0]<stdout>:
[1,0]<stdout>:TEST...   [19/20]  eta: 0:00:00  loss: 0.7787 (0.7789)  time: 0.5964 (0.0737 -- 2.8331)  data: 0.4723 (0.0000 -- 2.6990)  max mem: 37583
[1,0]<stdout>:TEST...  Total time: 0:00:11 (0.5965 s / it)
[1,0]<stdout>:Averaged stats: loss: 0.7787 (0.7758)
[1,0]<stdout>:[CKPT] Saved improved checkpoint: /leonardo/home/userexternal/ddarmien/Demetra/moduli/videomae/output/checkpoint-20.pth (test_loss 0.775783, prev 0.8678240523673594)
[1,0]<stdout>:Epoch: [21]  [  0/104]  eta: 0:04:48  loss: 0.7397 (0.7397)  time: 2.7727 (2.7727 -- 2.7727)  data: 2.0591 (2.0591 -- 2.0591)  max mem: 37583
[1,0]<stdout>:Epoch: [21]  [ 20/104]  eta: 0:01:17  loss: 0.7739 (0.7768)  time: 0.8287 (0.6972 -- 0.9975)  data: 0.0004 (0.0001 -- 0.0009)  max mem: 37583
[1,0]<stdout>:Epoch: [21]  [ 40/104]  eta: 0:00:55  loss: 0.7796 (0.7773)  time: 0.8143 (0.7213 -- 0.9014)  data: 0.0005 (0.0001 -- 0.0013)  max mem: 37583
[1,0]<stdout>:Epoch: [21]  [ 60/104]  eta: 0:00:37  loss: 0.7683 (0.7759)  time: 0.8266 (0.7110 -- 0.8901)  data: 0.0005 (0.0002 -- 0.0014)  max mem: 37583
[1,0]<stdout>:Epoch: [21]  [ 80/104]  eta: 0:00:20  loss: 0.7761 (0.7757)  time: 0.8115 (0.7034 -- 0.8851)  data: 0.0006 (0.0002 -- 0.0013)  max mem: 37583
[1,0]<stdout>:Epoch: [21]  [100/104]  eta: 0:00:03  loss: 0.7672 (0.7752)  time: 0.8063 (0.6652 -- 1.0063)  data: 0.0004 (0.0001 -- 0.0013)  max mem: 37583
[1,0]<stdout>:Epoch: [21]  [103/104]  eta: 0:00:00  loss: 0.7725 (0.7748)  time: 0.8045 (0.6652 -- 1.0063)  data: 0.0004 (0.0001 -- 0.0013)  max mem: 37583
[1,0]<stdout>:Epoch: [21] Total time: 0:01:26 (0.8350 s / it)
[1,0]<stdout>:Averaged stats: [1,0]<stdout>:loss: 0.7725 (0.7764)
[1,0]<stdout>:Epoch: [22]  [  0/104]  eta: 0:07:20  loss: 0.7615 (0.7615)  time: 4.2394 (4.2394 -- 4.2394)  data: 2.1581 (2.1581 -- 2.1581)  max mem: 37583[1,0]<stdout>:
[1,0]<stdout>:Epoch: [22]  [ 20/104]  eta: 0:01:24  loss: 0.7685 (0.7692)  time: 0.8427 (0.6891 -- 1.1074)  data: 0.0005 (0.0001 -- 0.0010)  max mem: 37583
[1,0]<stdout>:Epoch: [22]  [ 40/104]  eta: 0:00:58  loss: 0.7784 (0.7736)  time: 0.8254 (0.6798 -- 0.9403)  data: 0.0006 (0.0001 -- 0.0013)  max mem: 37583
[1,0]<stdout>:Epoch: [22]  [ 60/104]  eta: 0:00:38  loss: 0.7683 (0.7725)  time: 0.7929 (0.6935 -- 0.8957)  data: 0.0005 (0.0001 -- 0.0013)  max mem: 37583
[1,0]<stdout>:Epoch: [22]  [ 80/104]  eta: 0:00:20  loss: 0.7731 (0.7727)  time: 0.7512 (0.7076 -- 0.8303)  data: 0.0005 (0.0001 -- 0.0009)  max mem: 37583
[1,0]<stdout>:Epoch: [22]  [100/104]  eta: 0:00:03  loss: 0.7635 (0.7717)  time: 0.7214 (0.6572 -- 0.7747)  data: 0.0005 (0.0001 -- 0.0013)  max mem: 37583
[1,0]<stdout>:Epoch: [22]  [103/104]  eta: 0:00:00  loss: 0.7635 (0.7718)  time: 0.7094 (0.6484 -- 0.7747)  data: 0.0004 (0.0001 -- 0.0009)  max mem: 37583
[1,0]<stdout>:Epoch: [22] Total time: 0:01:24 (0.8161 s / it)
[1,0]<stdout>:Averaged stats: [1,0]<stdout>:loss: 0.7635 (0.7706)
[1,0]<stdout>:Epoch: [23]  [  0/104]  eta: 0:07:03  loss: 0.7657 (0.7657)  time: 4.0753 (4.0753 -- 4.0753)  data: 2.0152 (2.0152 -- 2.0152)  max mem: 37583
[1,0]<stdout>:Epoch: [23]  [ 20/104]  eta: 0:01:15  loss: 0.7681 (0.7681)  time: 0.7352 (0.6795 -- 0.8956)  data: 0.0005 (0.0002 -- 0.0013)  max mem: 37583
[1,0]<stdout>:Epoch: [23]  [ 40/104]  eta: 0:00:52  loss: 0.7515 (0.7628)  time: 0.7365 (0.6696 -- 0.7804)  data: 0.0005 (0.0001 -- 0.0009)  max mem: 37583
[1,0]<stdout>:Epoch: [23]  [ 60/104]  eta: 0:00:34  loss: 0.7678 (0.7638)  time: 0.7321 (0.6480 -- 0.7882)  data: 0.0004 (0.0001 -- 0.0010)  max mem: 37583
[1,0]<stdout>:Epoch: [23]  [ 80/104]  eta: 0:00:18  loss: 0.7668 (0.7649)  time: 0.7271 (0.6616 -- 0.8066)  data: 0.0005 (0.0001 -- 0.0014)  max mem: 37583
[1,0]<stdout>:Epoch: [23]  [100/104]  eta: 0:00:03  loss: 0.7667 (0.7647)  time: 0.6924 (0.6354 -- 0.8079)  data: 0.0005 (0.0002 -- 0.0009)  max mem: 37583
[1,0]<stdout>:Epoch: [23]  [103/104]  eta: 0:00:00  loss: 0.7584 (0.7647)  time: 0.6859 (0.6299 -- 0.8079)  data: 0.0005 (0.0001 -- 0.0009)  max mem: 37583
[1,0]<stdout>:Epoch: [23] Total time: 0:01:18 (0.7545 s / it)
[1,0]<stdout>:Averaged stats: [1,0]<stdout>:loss: 0.7584 (0.7659)
[1,0]<stdout>:Epoch: [24]  [  0/104]  eta: 0:07:21  loss: 0.7513 (0.7513)  time: 4.2442 (4.2442 -- 4.2442)  data: 2.0891 (2.0891 -- 2.0891)  max mem: 37583[1,0]<stdout>:
[1,0]<stdout>:Epoch: [24]  [ 20/104]  eta: 0:01:16  loss: 0.7629 (0.7639)  time: 0.7409 (0.6768 -- 0.8723)  data: 0.0004 (0.0002 -- 0.0009)  max mem: 37583
[1,0]<stdout>:Epoch: [24]  [ 40/104]  eta: 0:00:52  loss: 0.7635 (0.7639)  time: 0.7380 (0.6801 -- 0.8216)  data: 0.0005 (0.0001 -- 0.0014)  max mem: 37583
[1,0]<stdout>:Epoch: [24]  [ 60/104]  eta: 0:00:34  loss: 0.7513 (0.7600)  time: 0.7345 (0.6751 -- 0.7962)  data: 0.0005 (0.0002 -- 0.0016)  max mem: 37583
[1,0]<stdout>:Epoch: [24]  [ 80/104]  eta: 0:00:18  loss: 0.7601 (0.7596)  time: 0.7433 (0.6910 -- 0.7784)  data: 0.0006 (0.0001 -- 0.0012)  max mem: 37583
[1,0]<stdout>:Epoch: [24]  [100/104]  eta: 0:00:03  loss: 0.7648 (0.7605)  time: 0.7143 (0.6348 -- 0.7742)  data: 0.0004 (0.0001 -- 0.0009)  max mem: 37583
[1,0]<stdout>:Epoch: [24]  [103/104]  eta: 0:00:00  loss: 0.7648 (0.7604)  time: 0.7072 (0.6348 -- 0.7742)  data: 0.0004 (0.0001 -- 0.0009)  max mem: 37583
[1,0]<stdout>:Epoch: [24] Total time: 0:01:19 (0.7661 s / it)
[1,0]<stdout>:Averaged stats: [1,0]<stdout>:loss: 0.7648 (0.7614)
[1,0]<stdout>:Epoch: [25]  [  0/104]  eta: 0:07:05  loss: 0.7545 (0.7545)  time: 4.0956 (4.0956 -- 4.0956)  data: 2.4298 (2.4298 -- 2.4298)  max mem: 37583
[1,0]<stdout>:Epoch: [25]  [ 20/104]  eta: 0:01:14  loss: 0.7553 (0.7559)  time: 0.7306 (0.6756 -- 0.9922)  data: 0.0004 (0.0002 -- 0.0009)  max mem: 37583
[1,0]<stdout>:Epoch: [25]  [ 40/104]  eta: 0:00:52  loss: 0.7574 (0.7576)  time: 0.7444 (0.6966 -- 0.7956)  data: 0.0005 (0.0001 -- 0.0010)  max mem: 37583
[1,0]<stdout>:Epoch: [25]  [ 60/104]  eta: 0:00:34  loss: 0.7601 (0.7578)  time: 0.7351 (0.6878 -- 0.7808)  data: 0.0005 (0.0001 -- 0.0011)  max mem: 37583
[1,0]<stdout>:Epoch: [25]  [ 80/104]  eta: 0:00:18  loss: 0.7594 (0.7584)  time: 0.7460 (0.6918 -- 0.7871)  data: 0.0005 (0.0002 -- 0.0010)  max mem: 37583
[1,0]<stdout>:Epoch: [25]  [100/104]  eta: 0:00:03  loss: 0.7564 (0.7578)  time: 0.7227 (0.6389 -- 0.8291)  data: 0.0005 (0.0001 -- 0.0013)  max mem: 37583
[1,0]<stdout>:Epoch: [25]  [103/104]  eta: 0:00:00  loss: 0.7564 (0.7576)  time: 0.7099 (0.6389 -- 0.8291)  data: 0.0005 (0.0001 -- 0.0013)  max mem: 37583
[1,0]<stdout>:Epoch: [25] Total time: 0:01:19 (0.7661 s / it)
[1,0]<stdout>:Averaged stats: [1,0]<stdout>:loss: 0.7564 (0.7569)
[1,0]<stdout>:Epoch: [26]  [  0/104]  eta: 0:07:16  loss: 0.7453 (0.7453)  time: 4.1926 (4.1926 -- 4.1926)  data: 2.1659 (2.1659 -- 2.1659)  max mem: 37583
[1,0]<stdout>:Epoch: [26]  [ 20/104]  eta: 0:01:16  loss: 0.7564 (0.7547)  time: 0.7505 (0.6907 -- 0.9024)  data: 0.0005 (0.0002 -- 0.0011)  max mem: 37583
[1,0]<stdout>:Epoch: [26]  [ 40/104]  eta: 0:00:53  loss: 0.7590 (0.7556)  time: 0.7466 (0.6958 -- 0.8095)  data: 0.0005 (0.0002 -- 0.0012)  max mem: 37583
[1,0]<stdout>:Epoch: [26]  [ 60/104]  eta: 0:00:35  loss: 0.7447 (0.7532)  time: 0.7509 (0.7010 -- 0.8224)  data: 0.0005 (0.0001 -- 0.0011)  max mem: 37583
[1,0]<stdout>:Epoch: [26]  [ 80/104]  eta: 0:00:18  loss: 0.7516 (0.7535)  time: 0.7483 (0.7021 -- 0.7949)  data: 0.0005 (0.0001 -- 0.0009)  max mem: 37583
[1,0]<stdout>:Epoch: [26]  [100/104]  eta: 0:00:03  loss: 0.7505 (0.7527)  time: 0.7529 (0.6354 -- 1.4860)  data: 0.0005 (0.0001 -- 0.0010)  max mem: 37583
[1,0]<stdout>:Epoch: [26]  [103/104]  eta: 0:00:00  loss: 0.7516 (0.7526)  time: 0.7382 (0.6354 -- 1.4860)  data: 0.0004 (0.0001 -- 0.0010)  max mem: 37583
[1,0]<stdout>:Epoch: [26] Total time: 0:01:21 (0.7804 s / it)
[1,0]<stdout>:Averaged stats: [1,0]<stdout>:loss: 0.7516 (0.7524)
[1,0]<stdout>:Epoch: [27]  [  0/104]  eta: 0:07:09  loss: 0.7666 (0.7666)  time: 4.1341 (4.1341 -- 4.1341)  data: 2.4034 (2.4034 -- 2.4034)  max mem: 37583[1,0]<stdout>:
[1,0]<stdout>:Epoch: [27]  [ 20/104]  eta: 0:01:15  loss: 0.7578 (0.7571)  time: 0.7311 (0.6762 -- 0.8273)  data: 0.0005 (0.0002 -- 0.0010)  max mem: 37583
[1,0]<stdout>:Epoch: [27]  [ 40/104]  eta: 0:00:52  loss: 0.7488 (0.7538)  time: 0.7333 (0.6654 -- 0.8540)  data: 0.0005 (0.0002 -- 0.0010)  max mem: 37583
[1,0]<stdout>:Epoch: [27]  [ 60/104]  eta: 0:00:34  loss: 0.7469 (0.7521)  time: 0.7346 (0.6618 -- 0.7830)  data: 0.0005 (0.0002 -- 0.0007)  max mem: 37583
[1,0]<stdout>:Epoch: [27]  [ 80/104]  eta: 0:00:18  loss: 0.7325 (0.7489)  time: 0.7514 (0.7004 -- 0.8258)  data: 0.0005 (0.0001 -- 0.0014)  max mem: 37583
[1,0]<stdout>:Epoch: [27]  [100/104]  eta: 0:00:03  loss: 0.7459 (0.7488)  time: 0.7198 (0.6400 -- 0.7816)  data: 0.0005 (0.0002 -- 0.0014)  max mem: 37583
[1,0]<stdout>:Epoch: [27]  [103/104]  eta: 0:00:00  loss: 0.7449 (0.7484)  time: 0.7051 (0.6296 -- 0.7816)  data: 0.0005 (0.0001 -- 0.0014)  max mem: 37583
[1,0]<stdout>:Epoch: [27] Total time: 0:01:19 (0.7639 s / it)
[1,0]<stdout>:Averaged stats: loss: 0.7449 (0.7486)
[1,0]<stdout>:Epoch: [28]  [  0/104]  eta: 0:07:11  loss: 0.7432 (0.7432)  time: 4.1488 (4.1488 -- 4.1488)  data: 2.2576 (2.2576 -- 2.2576)  max mem: 37583[1,0]<stdout>:
[1,0]<stdout>:Epoch: [28]  [ 20/104]  eta: 0:01:15  loss: 0.7477 (0.7501)  time: 0.7381 (0.6693 -- 0.8352)  data: 0.0006 (0.0001 -- 0.0013)  max mem: 37583
[1,0]<stdout>:Epoch: [28]  [ 40/104]  eta: 0:00:52  loss: 0.7486 (0.7502)  time: 0.7350 (0.6893 -- 0.7897)  data: 0.0007 (0.0002 -- 0.0014)  max mem: 37583
[1,0]<stdout>:Epoch: [28]  [ 60/104]  eta: 0:00:34  loss: 0.7465 (0.7495)  time: 0.7377 (0.6683 -- 0.8157)  data: 0.0005 (0.0001 -- 0.0013)  max mem: 37583
[1,0]<stdout>:Epoch: [28]  [ 80/104]  eta: 0:00:18  loss: 0.7439 (0.7492)  time: 0.7624 (0.6550 -- 1.4877)  data: 0.0007 (0.0001 -- 0.0014)  max mem: 37583
[1,0]<stdout>:Epoch: [28]  [100/104]  eta: 0:00:03  loss: 0.7442 (0.7483)  time: 0.7475 (0.6349 -- 1.4990)  data: 0.0006 (0.0001 -- 0.0013)  max mem: 37583
[1,0]<stdout>:Epoch: [28]  [103/104]  eta: 0:00:00  loss: 0.7438 (0.7478)  time: 0.7611 (0.6349 -- 1.4990)  data: 0.0005 (0.0001 -- 0.0013)  max mem: 37583
[1,0]<stdout>:Epoch: [28] Total time: 0:01:21 (0.7797 s / it)
[1,0]<stdout>:Averaged stats: [1,0]<stdout>:loss: 0.7438 (0.7449)
[1,0]<stdout>:Epoch: [29]  [  0/104]  eta: 0:07:13  loss: 0.7600 (0.7600)  time: 4.1688 (4.1688 -- 4.1688)  data: 2.0236 (2.0236 -- 2.0236)  max mem: 37583
[1,0]<stdout>:Epoch: [29]  [ 20/104]  eta: 0:01:15  loss: 0.7420 (0.7445)  time: 0.7292 (0.6790 -- 0.8036)  data: 0.0005 (0.0001 -- 0.0010)  max mem: 37583
[1,0]<stdout>:Epoch: [29]  [ 40/104]  eta: 0:00:52  loss: 0.7411 (0.7446)  time: 0.7529 (0.6888 -- 0.8231)  data: 0.0006 (0.0001 -- 0.0010)  max mem: 37583
[1,0]<stdout>:Epoch: [29]  [ 60/104]  eta: 0:00:35  loss: 0.7407 (0.7435)  time: 0.7413 (0.6653 -- 0.7835)  data: 0.0005 (0.0001 -- 0.0013)  max mem: 37583
[1,0]<stdout>:Epoch: [29]  [ 80/104]  eta: 0:00:19  loss: 0.7463 (0.7443)  time: 0.8160 (0.6917 -- 1.5101)  data: 0.0006 (0.0001 -- 0.0014)  max mem: 37583
[1,0]<stdout>:Epoch: [29]  [100/104]  eta: 0:00:03  loss: 0.7438 (0.7439)  time: 0.7713 (0.6528 -- 1.5170)  data: 0.0005 (0.0001 -- 0.0009)  max mem: 37583
[1,0]<stdout>:Epoch: [29]  [103/104]  eta: 0:00:00  loss: 0.7438 (0.7436)  time: 0.7956 (0.6424 -- 1.5170)  data: 0.0004 (0.0001 -- 0.0009)  max mem: 37583
[1,0]<stdout>:Epoch: [29] Total time: 0:01:22 (0.7975 s / it)
[1,0]<stdout>:Averaged stats: [1,0]<stdout>:loss: 0.7438 (0.7419)
[1,0]<stdout>:Epoch: [30]  [  0/104]  eta: 0:07:05  loss: 0.7508 (0.7508)  time: 4.0891 (4.0891 -- 4.0891)  data: 2.3895 (2.3895 -- 2.3895)  max mem: 37583[1,0]<stdout>:
[1,0]<stdout>:Epoch: [30]  [ 20/104]  eta: 0:01:15  loss: 0.7421 (0.7416)  time: 0.7363 (0.6736 -- 0.8855)  data: 0.0006 (0.0003 -- 0.0016)  max mem: 37583
[1,0]<stdout>:Epoch: [30]  [ 40/104]  eta: 0:00:52  loss: 0.7375 (0.7405)  time: 0.7385 (0.6752 -- 0.7925)  data: 0.0007 (0.0002 -- 0.0014)  max mem: 37583
[1,0]<stdout>:Epoch: [30]  [ 60/104]  eta: 0:00:34  loss: 0.7367 (0.7393)  time: 0.7370 (0.6868 -- 0.7925)  data: 0.0006 (0.0002 -- 0.0011)  max mem: 37583
[1,0]<stdout>:Epoch: [30]  [ 80/104]  eta: 0:00:18  loss: 0.7359 (0.7384)  time: 0.7493 (0.6755 -- 0.8686)  data: 0.0006 (0.0002 -- 0.0011)  max mem: 37583
[1,0]<stdout>:Epoch: [30]  [100/104]  eta: 0:00:03  loss: 0.7300 (0.7377)  time: 0.7260 (0.6347 -- 0.8159)  data: 0.0007 (0.0001 -- 0.0010)  max mem: 37583
[1,0]<stdout>:Epoch: [30]  [103/104]  eta: 0:00:00  loss: 0.7277 (0.7374)  time: 0.7102 (0.6293 -- 0.8159)  data: 0.0006 (0.0001 -- 0.0010)  max mem: 37583
[1,0]<stdout>:Epoch: [30] Total time: 0:01:19 (0.7667 s / it)
[1,0]<stdout>:Averaged stats: [1,0]<stdout>:loss: 0.7277 (0.7390)
[1,0]<stdout>:TEST...   [ 0/20]  eta: 0:00:55  loss: 0.7387 (0.7387)  time: 2.7787 (2.7787 -- 2.7787)  data: 2.6435 (2.6435 -- 2.6435)  max mem: 37583
[1,0]<stdout>:TEST...   [19/20]  eta: 0:00:00  loss: 0.7377 (0.7339)  time: 0.6026 (0.0738 -- 2.7787)  data: 0.4779 (0.0000 -- 2.6435)  max mem: 37583
[1,0]<stdout>:TEST...  Total time: 0:00:12 (0.6026 s / it)
[1,0]<stdout>:Averaged stats: [1,0]<stdout>:loss: 0.7377 (0.7321)
[1,0]<stdout>:[CKPT] Saved improved checkpoint: /leonardo/home/userexternal/ddarmien/Demetra/moduli/videomae/output/checkpoint-30.pth (test_loss 0.732119, prev 0.7757832907140255)
[1,0]<stdout>:Epoch: [31]  [  0/104]  eta: 0:05:21  loss: 0.7430 (0.7430)  time: 3.0917 (3.0917 -- 3.0917)  data: 2.2971 (2.2971 -- 2.2971)  max mem: 37583
[1,0]<stdout>:Epoch: [31]  [ 20/104]  eta: 0:01:11  loss: 0.7376 (0.7383)  time: 0.7374 (0.6568 -- 0.8270)  data: 0.0005 (0.0001 -- 0.0013)  max mem: 37583
[1,0]<stdout>:Epoch: [31]  [ 40/104]  eta: 0:00:51  loss: 0.7286 (0.7366)  time: 0.7548 (0.6885 -- 0.8095)  data: 0.0007 (0.0001 -- 0.0013)  max mem: 37583
[1,0]<stdout>:Epoch: [31]  [ 60/104]  eta: 0:00:35  loss: 0.7420 (0.7376)  time: 0.7852 (0.6905 -- 1.4106)  data: 0.0005 (0.0001 -- 0.0011)  max mem: 37583
[1,0]<stdout>:Epoch: [31]  [ 80/104]  eta: 0:00:19  loss: 0.7345 (0.7374)  time: 0.7792 (0.6629 -- 1.3979)  data: 0.0004 (0.0001 -- 0.0011)  max mem: 37583
[1,0]<stdout>:Epoch: [31]  [100/104]  eta: 0:00:03  loss: 0.7396 (0.7374)  time: 0.7899 (0.6504 -- 1.4011)  data: 0.0004 (0.0001 -- 0.0010)  max mem: 37583
[1,0]<stdout>:Epoch: [31]  [103/104]  eta: 0:00:00  loss: 0.7310 (0.7370)  time: 0.7763 (0.6413 -- 1.4011)  data: 0.0004 (0.0001 -- 0.0010)  max mem: 37583
[1,0]<stdout>:Epoch: [31] Total time: 0:01:22 (0.7887 s / it)
[1,0]<stdout>:Averaged stats: [1,0]<stdout>:loss: 0.7310 (0.7363)
[1,0]<stdout>:Epoch: [32]  [  0/104]  eta: 0:07:20  loss: 0.7421 (0.7421)  time: 4.2316 (4.2316 -- 4.2316)  data: 2.1718 (2.1718 -- 2.1718)  max mem: 37583
[1,0]<stdout>:Epoch: [32]  [ 20/104]  eta: 0:01:18  loss: 0.7341 (0.7361)  time: 0.7657 (0.6716 -- 0.8634)  data: 0.0005 (0.0002 -- 0.0011)  max mem: 37583
[1,0]<stdout>:Epoch: [32]  [ 40/104]  eta: 0:00:53  loss: 0.7334 (0.7372)  time: 0.7300 (0.6625 -- 0.8038)  data: 0.0005 (0.0001 -- 0.0015)  max mem: 37583
[1,0]<stdout>:Epoch: [32]  [ 60/104]  eta: 0:00:35  loss: 0.7313 (0.7354)  time: 0.7382 (0.6603 -- 0.7923)  data: 0.0006 (0.0001 -- 0.0015)  max mem: 37583
[1,0]<stdout>:Epoch: [32]  [ 80/104]  eta: 0:00:19  loss: 0.7326 (0.7346)  time: 0.7646 (0.6800 -- 1.4465)  data: 0.0006 (0.0001 -- 0.0015)  max mem: 37583
[1,0]<stdout>:Epoch: [32]  [100/104]  eta: 0:00:03  loss: 0.7306 (0.7344)  time: 0.7688 (0.6281 -- 1.4469)  data: 0.0005 (0.0001 -- 0.0014)  max mem: 37583
[1,0]<stdout>:Epoch: [32]  [103/104]  eta: 0:00:00  loss: 0.7304 (0.7342)  time: 0.7581 (0.6281 -- 1.4469)  data: 0.0005 (0.0001 -- 0.0014)  max mem: 37583
[1,0]<stdout>:Epoch: [32] Total time: 0:01:21 (0.7835 s / it)
[1,0]<stdout>:Averaged stats: [1,0]<stdout>:loss: 0.7304 (0.7341)
[1,0]<stdout>:Epoch: [33]  [  0/104]  eta: 0:06:55  loss: 0.7483 (0.7483)  time: 3.9942 (3.9942 -- 3.9942)  data: 2.1877 (2.1877 -- 2.1877)  max mem: 37583[1,0]<stdout>:
[1,0]<stdout>:Epoch: [33]  [ 20/104]  eta: 0:01:16  loss: 0.7335 (0.7368)  time: 0.7566 (0.6558 -- 1.2856)  data: 0.0005 (0.0002 -- 0.0011)  max mem: 37583
[1,0]<stdout>:Epoch: [33]  [ 40/104]  eta: 0:00:52  loss: 0.7354 (0.7360)  time: 0.7390 (0.6702 -- 0.8504)  data: 0.0003 (0.0001 -- 0.0007)  max mem: 37583
[1,0]<stdout>:Epoch: [33]  [ 60/104]  eta: 0:00:34  loss: 0.7223 (0.7325)  time: 0.7244 (0.6683 -- 0.7745)  data: 0.0004 (0.0002 -- 0.0009)  max mem: 37583
[1,0]<stdout>:Epoch: [33]  [ 80/104]  eta: 0:00:18  loss: 0.7295 (0.7317)  time: 0.7450 (0.7108 -- 0.8275)  data: 0.0006 (0.0001 -- 0.0014)  max mem: 37583
[1,0]<stdout>:Epoch: [33]  [100/104]  eta: 0:00:03  loss: 0.7297 (0.7312)  time: 0.7337 (0.6600 -- 0.8271)  data: 0.0005 (0.0002 -- 0.0011)  max mem: 37583
[1,0]<stdout>:Epoch: [33]  [103/104]  eta: 0:00:00  loss: 0.7317 (0.7318)  time: 0.7182 (0.6600 -- 0.7941)  data: 0.0004 (0.0001 -- 0.0011)  max mem: 37583
[1,0]<stdout>:Epoch: [33] Total time: 0:01:19 (0.7689 s / it)
[1,0]<stdout>:Averaged stats: [1,0]<stdout>:loss: 0.7317 (0.7320)
[1,0]<stdout>:Epoch: [34]  [  0/104]  eta: 0:07:18  loss: 0.7230 (0.7230)  time: 4.2159 (4.2159 -- 4.2159)  data: 2.0398 (2.0398 -- 2.0398)  max mem: 37583
[1,0]<stdout>:Epoch: [34]  [ 20/104]  eta: 0:01:19  loss: 0.7292 (0.7311)  time: 0.7804 (0.7067 -- 0.9560)  data: 0.0004 (0.0002 -- 0.0008)  max mem: 37583
[1,0]<stdout>:Epoch: [34]  [ 40/104]  eta: 0:00:55  loss: 0.7229 (0.7294)  time: 0.8015 (0.6900 -- 0.9019)  data: 0.0005 (0.0001 -- 0.0016)  max mem: 37583
[1,0]<stdout>:Epoch: [34]  [ 60/104]  eta: 0:00:37  loss: 0.7227 (0.7287)  time: 0.8074 (0.7181 -- 0.8766)  data: 0.0005 (0.0001 -- 0.0011)  max mem: 37583
[1,0]<stdout>:Epoch: [34]  [ 80/104]  eta: 0:00:20  loss: 0.7247 (0.7284)  time: 0.7907 (0.6871 -- 0.9093)  data: 0.0005 (0.0001 -- 0.0013)  max mem: 37583
[1,0]<stdout>:Epoch: [34]  [100/104]  eta: 0:00:03  loss: 0.7335 (0.7296)  time: 0.7820 (0.6621 -- 0.8679)  data: 0.0005 (0.0001 -- 0.0016)  max mem: 37583
[1,0]<stdout>:Epoch: [34]  [103/104]  eta: 0:00:00  loss: 0.7335 (0.7295)  time: 0.7673 (0.6621 -- 0.8679)  data: 0.0005 (0.0001 -- 0.0016)  max mem: 37583
[1,0]<stdout>:Epoch: [34] Total time: 0:01:25 (0.8236 s / it)
[1,0]<stdout>:Averaged stats: [1,0]<stdout>:loss: 0.7335 (0.7303)
[1,0]<stdout>:Epoch: [35]  [  0/104]  eta: 0:07:17  loss: 0.7195 (0.7195)  time: 4.2105 (4.2105 -- 4.2105)  data: 2.0733 (2.0733 -- 2.0733)  max mem: 37583
[1,0]<stdout>:Epoch: [35]  [ 20/104]  eta: 0:01:18  loss: 0.7274 (0.7304)  time: 0.7683 (0.6967 -- 0.9459)  data: 0.0006 (0.0002 -- 0.0015)  max mem: 37583
[1,0]<stdout>:Epoch: [35]  [ 40/104]  eta: 0:00:53  loss: 0.7277 (0.7298)  time: 0.7498 (0.7091 -- 0.7814)  data: 0.0006 (0.0001 -- 0.0014)  max mem: 37583[1,0]<stdout>:
[1,0]<stdout>:Epoch: [35]  [ 60/104]  eta: 0:00:35  loss: 0.7203 (0.7270)  time: 0.7547 (0.7124 -- 0.7937)  data: 0.0005 (0.0002 -- 0.0014)  max mem: 37583
[1,0]<stdout>:Epoch: [35]  [ 80/104]  eta: 0:00:19  loss: 0.7294 (0.7280)  time: 0.7491 (0.7107 -- 0.8169)  data: 0.0005 (0.0001 -- 0.0010)  max mem: 37583
[1,0]<stdout>:Epoch: [35]  [100/104]  eta: 0:00:03  loss: 0.7246 (0.7274)  time: 0.7295 (0.6522 -- 0.8009)  data: 0.0005 (0.0001 -- 0.0012)  max mem: 37583
[1,0]<stdout>:Epoch: [35]  [103/104]  eta: 0:00:00  loss: 0.7246 (0.7273)  time: 0.7174 (0.6522 -- 0.8009)  data: 0.0005 (0.0001 -- 0.0012)  max mem: 37583
[1,0]<stdout>:Epoch: [35] Total time: 0:01:21 (0.7810 s / it)
[1,0]<stdout>:Averaged stats: [1,0]<stdout>:loss: 0.7246 (0.7284)
[1,0]<stdout>:Epoch: [36]  [  0/104]  eta: 0:07:05  loss: 0.7300 (0.7300)  time: 4.0901 (4.0901 -- 4.0901)  data: 2.2124 (2.2124 -- 2.2124)  max mem: 37583
[1,0]<stdout>:Epoch: [36]  [ 20/104]  eta: 0:01:15  loss: 0.7287 (0.7280)  time: 0.7428 (0.6721 -- 0.8403)  data: 0.0006 (0.0002 -- 0.0012)  max mem: 37583
[1,0]<stdout>:Epoch: [36]  [ 40/104]  eta: 0:00:52  loss: 0.7266 (0.7260)  time: 0.7484 (0.7018 -- 0.8029)  data: 0.0006 (0.0001 -- 0.0011)  max mem: 37583
[1,0]<stdout>:Epoch: [36]  [ 60/104]  eta: 0:00:35  loss: 0.7300 (0.7268)  time: 0.7474 (0.7160 -- 0.8114)  data: 0.0006 (0.0001 -- 0.0013)  max mem: 37583
[1,0]<stdout>:Epoch: [36]  [ 80/104]  eta: 0:00:18  loss: 0.7190 (0.7259)  time: 0.7481 (0.6954 -- 0.7841)  data: 0.0005 (0.0001 -- 0.0016)  max mem: 37583
[1,0]<stdout>:Epoch: [36]  [100/104]  eta: 0:00:03  loss: 0.7338 (0.7270)  time: 0.7202 (0.6600 -- 0.7789)  data: 0.0004 (0.0001 -- 0.0009)  max mem: 37583
[1,0]<stdout>:Epoch: [36]  [103/104]  eta: 0:00:00  loss: 0.7313 (0.7271)  time: 0.7136 (0.6600 -- 0.7789)  data: 0.0004 (0.0001 -- 0.0009)  max mem: 37583
[1,0]<stdout>:Epoch: [36] Total time: 0:01:20 (0.7716 s / it)
[1,0]<stdout>:Averaged stats: [1,0]<stdout>:loss: 0.7313 (0.7268)
[1,0]<stdout>:Epoch: [37]  [  0/104]  eta: 0:06:57  loss: 0.7225 (0.7225)  time: 4.0189 (4.0189 -- 4.0189)  data: 2.3844 (2.3844 -- 2.3844)  max mem: 37583[1,0]<stdout>:
[1,0]<stdout>:Epoch: [37]  [ 20/104]  eta: 0:01:16  loss: 0.7202 (0.7210)  time: 0.7511 (0.7017 -- 0.9100)  data: 0.0005 (0.0002 -- 0.0010)  max mem: 37583
[1,0]<stdout>:Epoch: [37]  [ 40/104]  eta: 0:00:53  loss: 0.7244 (0.7224)  time: 0.7515 (0.6991 -- 0.8853)  data: 0.0006 (0.0001 -- 0.0012)  max mem: 37583
[1,0]<stdout>:Epoch: [37]  [ 60/104]  eta: 0:00:35  loss: 0.7230 (0.7234)  time: 0.7413 (0.6898 -- 0.7831)  data: 0.0006 (0.0001 -- 0.0014)  max mem: 37583
[1,0]<stdout>:Epoch: [37]  [ 80/104]  eta: 0:00:18  loss: 0.7250 (0.7242)  time: 0.7527 (0.7088 -- 0.8040)  data: 0.0005 (0.0001 -- 0.0010)  max mem: 37583
[1,0]<stdout>:Epoch: [37]  [100/104]  eta: 0:00:03  loss: 0.7216 (0.7234)  time: 0.7373 (0.6615 -- 0.8023)  data: 0.0005 (0.0001 -- 0.0012)  max mem: 37583
[1,0]<stdout>:Epoch: [37]  [103/104]  eta: 0:00:00  loss: 0.7226 (0.7236)  time: 0.7268 (0.6564 -- 0.8023)  data: 0.0005 (0.0001 -- 0.0012)  max mem: 37583
[1,0]<stdout>:Epoch: [37] Total time: 0:01:20 (0.7767 s / it)
[1,0]<stdout>:Averaged stats: [1,0]<stdout>:loss: 0.7226 (0.7251)
[1,0]<stdout>:Epoch: [38]  [  0/104]  eta: 0:07:18  loss: 0.7144 (0.7144)  time: 4.2129 (4.2129 -- 4.2129)  data: 2.1747 (2.1747 -- 2.1747)  max mem: 37583
[1,0]<stdout>:Epoch: [38]  [ 20/104]  eta: 0:01:19  loss: 0.7226 (0.7239)  time: 0.7876 (0.7006 -- 0.9608)  data: 0.0005 (0.0001 -- 0.0012)  max mem: 37583
[1,0]<stdout>:Epoch: [38]  [ 40/104]  eta: 0:00:55  loss: 0.7195 (0.7223)  time: 0.7793 (0.7384 -- 0.8296)  data: 0.0005 (0.0002 -- 0.0014)  max mem: 37583
[1,0]<stdout>:Epoch: [38]  [ 60/104]  eta: 0:00:37  loss: 0.7235 (0.7239)  time: 0.7915 (0.7174 -- 0.9280)  data: 0.0003 (0.0001 -- 0.0008)  max mem: 37583
[1,0]<stdout>:Epoch: [38]  [ 80/104]  eta: 0:00:19  loss: 0.7202 (0.7235)  time: 0.7946 (0.7073 -- 0.8977)  data: 0.0006 (0.0002 -- 0.0013)  max mem: 37583
[1,0]<stdout>:Epoch: [38]  [100/104]  eta: 0:00:03  loss: 0.7199 (0.7230)  time: 0.8033 (0.7405 -- 0.8832)  data: 0.0005 (0.0001 -- 0.0015)  max mem: 37583
[1,0]<stdout>:Epoch: [38]  [103/104]  eta: 0:00:00  loss: 0.7225 (0.7229)  time: 0.7944 (0.7199 -- 0.8832)  data: 0.0005 (0.0001 -- 0.0010)  max mem: 37583
[1,0]<stdout>:Epoch: [38] Total time: 0:01:25 (0.8231 s / it)
[1,0]<stdout>:Averaged stats: [1,0]<stdout>:loss: 0.7225 (0.7239)
[1,0]<stdout>:Epoch: [39]  [  0/104]  eta: 0:07:12  loss: 0.7102 (0.7102)  time: 4.1617 (4.1617 -- 4.1617)  data: 2.3209 (2.3209 -- 2.3209)  max mem: 37583
[1,0]<stdout>:Epoch: [39]  [ 20/104]  eta: 0:01:19  loss: 0.7192 (0.7195)  time: 0.7794 (0.7104 -- 0.9195)  data: 0.0006 (0.0001 -- 0.0016)  max mem: 37583
[1,0]<stdout>:Epoch: [39]  [ 40/104]  eta: 0:00:55  loss: 0.7218 (0.7213)  time: 0.8044 (0.7320 -- 0.9098)  data: 0.0006 (0.0001 -- 0.0011)  max mem: 37583
[1,0]<stdout>:Epoch: [39]  [ 60/104]  eta: 0:00:37  loss: 0.7219 (0.7222)  time: 0.7791 (0.7312 -- 0.8634)  data: 0.0005 (0.0002 -- 0.0010)  max mem: 37583
[1,0]<stdout>:Epoch: [39]  [ 80/104]  eta: 0:00:19  loss: 0.7095 (0.7199)  time: 0.7684 (0.6993 -- 0.8027)  data: 0.0006 (0.0001 -- 0.0013)  max mem: 37583
[1,0]<stdout>:Epoch: [39]  [100/104]  eta: 0:00:03  loss: 0.7223 (0.7206)  time: 0.7526 (0.6920 -- 0.8212)  data: 0.0006 (0.0001 -- 0.0012)  max mem: 37583
[1,0]<stdout>:Epoch: [39]  [103/104]  eta: 0:00:00  loss: 0.7223 (0.7206)  time: 0.7487 (0.6920 -- 0.8101)  data: 0.0005 (0.0001 -- 0.0012)  max mem: 37583
[1,0]<stdout>:Epoch: [39] Total time: 0:01:24 (0.8081 s / it)
[1,0]<stdout>:Averaged stats: [1,0]<stdout>:loss: 0.7223 (0.7224)
[1,0]<stdout>:Epoch: [40]  [  0/104]  eta: 0:07:27  loss: 0.7217 (0.7217)  time: 4.3045 (4.3045 -- 4.3045)  data: 2.0802 (2.0802 -- 2.0802)  max mem: 37583
[1,0]<stdout>:Epoch: [40]  [ 20/104]  eta: 0:01:19  loss: 0.7248 (0.7190)  time: 0.7778 (0.6997 -- 0.8689)  data: 0.0005 (0.0002 -- 0.0014)  max mem: 37583
[1,0]<stdout>:Epoch: [40]  [ 40/104]  eta: 0:00:55  loss: 0.7256 (0.7222)  time: 0.7791 (0.7427 -- 0.8174)  data: 0.0007 (0.0001 -- 0.0012)  max mem: 37583
[1,0]<stdout>:Epoch: [40]  [ 60/104]  eta: 0:00:36  loss: 0.7242 (0.7226)  time: 0.7616 (0.7100 -- 0.8179)  data: 0.0004 (0.0001 -- 0.0009)  max mem: 37583
[1,0]<stdout>:Epoch: [40]  [ 80/104]  eta: 0:00:19  loss: 0.7110 (0.7209)  time: 0.7600 (0.7039 -- 0.8187)  data: 0.0004 (0.0001 -- 0.0011)  max mem: 37583
[1,0]<stdout>:Epoch: [40]  [100/104]  eta: 0:00:03  loss: 0.7315 (0.7227)  time: 0.7569 (0.6824 -- 0.8183)  data: 0.0005 (0.0001 -- 0.0012)  max mem: 37583
[1,0]<stdout>:Epoch: [40]  [103/104]  eta: 0:00:00  loss: 0.7315 (0.7225)  time: 0.7494 (0.6824 -- 0.8183)  data: 0.0005 (0.0001 -- 0.0012)  max mem: 37583
[1,0]<stdout>:Epoch: [40] Total time: 0:01:23 (0.7996 s / it)
[1,0]<stdout>:Averaged stats: [1,0]<stdout>:loss: 0.7315 (0.7210)
[1,0]<stdout>:TEST...   [ 0/20]  eta: 0:00:57  loss: 0.7220 (0.7220)  time: 2.8895 (2.8895 -- 2.8895)  data: 2.7546 (2.7546 -- 2.7546)  max mem: 37583[1,0]<stdout>:
[1,0]<stdout>:TEST...   [19/20]  eta: 0:00:00  loss: 0.7188 (0.7171)  time: 0.6067 (0.0736 -- 2.8895)  data: 0.4833 (0.0000 -- 2.7546)  max mem: 37583
[1,0]<stdout>:TEST...  Total time: 0:00:12 (0.6068 s / it)
[1,0]<stdout>:Averaged stats: [1,0]<stdout>:loss: 0.7188 (0.7162)
[1,0]<stdout>:[CKPT] Saved improved checkpoint: /leonardo/home/userexternal/ddarmien/Demetra/moduli/videomae/output/checkpoint-40.pth (test_loss 0.716242, prev 0.732119201309979)
[1,0]<stdout>:Epoch: [41]  [  0/104]  eta: 0:04:55  loss: 0.7362 (0.7362)  time: 2.8424 (2.8424 -- 2.8424)  data: 2.1482 (2.1482 -- 2.1482)  max mem: 37583
[1,0]<stdout>:Epoch: [41]  [ 20/104]  eta: 0:01:09  loss: 0.7131 (0.7183)  time: 0.7289 (0.6667 -- 0.7606)  data: 0.0006 (0.0001 -- 0.0013)  max mem: 37583
[1,0]<stdout>:Epoch: [41]  [ 40/104]  eta: 0:00:50  loss: 0.7266 (0.7216)  time: 0.7451 (0.6798 -- 0.8215)  data: 0.0006 (0.0001 -- 0.0013)  max mem: 37583
[1,0]<stdout>:Epoch: [41]  [ 60/104]  eta: 0:00:33  loss: 0.7197 (0.7200)  time: 0.7397 (0.6835 -- 0.7804)  data: 0.0006 (0.0002 -- 0.0011)  max mem: 37583
[1,0]<stdout>:Epoch: [41]  [ 80/104]  eta: 0:00:18  loss: 0.7215 (0.7207)  time: 0.7513 (0.6886 -- 0.8095)  data: 0.0005 (0.0002 -- 0.0009)  max mem: 37583
[1,0]<stdout>:Epoch: [41]  [100/104]  eta: 0:00:03  loss: 0.7238 (0.7209)  time: 0.7272 (0.6525 -- 0.8420)  data: 0.0005 (0.0001 -- 0.0014)  max mem: 37583
[1,0]<stdout>:Epoch: [41]  [103/104]  eta: 0:00:00  loss: 0.7190 (0.7208)  time: 0.7124 (0.6524 -- 0.8420)  data: 0.0005 (0.0001 -- 0.0014)  max mem: 37583
[1,0]<stdout>:Epoch: [41] Total time: 0:01:18 (0.7564 s / it)
[1,0]<stdout>:Averaged stats:[1,0]<stdout>: [1,0]<stdout>:loss: 0.7190 (0.7196)
[1,0]<stdout>:Epoch: [42]  [  0/104]  eta: 0:07:04  loss: 0.7255 (0.7255)  time: 4.0858 (4.0858 -- 4.0858)  data: 2.2701 (2.2701 -- 2.2701)  max mem: 37583
[1,0]<stdout>:Epoch: [42]  [ 20/104]  eta: 0:01:16  loss: 0.7147 (0.7216)  time: 0.7514 (0.6940 -- 0.8676)  data: 0.0005 (0.0002 -- 0.0009)  max mem: 37583
[1,0]<stdout>:Epoch: [42]  [ 40/104]  eta: 0:00:53  loss: 0.7209 (0.7208)  time: 0.7554 (0.7148 -- 0.7920)  data: 0.0005 (0.0001 -- 0.0012)  max mem: 37583
[1,0]<stdout>:Epoch: [42]  [ 60/104]  eta: 0:00:35  loss: 0.7188 (0.7202)  time: 0.7502 (0.6865 -- 0.7960)  data: 0.0007 (0.0002 -- 0.0012)  max mem: 37583
[1,0]<stdout>:Epoch: [42]  [ 80/104]  eta: 0:00:18  loss: 0.7193 (0.7200)  time: 0.7263 (0.6805 -- 0.7839)  data: 0.0007 (0.0001 -- 0.0012)  max mem: 37583
[1,0]<stdout>:Epoch: [42]  [100/104]  eta: 0:00:03  loss: 0.7140 (0.7195)  time: 0.7357 (0.6540 -- 0.8089)  data: 0.0005 (0.0001 -- 0.0009)  max mem: 37583
[1,0]<stdout>:Epoch: [42]  [103/104]  eta: 0:00:00  loss: 0.7140 (0.7194)  time: 0.7241 (0.6540 -- 0.8089)  data: 0.0005 (0.0001 -- 0.0009)  max mem: 37583
[1,0]<stdout>:Epoch: [42] Total time: 0:01:20 (0.7739 s / it)
[1,0]<stdout>:Averaged stats: [1,0]<stdout>:loss: 0.7140 (0.7186)
[1,0]<stdout>:Epoch: [43]  [  0/104]  eta: 0:07:09  loss: 0.7261 (0.7261)  time: 4.1269 (4.1269 -- 4.1269)  data: 2.4776 (2.4776 -- 2.4776)  max mem: 37583
[1,0]<stdout>:Epoch: [43]  [ 20/104]  eta: 0:01:16  loss: 0.7117 (0.7134)  time: 0.7526 (0.6952 -- 0.9156)  data: 0.0005 (0.0002 -- 0.0010)  max mem: 37583
[1,0]<stdout>:Epoch: [43]  [ 40/104]  eta: 0:00:53  loss: 0.7144 (0.7146)  time: 0.7435 (0.6998 -- 0.7930)  data: 0.0006 (0.0002 -- 0.0010)  max mem: 37583
[1,0]<stdout>:Epoch: [43]  [ 60/104]  eta: 0:00:35  loss: 0.7187 (0.7157)  time: 0.7593 (0.6958 -- 0.8457)  data: 0.0005 (0.0001 -- 0.0009)  max mem: 37583
[1,0]<stdout>:Epoch: [43]  [ 80/104]  eta: 0:00:18  loss: 0.7150 (0.7154)  time: 0.7389 (0.7032 -- 0.8209)  data: 0.0006 (0.0001 -- 0.0012)  max mem: 37583
[1,0]<stdout>:Epoch: [43]  [100/104]  eta: 0:00:03  loss: 0.7170 (0.7160)  time: 0.7291 (0.6494 -- 0.8063)  data: 0.0004 (0.0001 -- 0.0009)  max mem: 37583
[1,0]<stdout>:Epoch: [43]  [103/104]  eta: 0:00:00  loss: 0.7170 (0.7155)  time: 0.7127 (0.6494 -- 0.7960)  data: 0.0004 (0.0001 -- 0.0009)  max mem: 37583
[1,0]<stdout>:Epoch: [43] Total time: 0:01:20 (0.7748 s / it)
[1,0]<stdout>:Averaged stats: loss: 0.7170 (0.7176)
[1,0]<stdout>:Epoch: [44]  [  0/104]  eta: 0:07:33  loss: 0.7275 (0.7275)  time: 4.3590 (4.3590 -- 4.3590)  data: 2.8367 (2.8367 -- 2.8367)  max mem: 37583
[1,0]<stdout>:Epoch: [44]  [ 20/104]  eta: 0:01:17  loss: 0.7167 (0.7183)  time: 0.7468 (0.6990 -- 0.8511)  data: 0.0006 (0.0001 -- 0.0010)  max mem: 37583
[1,0]<stdout>:Epoch: [44]  [ 40/104]  eta: 0:00:53  loss: 0.7186 (0.7174)  time: 0.7555 (0.7044 -- 0.8496)  data: 0.0005 (0.0002 -- 0.0013)  max mem: 37583
[1,0]<stdout>:Epoch: [44]  [ 60/104]  eta: 0:00:35  loss: 0.7120 (0.7163)  time: 0.7488 (0.6962 -- 0.7909)  data: 0.0005 (0.0001 -- 0.0010)  max mem: 37583
[1,0]<stdout>:Epoch: [44]  [ 80/104]  eta: 0:00:19  loss: 0.7136 (0.7152)  time: 0.7597 (0.7022 -- 0.8860)  data: 0.0004 (0.0001 -- 0.0009)  max mem: 37583
[1,0]<stdout>:Epoch: [44]  [100/104]  eta: 0:00:03  loss: 0.7199 (0.7162)  time: 0.7374 (0.6668 -- 0.7915)  data: 0.0004 (0.0001 -- 0.0010)  max mem: 37583
[1,0]<stdout>:Epoch: [44]  [103/104]  eta: 0:00:00  loss: 0.7219 (0.7164)  time: 0.7278 (0.6668 -- 0.7915)  data: 0.0004 (0.0001 -- 0.0010)  max mem: 37583
[1,0]<stdout>:Epoch: [44] Total time: 0:01:21 (0.7828 s / it)
[1,0]<stdout>:Averaged stats: [1,0]<stdout>:loss: 0.7219 (0.7163)
[1,0]<stdout>:Epoch: [45]  [  0/104]  eta: 0:07:08  loss: 0.7191 (0.7191)  time: 4.1194 (4.1194 -- 4.1194)  data: 2.5746 (2.5746 -- 2.5746)  max mem: 37583
[1,0]<stdout>:Epoch: [45]  [ 20/104]  eta: 0:01:16  loss: 0.7157 (0.7167)  time: 0.7496 (0.7031 -- 0.8183)  data: 0.0005 (0.0002 -- 0.0010)  max mem: 37583
[1,0]<stdout>:Epoch: [45]  [ 40/104]  eta: 0:00:52  loss: 0.7184 (0.7167)  time: 0.7322 (0.6953 -- 0.7818)  data: 0.0005 (0.0001 -- 0.0010)  max mem: 37583
[1,0]<stdout>:Epoch: [45]  [ 60/104]  eta: 0:00:35  loss: 0.7165 (0.7168)  time: 0.7527 (0.6854 -- 0.8038)  data: 0.0005 (0.0002 -- 0.0008)  max mem: 37583
[1,0]<stdout>:Epoch: [45]  [ 80/104]  eta: 0:00:18  loss: 0.7189 (0.7168)  time: 0.7434 (0.6901 -- 0.7989)  data: 0.0005 (0.0002 -- 0.0012)  max mem: 37583
[1,0]<stdout>:Epoch: [45]  [100/104]  eta: 0:00:03  loss: 0.7071 (0.7158)  time: 0.7367 (0.6571 -- 0.7904)  data: 0.0005 (0.0001 -- 0.0010)  max mem: 37583
[1,0]<stdout>:Epoch: [45]  [103/104]  eta: 0:00:00  loss: 0.7162 (0.7157)  time: 0.7225 (0.6559 -- 0.7904)  data: 0.0004 (0.0001 -- 0.0010)  max mem: 37583
[1,0]<stdout>:Epoch: [45] Total time: 0:01:20 (0.7731 s / it)
[1,0]<stdout>:Averaged stats: [1,0]<stdout>:loss: 0.7162 (0.7153)
[1,0]<stdout>:Epoch: [46]  [  0/104]  eta: 0:07:17  loss: 0.7275 (0.7275)  time: 4.2110 (4.2110 -- 4.2110)  data: 2.3217 (2.3217 -- 2.3217)  max mem: 37583
[1,0]<stdout>:Epoch: [46]  [ 20/104]  eta: 0:01:16  loss: 0.7183 (0.7168)  time: 0.7512 (0.7010 -- 0.8930)  data: 0.0005 (0.0002 -- 0.0009)  max mem: 37583
[1,0]<stdout>:Epoch: [46]  [ 40/104]  eta: 0:00:53  loss: 0.7218 (0.7194)  time: 0.7547 (0.6728 -- 0.8169)  data: 0.0006 (0.0002 -- 0.0025)  max mem: 37583
[1,0]<stdout>:Epoch: [46]  [ 60/104]  eta: 0:00:36  loss: 0.7115 (0.7170)  time: 0.7827 (0.7145 -- 0.9008)  data: 0.0005 (0.0002 -- 0.0009)  max mem: 37583
[1,0]<stdout>:Epoch: [46]  [ 80/104]  eta: 0:00:19  loss: 0.7150 (0.7166)  time: 0.7734 (0.7121 -- 0.8252)  data: 0.0005 (0.0001 -- 0.0014)  max mem: 37583[1,0]<stdout>:
[1,0]<stdout>:Epoch: [46]  [100/104]  eta: 0:00:03  loss: 0.7095 (0.7161)  time: 0.7756 (0.7002 -- 0.8887)  data: 0.0006 (0.0002 -- 0.0011)  max mem: 37583
[1,0]<stdout>:Epoch: [46]  [103/104]  eta: 0:00:00  loss: 0.7120 (0.7164)  time: 0.7654 (0.6579 -- 0.8887)  data: 0.0005 (0.0001 -- 0.0011)  max mem: 37583
[1,0]<stdout>:Epoch: [46] Total time: 0:01:23 (0.7987 s / it)
[1,0]<stdout>:Averaged stats: [1,0]<stdout>:loss: 0.7120 (0.7142)
[1,0]<stdout>:Epoch: [47]  [  0/104]  eta: 0:07:12  loss: 0.7233 (0.7233)  time: 4.1586 (4.1586 -- 4.1586)  data: 2.5067 (2.5067 -- 2.5067)  max mem: 37583
[1,0]<stdout>:Epoch: [47]  [ 20/104]  eta: 0:01:18  loss: 0.7126 (0.7118)  time: 0.7756 (0.7001 -- 0.8952)  data: 0.0006 (0.0002 -- 0.0027)  max mem: 37583
[1,0]<stdout>:Epoch: [47]  [ 40/104]  eta: 0:00:54  loss: 0.7095 (0.7113)  time: 0.7689 (0.7047 -- 0.8723)  data: 0.0005 (0.0001 -- 0.0012)  max mem: 37583
[1,0]<stdout>:Epoch: [47]  [ 60/104]  eta: 0:00:36  loss: 0.7182 (0.7127)  time: 0.7609 (0.7113 -- 0.8357)  data: 0.0005 (0.0001 -- 0.0011)  max mem: 37583
[1,0]<stdout>:Epoch: [47]  [ 80/104]  eta: 0:00:19  loss: 0.7111 (0.7124)  time: 0.7561 (0.7066 -- 0.8150)  data: 0.0005 (0.0001 -- 0.0009)  max mem: 37583
[1,0]<stdout>:Epoch: [47]  [100/104]  eta: 0:00:03  loss: 0.7128 (0.7127)  time: 0.7388 (0.6703 -- 0.7852)  data: 0.0005 (0.0001 -- 0.0010)  max mem: 37583
[1,0]<stdout>:Epoch: [47]  [103/104]  eta: 0:00:00  loss: 0.7142 (0.7129)  time: 0.7274 (0.6654 -- 0.7852)  data: 0.0004 (0.0001 -- 0.0010)  max mem: 37583
[1,0]<stdout>:Epoch: [47] Total time: 0:01:22 (0.7903 s / it)
[1,0]<stdout>:Averaged stats: [1,0]<stdout>:loss: 0.7142 (0.7132)
[1,0]<stdout>:Epoch: [48]  [  0/104]  eta: 0:07:40  loss: 0.7166 (0.7166)  time: 4.4281 (4.4281 -- 4.4281)  data: 2.4837 (2.4837 -- 2.4837)  max mem: 37583
[1,0]<stdout>:Epoch: [48]  [ 20/104]  eta: 0:01:19  loss: 0.7165 (0.7150)  time: 0.7709 (0.7061 -- 0.8382)  data: 0.0006 (0.0002 -- 0.0021)  max mem: 37583
[1,0]<stdout>:Epoch: [48]  [ 40/104]  eta: 0:00:54  loss: 0.7122 (0.7147)  time: 0.7564 (0.6928 -- 0.8343)  data: 0.0006 (0.0001 -- 0.0018)  max mem: 37583
[1,0]<stdout>:Epoch: [48]  [ 60/104]  eta: 0:00:36  loss: 0.7105 (0.7130)  time: 0.7491 (0.6922 -- 0.7929)  data: 0.0005 (0.0002 -- 0.0014)  max mem: 37583
[1,0]<stdout>:Epoch: [48]  [ 80/104]  eta: 0:00:19  loss: 0.7068 (0.7112)  time: 0.7728 (0.6961 -- 0.8630)  data: 0.0005 (0.0001 -- 0.0012)  max mem: 37583
[1,0]<stdout>:Epoch: [48]  [100/104]  eta: 0:00:03  loss: 0.7137 (0.7109)  time: 0.7574 (0.6741 -- 0.8554)  data: 0.0005 (0.0002 -- 0.0010)  max mem: 37583
[1,0]<stdout>:Epoch: [48]  [103/104]  eta: 0:00:00  loss: 0.7126 (0.7112)  time: 0.7442 (0.6523 -- 0.8554)  data: 0.0004 (0.0001 -- 0.0009)  max mem: 37583
[1,0]<stdout>:Epoch: [48] Total time: 0:01:22 (0.7943 s / it)
[1,0]<stdout>:Averaged stats: [1,0]<stdout>:loss: 0.7126 (0.7121)
[1,0]<stdout>:Epoch: [49]  [  0/104]  eta: 0:07:40  loss: 0.7066 (0.7066)  time: 4.4273 (4.4273 -- 4.4273)  data: 2.7468 (2.7468 -- 2.7468)  max mem: 37583[1,0]<stdout>:
[1,0]<stdout>:Epoch: [49]  [ 20/104]  eta: 0:01:19  loss: 0.7168 (0.7134)  time: 0.7750 (0.6843 -- 0.9206)  data: 0.0005 (0.0002 -- 0.0010)  max mem: 37583
[1,0]<stdout>:Epoch: [49]  [ 40/104]  eta: 0:00:55  loss: 0.7124 (0.7133)  time: 0.7855 (0.7117 -- 0.8777)  data: 0.0006 (0.0001 -- 0.0013)  max mem: 37583
[1,0]<stdout>:Epoch: [49]  [ 60/104]  eta: 0:00:36  loss: 0.7083 (0.7119)  time: 0.7777 (0.7049 -- 0.8435)  data: 0.0005 (0.0001 -- 0.0013)  max mem: 37583
[1,0]<stdout>:Epoch: [49]  [ 80/104]  eta: 0:00:19  loss: 0.7078 (0.7117)  time: 0.7714 (0.7183 -- 0.8671)  data: 0.0005 (0.0001 -- 0.0014)  max mem: 37583
[1,0]<stdout>:Epoch: [49]  [100/104]  eta: 0:00:03  loss: 0.7158 (0.7121)  time: 0.7668 (0.6853 -- 0.8693)  data: 0.0005 (0.0001 -- 0.0011)  max mem: 37583
[1,0]<stdout>:Epoch: [49]  [103/104]  eta: 0:00:00  loss: 0.7158 (0.7122)  time: 0.7571 (0.6623 -- 0.8693)  data: 0.0005 (0.0001 -- 0.0011)  max mem: 37583
[1,0]<stdout>:Epoch: [49] Total time: 0:01:24 (0.8077 s / it)
[1,0]<stdout>:Averaged stats: [1,0]<stdout>:loss: 0.7158 (0.7116)
[1,0]<stdout>:Epoch: [50]  [  0/104]  eta: 0:07:30  loss: 0.7034 (0.7034)  time: 4.3271 (4.3271 -- 4.3271)  data: 2.8238 (2.8238 -- 2.8238)  max mem: 37583
[1,0]<stdout>:Epoch: [50]  [ 20/104]  eta: 0:01:19  loss: 0.7113 (0.7076)  time: 0.7814 (0.7107 -- 0.9312)  data: 0.0005 (0.0001 -- 0.0013)  max mem: 37583
[1,0]<stdout>:Epoch: [50]  [ 40/104]  eta: 0:00:55  loss: 0.7169 (0.7115)  time: 0.7653 (0.6915 -- 0.9639)  data: 0.0005 (0.0001 -- 0.0009)  max mem: 37583
[1,0]<stdout>:Epoch: [50]  [ 60/104]  eta: 0:00:36  loss: 0.7156 (0.7126)  time: 0.7529 (0.6921 -- 0.8169)  data: 0.0005 (0.0001 -- 0.0011)  max mem: 37583
[1,0]<stdout>:Epoch: [50]  [ 80/104]  eta: 0:00:19  loss: 0.7111 (0.7121)  time: 0.7478 (0.6945 -- 0.7967)  data: 0.0005 (0.0002 -- 0.0009)  max mem: 37583
[1,0]<stdout>:Epoch: [50]  [100/104]  eta: 0:00:03  loss: 0.7056 (0.7109)  time: 0.7264 (0.6616 -- 0.8064)  data: 0.0005 (0.0001 -- 0.0021)  max mem: 37583
[1,0]<stdout>:Epoch: [50]  [103/104]  eta: 0:00:00  loss: 0.7072 (0.7112)  time: 0.7174 (0.6616 -- 0.8064)  data: 0.0004 (0.0001 -- 0.0021)  max mem: 37583
[1,0]<stdout>:Epoch: [50] Total time: 0:01:21 (0.7870 s / it)
[1,0]<stdout>:Averaged stats: [1,0]<stdout>:loss: 0.7072 (0.7104)
[1,0]<stdout>:TEST...   [ 0/20]  eta: 0:01:01  loss: 0.7127 (0.7127)  time: 3.0667 (3.0667 -- 3.0667)  data: 2.9309 (2.9309 -- 2.9309)  max mem: 37583
[1,0]<stdout>:TEST...   [19/20]  eta: 0:00:00  loss: 0.7118 (0.7087)  time: 0.7571 (0.0736 -- 3.0667)  data: 0.6299 (0.0000 -- 2.9309)  max mem: 37583
[1,0]<stdout>:TEST...  Total time: 0:00:15 (0.7572 s / it)
[1,0]<stdout>:Averaged stats: [1,0]<stdout>:loss: 0.7118 (0.7072)
[1,0]<stdout>:[CKPT] Saved improved checkpoint: /leonardo/home/userexternal/ddarmien/Demetra/moduli/videomae/output/checkpoint-50.pth (test_loss 0.707221, prev 0.7162417657673359)
[1,0]<stdout>:Epoch: [51]  [  0/104]  eta: 0:05:32  loss: 0.7107 (0.7107)  time: 3.1975 (3.1975 -- 3.1975)  data: 2.5077 (2.5077 -- 2.5077)  max mem: 37583
[1,0]<stdout>:Epoch: [51]  [ 20/104]  eta: 0:01:12  loss: 0.7107 (0.7121)  time: 0.7459 (0.6594 -- 0.8104)  data: 0.0005 (0.0001 -- 0.0014)  max mem: 37583
[1,0]<stdout>:Epoch: [51]  [ 40/104]  eta: 0:00:51  loss: 0.7093 (0.7105)  time: 0.7432 (0.7082 -- 0.8299)  data: 0.0006 (0.0002 -- 0.0023)  max mem: 37583
[1,0]<stdout>:Epoch: [51]  [ 60/104]  eta: 0:00:34  loss: 0.7079 (0.7092)  time: 0.7482 (0.7083 -- 0.8029)  data: 0.0005 (0.0001 -- 0.0012)  max mem: 37583
[1,0]<stdout>:Epoch: [51]  [ 80/104]  eta: 0:00:18  loss: 0.7064 (0.7085)  time: 0.7598 (0.7088 -- 0.8046)  data: 0.0005 (0.0001 -- 0.0021)  max mem: 37583
[1,0]<stdout>:Epoch: [51]  [100/104]  eta: 0:00:03  loss: 0.7052 (0.7081)  time: 0.7420 (0.6792 -- 0.7896)  data: 0.0005 (0.0001 -- 0.0012)  max mem: 37583
[1,0]<stdout>:Epoch: [51]  [103/104]  eta: 0:00:00  loss: 0.7135 (0.7085)  time: 0.7313 (0.6792 -- 0.7796)  data: 0.0005 (0.0001 -- 0.0012)  max mem: 37583
[1,0]<stdout>:Epoch: [51] Total time: 0:01:20 (0.7699 s / it)
[1,0]<stdout>:Averaged stats:[1,0]<stdout>: [1,0]<stdout>:loss: 0.7135 (0.7093)
[1,0]<stdout>:Epoch: [52]  [  0/104]  eta: 0:07:19  loss: 0.7098 (0.7098)  time: 4.2290 (4.2290 -- 4.2290)  data: 2.7559 (2.7559 -- 2.7559)  max mem: 37583[1,0]<stdout>:
[1,0]<stdout>:Epoch: [52]  [ 20/104]  eta: 0:01:18  loss: 0.7076 (0.7064)  time: 0.7711 (0.7163 -- 0.8697)  data: 0.0006 (0.0002 -- 0.0010)  max mem: 37583
[1,0]<stdout>:Epoch: [52]  [ 40/104]  eta: 0:00:54  loss: 0.7076 (0.7086)  time: 0.7625 (0.7187 -- 0.8120)  data: 0.0005 (0.0001 -- 0.0010)  max mem: 37583
[1,0]<stdout>:Epoch: [52]  [ 60/104]  eta: 0:00:36  loss: 0.7085 (0.7080)  time: 0.7646 (0.7078 -- 0.8175)  data: 0.0006 (0.0002 -- 0.0012)  max mem: 37583
[1,0]<stdout>:Epoch: [52]  [ 80/104]  eta: 0:00:19  loss: 0.6978 (0.7066)  time: 0.7646 (0.7160 -- 0.8358)  data: 0.0005 (0.0002 -- 0.0009)  max mem: 37583
[1,0]<stdout>:Epoch: [52]  [100/104]  eta: 0:00:03  loss: 0.7062 (0.7066)  time: 0.7395 (0.6672 -- 0.8086)  data: 0.0005 (0.0001 -- 0.0014)  max mem: 37583
[1,0]<stdout>:Epoch: [52]  [103/104]  eta: 0:00:00  loss: 0.7062 (0.7068)  time: 0.7215 (0.6534 -- 0.8086)  data: 0.0005 (0.0001 -- 0.0010)  max mem: 37583
[1,0]<stdout>:Epoch: [52] Total time: 0:01:22 (0.7908 s / it)
[1,0]<stdout>:Averaged stats: [1,0]<stdout>:loss: 0.7062 (0.7086)
[1,0]<stdout>:Epoch: [53]  [  0/104]  eta: 0:07:12  loss: 0.6976 (0.6976)  time: 4.1595 (4.1595 -- 4.1595)  data: 2.7252 (2.7252 -- 2.7252)  max mem: 37583
[1,0]<stdout>:Epoch: [53]  [ 20/104]  eta: 0:01:17  loss: 0.7077 (0.7056)  time: 0.7564 (0.6837 -- 0.9289)  data: 0.0006 (0.0001 -- 0.0011)  max mem: 37583
[1,0]<stdout>:Epoch: [53]  [ 40/104]  eta: 0:00:53  loss: 0.7093 (0.7087)  time: 0.7454 (0.7069 -- 0.8067)  data: 0.0005 (0.0001 -- 0.0009)  max mem: 37583
[1,0]<stdout>:Epoch: [53]  [ 60/104]  eta: 0:00:35  loss: 0.7056 (0.7090)  time: 0.7412 (0.7097 -- 0.7970)  data: 0.0005 (0.0001 -- 0.0010)  max mem: 37583
[1,0]<stdout>:Epoch: [53]  [ 80/104]  eta: 0:00:18  loss: 0.7083 (0.7083)  time: 0.7518 (0.7054 -- 0.8247)  data: 0.0006 (0.0002 -- 0.0011)  max mem: 37583
[1,0]<stdout>:Epoch: [53]  [100/104]  eta: 0:00:03  loss: 0.7080 (0.7080)  time: 0.7330 (0.6580 -- 0.8014)  data: 0.0005 (0.0002 -- 0.0010)  max mem: 37583
[1,0]<stdout>:Epoch: [53]  [103/104]  eta: 0:00:00  loss: 0.7080 (0.7079)  time: 0.7197 (0.6537 -- 0.7978)  data: 0.0005 (0.0001 -- 0.0010)  max mem: 37583
[1,0]<stdout>:Epoch: [53] Total time: 0:01:20 (0.7759 s / it)
[1,0]<stdout>:Averaged stats: [1,0]<stdout>:loss: 0.7080 (0.7077)
[1,0]<stdout>:Epoch: [54]  [  0/104]  eta: 0:07:18  loss: 0.7194 (0.7194)  time: 4.2133 (4.2133 -- 4.2133)  data: 2.6553 (2.6553 -- 2.6553)  max mem: 37583
[1,0]<stdout>:Epoch: [54]  [ 20/104]  eta: 0:01:17  loss: 0.7063 (0.7073)  time: 0.7569 (0.6838 -- 0.8902)  data: 0.0004 (0.0002 -- 0.0010)  max mem: 37583
[1,0]<stdout>:Epoch: [54]  [ 40/104]  eta: 0:00:53  loss: 0.7123 (0.7092)  time: 0.7601 (0.6933 -- 0.8323)  data: 0.0006 (0.0002 -- 0.0020)  max mem: 37583
[1,0]<stdout>:Epoch: [54]  [ 60/104]  eta: 0:00:36  loss: 0.7085 (0.7087)  time: 0.7922 (0.7007 -- 1.1443)  data: 0.0006 (0.0001 -- 0.0015)  max mem: 37583
[1,0]<stdout>:Epoch: [54]  [ 80/104]  eta: 0:00:19  loss: 0.7038 (0.7075)  time: 0.7748 (0.7161 -- 0.8411)  data: 0.0005 (0.0001 -- 0.0009)  max mem: 37583
[1,0]<stdout>:Epoch: [54]  [100/104]  eta: 0:00:03  loss: 0.7124 (0.7080)  time: 0.7828 (0.7098 -- 0.8549)  data: 0.0004 (0.0001 -- 0.0008)  max mem: 37583
[1,0]<stdout>:Epoch: [54]  [103/104]  eta: 0:00:00  loss: 0.7124 (0.7082)  time: 0.7857 (0.7098 -- 0.8549)  data: 0.0004 (0.0001 -- 0.0008)  max mem: 37583
[1,0]<stdout>:Epoch: [54] Total time: 0:01:23 (0.8066 s / it)
[1,0]<stdout>:Averaged stats: [1,0]<stdout>:loss: 0.7124 (0.7067)
[1,0]<stdout>:Epoch: [55]  [  0/104]  eta: 0:07:30  loss: 0.6929 (0.6929)  time: 4.3340 (4.3340 -- 4.3340)  data: 2.6640 (2.6640 -- 2.6640)  max mem: 37583
[1,0]<stdout>:Epoch: [55]  [ 20/104]  eta: 0:01:20  loss: 0.7086 (0.7067)  time: 0.7864 (0.7015 -- 0.9512)  data: 0.0005 (0.0002 -- 0.0009)  max mem: 37583
[1,0]<stdout>:Epoch: [55]  [ 40/104]  eta: 0:00:55  loss: 0.7111 (0.7099)  time: 0.7726 (0.7206 -- 0.8510)  data: 0.0005 (0.0001 -- 0.0010)  max mem: 37583
[1,0]<stdout>:Epoch: [55]  [ 60/104]  eta: 0:00:36  loss: 0.7028 (0.7078)  time: 0.7614 (0.7074 -- 0.8286)  data: 0.0005 (0.0002 -- 0.0010)  max mem: 37583
[1,0]<stdout>:Epoch: [55]  [ 80/104]  eta: 0:00:19  loss: 0.7037 (0.7068)  time: 0.7426 (0.6990 -- 0.7997)  data: 0.0005 (0.0002 -- 0.0009)  max mem: 37583
[1,0]<stdout>:Epoch: [55]  [100/104]  eta: 0:00:03  loss: 0.6979 (0.7049)  time: 0.7240 (0.6600 -- 0.8028)  data: 0.0004 (0.0001 -- 0.0008)  max mem: 37583
[1,0]<stdout>:Epoch: [55]  [103/104]  eta: 0:00:00  loss: 0.6978 (0.7050)  time: 0.7129 (0.6542 -- 0.8028)  data: 0.0004 (0.0001 -- 0.0008)  max mem: 37583
[1,0]<stdout>:Epoch: [55] Total time: 0:01:22 (0.7890 s / it)
[1,0]<stdout>:Averaged stats: [1,0]<stdout>:loss: 0.6978 (0.7058)
[1,0]<stdout>:Epoch: [56]  [  0/104]  eta: 0:07:10  loss: 0.7046 (0.7046)  time: 4.1416 (4.1416 -- 4.1416)  data: 2.5522 (2.5522 -- 2.5522)  max mem: 37583
[1,0]<stdout>:Epoch: [56]  [ 20/104]  eta: 0:01:17  loss: 0.6989 (0.7008)  time: 0.7616 (0.6839 -- 0.8782)  data: 0.0006 (0.0002 -- 0.0021)  max mem: 37583
[1,0]<stdout>:Epoch: [56]  [ 40/104]  eta: 0:00:53  loss: 0.7018 (0.7028)  time: 0.7395 (0.6797 -- 0.7835)  data: 0.0005 (0.0002 -- 0.0010)  max mem: 37583
[1,0]<stdout>:Epoch: [56]  [ 60/104]  eta: 0:00:35  loss: 0.7056 (0.7036)  time: 0.7507 (0.7000 -- 0.8079)  data: 0.0005 (0.0001 -- 0.0014)  max mem: 37583
[1,0]<stdout>:Epoch: [56]  [ 80/104]  eta: 0:00:19  loss: 0.7071 (0.7038)  time: 0.7548 (0.6860 -- 0.8068)  data: 0.0005 (0.0001 -- 0.0008)  max mem: 37583
[1,0]<stdout>:Epoch: [56]  [100/104]  eta: 0:00:03  loss: 0.7009 (0.7037)  time: 0.7373 (0.6609 -- 0.7891)  data: 0.0005 (0.0002 -- 0.0012)  max mem: 37583
[1,0]<stdout>:Epoch: [56]  [103/104]  eta: 0:00:00  loss: 0.6993 (0.7037)  time: 0.7246 (0.6608 -- 0.7891)  data: 0.0004 (0.0001 -- 0.0012)  max mem: 37583
[1,0]<stdout>:Epoch: [56] Total time: 0:01:21 (0.7790 s / it)
[1,0]<stdout>:Averaged stats: [1,0]<stdout>:loss: 0.6993 (0.7048)
[1,0]<stdout>:Epoch: [57]  [  0/104]  eta: 0:07:17  loss: 0.7210 (0.7210)  time: 4.2094 (4.2094 -- 4.2094)  data: 2.8465 (2.8465 -- 2.8465)  max mem: 37583
[1,0]<stdout>:Epoch: [57]  [ 20/104]  eta: 0:01:17  loss: 0.7065 (0.7062)  time: 0.7606 (0.6620 -- 0.8349)  data: 0.0005 (0.0001 -- 0.0009)  max mem: 37583
[1,0]<stdout>:Epoch: [57]  [ 40/104]  eta: 0:00:53  loss: 0.7033 (0.7057)  time: 0.7427 (0.6881 -- 0.7955)  data: 0.0005 (0.0001 -- 0.0010)  max mem: 37583
[1,0]<stdout>:Epoch: [57]  [ 60/104]  eta: 0:00:35  loss: 0.7075 (0.7062)  time: 0.7469 (0.7121 -- 0.8003)  data: 0.0005 (0.0002 -- 0.0014)  max mem: 37583
[1,0]<stdout>:Epoch: [57]  [ 80/104]  eta: 0:00:19  loss: 0.7001 (0.7050)  time: 0.7527 (0.7214 -- 0.8060)  data: 0.0005 (0.0001 -- 0.0009)  max mem: 37583
[1,0]<stdout>:Epoch: [57]  [100/104]  eta: 0:00:03  loss: 0.7005 (0.7049)  time: 0.7296 (0.6538 -- 0.8014)  data: 0.0005 (0.0001 -- 0.0010)  max mem: 37583
[1,0]<stdout>:Epoch: [57]  [103/104]  eta: 0:00:00  loss: 0.7005 (0.7049)  time: 0.7133 (0.6538 -- 0.7961)  data: 0.0004 (0.0001 -- 0.0010)  max mem: 37583
[1,0]<stdout>:Epoch: [57] Total time: 0:01:20 (0.7776 s / it)
[1,0]<stdout>:Averaged stats:[1,0]<stdout>: [1,0]<stdout>:loss: 0.7005 (0.7040)
[1,0]<stdout>:Epoch: [58]  [  0/104]  eta: 0:07:27  loss: 0.7106 (0.7106)  time: 4.3060 (4.3060 -- 4.3060)  data: 2.7350 (2.7350 -- 2.7350)  max mem: 37583
[1,0]<stdout>:Epoch: [58]  [ 20/104]  eta: 0:01:17  loss: 0.7044 (0.7066)  time: 0.7516 (0.6902 -- 0.8662)  data: 0.0006 (0.0002 -- 0.0022)  max mem: 37583
[1,0]<stdout>:Epoch: [58]  [ 40/104]  eta: 0:00:53  loss: 0.7048 (0.7060)  time: 0.7496 (0.6966 -- 0.8512)  data: 0.0004 (0.0001 -- 0.0007)  max mem: 37583
[1,0]<stdout>:Epoch: [58]  [ 60/104]  eta: 0:00:35  loss: 0.6997 (0.7044)  time: 0.7532 (0.6903 -- 0.8323)  data: 0.0005 (0.0002 -- 0.0009)  max mem: 37583
[1,0]<stdout>:Epoch: [58]  [ 80/104]  eta: 0:00:19  loss: 0.7012 (0.7042)  time: 0.7532 (0.6974 -- 0.8310)  data: 0.0004 (0.0001 -- 0.0009)  max mem: 37583
[1,0]<stdout>:Epoch: [58]  [100/104]  eta: 0:00:03  loss: 0.7062 (0.7042)  time: 0.7292 (0.6572 -- 0.7874)  data: 0.0006 (0.0001 -- 0.0011)  max mem: 37583
[1,0]<stdout>:Epoch: [58]  [103/104]  eta: 0:00:00  loss: 0.6983 (0.7042)  time: 0.7153 (0.6572 -- 0.7874)  data: 0.0005 (0.0001 -- 0.0011)  max mem: 37583
[1,0]<stdout>:Epoch: [58] Total time: 0:01:21 (0.7796 s / it)
[1,0]<stdout>:Averaged stats: [1,0]<stdout>:loss: 0.6983 (0.7031)
[1,0]<stdout>:Epoch: [59]  [  0/104]  eta: 0:07:09  loss: 0.7165 (0.7165)  time: 4.1275 (4.1275 -- 4.1275)  data: 2.6230 (2.6230 -- 2.6230)  max mem: 37583
[1,0]<stdout>:Epoch: [59]  [ 20/104]  eta: 0:01:18  loss: 0.7004 (0.7014)  time: 0.7785 (0.6696 -- 1.1484)  data: 0.0006 (0.0002 -- 0.0011)  max mem: 37583
[1,0]<stdout>:Epoch: [59]  [ 40/104]  eta: 0:00:54  loss: 0.7033 (0.7027)  time: 0.7719 (0.6714 -- 1.0913)  data: 0.0006 (0.0001 -- 0.0009)  max mem: 37583
[1,0]<stdout>:Epoch: [59]  [ 60/104]  eta: 0:00:36  loss: 0.6996 (0.7028)  time: 0.7514 (0.6969 -- 0.8114)  data: 0.0006 (0.0002 -- 0.0015)  max mem: 37583
[1,0]<stdout>:Epoch: [59]  [ 80/104]  eta: 0:00:19  loss: 0.7022 (0.7027)  time: 0.7452 (0.6887 -- 0.7980)  data: 0.0005 (0.0001 -- 0.0010)  max mem: 37583
[1,0]<stdout>:Epoch: [59]  [100/104]  eta: 0:00:03  loss: 0.6974 (0.7016)  time: 0.7235 (0.6650 -- 0.7777)  data: 0.0005 (0.0002 -- 0.0010)  max mem: 37583
[1,0]<stdout>:Epoch: [59]  [103/104]  eta: 0:00:00  loss: 0.6974 (0.7015)  time: 0.7104 (0.6596 -- 0.7777)  data: 0.0005 (0.0001 -- 0.0009)  max mem: 37583
[1,0]<stdout>:Epoch: [59] Total time: 0:01:21 (0.7841 s / it)
[1,0]<stdout>:Averaged stats: [1,0]<stdout>:loss: 0.6974 (0.7023)
[1,0]<stdout>:Epoch: [60]  [  0/104]  eta: 0:07:24  loss: 0.6941 (0.6941)  time: 4.2717 (4.2717 -- 4.2717)  data: 2.8090 (2.8090 -- 2.8090)  max mem: 37583
[1,0]<stdout>:Epoch: [60]  [ 20/104]  eta: 0:01:17  loss: 0.6987 (0.7010)  time: 0.7519 (0.6792 -- 0.8368)  data: 0.0005 (0.0001 -- 0.0013)  max mem: 37583
[1,0]<stdout>:Epoch: [60]  [ 40/104]  eta: 0:00:55  loss: 0.7017 (0.7010)  time: 0.7983 (0.7001 -- 1.1283)  data: 0.0006 (0.0001 -- 0.0012)  max mem: 37583
[1,0]<stdout>:Epoch: [60]  [ 60/104]  eta: 0:00:36  loss: 0.6969 (0.7008)  time: 0.7538 (0.6771 -- 1.1341)  data: 0.0005 (0.0001 -- 0.0010)  max mem: 37583
[1,0]<stdout>:Epoch: [60]  [ 80/104]  eta: 0:00:19  loss: 0.7038 (0.7017)  time: 0.7589 (0.6697 -- 1.0975)  data: 0.0006 (0.0002 -- 0.0010)  max mem: 37583
[1,0]<stdout>:Epoch: [60]  [100/104]  eta: 0:00:03  loss: 0.7000 (0.7015)  time: 0.7186 (0.6588 -- 0.7814)  data: 0.0004 (0.0001 -- 0.0009)  max mem: 37583
[1,0]<stdout>:Epoch: [60]  [103/104]  eta: 0:00:00  loss: 0.6958 (0.7013)  time: 0.7097 (0.6588 -- 0.7814)  data: 0.0004 (0.0001 -- 0.0009)  max mem: 37583
[1,0]<stdout>:Epoch: [60] Total time: 0:01:21 (0.7875 s / it)
[1,0]<stdout>:Averaged stats: [1,0]<stdout>:loss: 0.6958 (0.7016)
[1,0]<stdout>:TEST...   [ 0/20]  eta: 0:00:57  loss: 0.6997 (0.6997)  time: 2.8777 (2.8777 -- 2.8777)  data: 2.7422 (2.7422 -- 2.7422)  max mem: 37583
[1,0]<stdout>:TEST...   [19/20]  eta: 0:00:00  loss: 0.7011 (0.7001)  time: 0.6833 (0.0737 -- 2.8777)  data: 0.5571 (0.0000 -- 2.7422)  max mem: 37583
[1,0]<stdout>:TEST...  Total time: 0:00:13 (0.6834 s / it)
[1,0]<stdout>:Averaged stats: loss: 0.7011 (0.6990)[1,0]<stdout>:
[1,0]<stdout>:[CKPT] Saved improved checkpoint: /leonardo/home/userexternal/ddarmien/Demetra/moduli/videomae/output/checkpoint-60.pth (test_loss 0.698976, prev 0.7072210385464132)
[1,0]<stdout>:Epoch: [61]  [  0/104]  eta: 0:04:51  loss: 0.7113 (0.7113)  time: 2.8027 (2.8027 -- 2.8027)  data: 2.1385 (2.1385 -- 2.1385)  max mem: 37583
[1,0]<stdout>:Epoch: [61]  [ 20/104]  eta: 0:01:09  loss: 0.7034 (0.7005)  time: 0.7307 (0.6648 -- 0.8105)  data: 0.0004 (0.0001 -- 0.0007)  max mem: 37583
[1,0]<stdout>:Epoch: [61]  [ 40/104]  eta: 0:00:50  loss: 0.7103 (0.7025)  time: 0.7418 (0.6913 -- 0.7889)  data: 0.0005 (0.0002 -- 0.0012)  max mem: 37583
[1,0]<stdout>:Epoch: [61]  [ 60/104]  eta: 0:00:34  loss: 0.7030 (0.7019)  time: 0.7525 (0.6989 -- 0.8025)  data: 0.0005 (0.0001 -- 0.0012)  max mem: 37583
[1,0]<stdout>:Epoch: [61]  [ 80/104]  eta: 0:00:18  loss: 0.7009 (0.7009)  time: 0.7556 (0.6865 -- 0.8274)  data: 0.0005 (0.0002 -- 0.0010)  max mem: 37583
[1,0]<stdout>:Epoch: [61]  [100/104]  eta: 0:00:03  loss: 0.7004 (0.7006)  time: 0.7264 (0.6550 -- 0.7876)  data: 0.0005 (0.0001 -- 0.0011)  max mem: 37583
[1,0]<stdout>:Epoch: [61]  [103/104]  eta: 0:00:00  loss: 0.7026 (0.7009)  time: 0.7100 (0.6550 -- 0.7876)  data: 0.0005 (0.0001 -- 0.0011)  max mem: 37583
[1,0]<stdout>:Epoch: [61] Total time: 0:01:18 (0.7589 s / it)
[1,0]<stdout>:Averaged stats: [1,0]<stdout>:loss: 0.7026 (0.7006)
[1,0]<stdout>:Epoch: [62]  [  0/104]  eta: 0:07:14  loss: 0.7047 (0.7047)  time: 4.1817 (4.1817 -- 4.1817)  data: 2.3079 (2.3079 -- 2.3079)  max mem: 37583[1,0]<stdout>:
[1,0]<stdout>:Epoch: [62]  [ 20/104]  eta: 0:01:17  loss: 0.7006 (0.7015)  time: 0.7647 (0.6870 -- 1.0903)  data: 0.0005 (0.0002 -- 0.0022)  max mem: 37583
[1,0]<stdout>:Epoch: [62]  [ 40/104]  eta: 0:00:54  loss: 0.7043 (0.7041)  time: 0.7679 (0.6739 -- 1.0511)  data: 0.0005 (0.0001 -- 0.0009)  max mem: 37583
[1,0]<stdout>:Epoch: [62]  [ 60/104]  eta: 0:00:36  loss: 0.6967 (0.7024)  time: 0.7540 (0.6661 -- 1.0842)  data: 0.0004 (0.0001 -- 0.0010)  max mem: 37583
[1,0]<stdout>:Epoch: [62]  [ 80/104]  eta: 0:00:19  loss: 0.7014 (0.7019)  time: 0.7518 (0.6964 -- 0.7924)  data: 0.0007 (0.0001 -- 0.0033)  max mem: 37583
[1,0]<stdout>:Epoch: [62]  [100/104]  eta: 0:00:03  loss: 0.7039 (0.7018)  time: 0.7390 (0.6683 -- 0.8064)  data: 0.0006 (0.0001 -- 0.0016)  max mem: 37583
[1,0]<stdout>:Epoch: [62]  [103/104]  eta: 0:00:00  loss: 0.7026 (0.7017)  time: 0.7274 (0.6611 -- 0.8064)  data: 0.0005 (0.0001 -- 0.0016)  max mem: 37583
[1,0]<stdout>:Epoch: [62] Total time: 0:01:21 (0.7860 s / it)
[1,0]<stdout>:Averaged stats: [1,0]<stdout>:loss: 0.7026 (0.7000)
[1,0]<stdout>:Epoch: [63]  [  0/104]  eta: 0:07:09  loss: 0.6954 (0.6954)  time: 4.1290 (4.1290 -- 4.1290)  data: 2.2774 (2.2774 -- 2.2774)  max mem: 37583[1,0]<stdout>:
[1,0]<stdout>:Epoch: [63]  [ 20/104]  eta: 0:01:16  loss: 0.6947 (0.6982)  time: 0.7549 (0.6799 -- 1.0902)  data: 0.0006 (0.0002 -- 0.0013)  max mem: 37583
[1,0]<stdout>:Epoch: [63]  [ 40/104]  eta: 0:00:52  loss: 0.7000 (0.6980)  time: 0.7335 (0.6925 -- 0.8022)  data: 0.0005 (0.0001 -- 0.0008)  max mem: 37583
[1,0]<stdout>:Epoch: [63]  [ 60/104]  eta: 0:00:35  loss: 0.6994 (0.6984)  time: 0.7734 (0.6902 -- 1.1007)  data: 0.0005 (0.0001 -- 0.0010)  max mem: 37583
[1,0]<stdout>:Epoch: [63]  [ 80/104]  eta: 0:00:19  loss: 0.6971 (0.6981)  time: 0.7523 (0.7058 -- 1.0495)  data: 0.0005 (0.0001 -- 0.0011)  max mem: 37583
[1,0]<stdout>:Epoch: [63]  [100/104]  eta: 0:00:03  loss: 0.7046 (0.6992)  time: 0.7246 (0.6608 -- 0.7760)  data: 0.0004 (0.0001 -- 0.0009)  max mem: 37583
[1,0]<stdout>:Epoch: [63]  [103/104]  eta: 0:00:00  loss: 0.7044 (0.6991)  time: 0.7142 (0.6608 -- 0.7760)  data: 0.0004 (0.0001 -- 0.0009)  max mem: 37583
[1,0]<stdout>:Epoch: [63] Total time: 0:01:20 (0.7780 s / it)
[1,0]<stdout>:Averaged stats: [1,0]<stdout>:loss: 0.7044 (0.6991)
[1,0]<stdout>:Epoch: [64]  [  0/104]  eta: 0:07:19  loss: 0.7034 (0.7034)  time: 4.2283 (4.2283 -- 4.2283)  data: 2.1169 (2.1169 -- 2.1169)  max mem: 37583
[1,0]<stdout>:Epoch: [64]  [ 20/104]  eta: 0:01:17  loss: 0.6939 (0.6963)  time: 0.7517 (0.6811 -- 0.9386)  data: 0.0008 (0.0002 -- 0.0016)  max mem: 37583
[1,0]<stdout>:Epoch: [64]  [ 40/104]  eta: 0:00:53  loss: 0.6950 (0.6958)  time: 0.7489 (0.7096 -- 0.7768)  data: 0.0006 (0.0001 -- 0.0015)  max mem: 37583
[1,0]<stdout>:Epoch: [64]  [ 60/104]  eta: 0:00:35  loss: 0.7018 (0.6964)  time: 0.7415 (0.7022 -- 0.7876)  data: 0.0005 (0.0002 -- 0.0010)  max mem: 37583
[1,0]<stdout>:Epoch: [64]  [ 80/104]  eta: 0:00:18  loss: 0.6947 (0.6960)  time: 0.7475 (0.6984 -- 0.7887)  data: 0.0005 (0.0001 -- 0.0010)  max mem: 37583
[1,0]<stdout>:Epoch: [64]  [100/104]  eta: 0:00:03  loss: 0.6924 (0.6959)  time: 0.7298 (0.6540 -- 0.8030)  data: 0.0004 (0.0001 -- 0.0010)  max mem: 37583
[1,0]<stdout>:Epoch: [64]  [103/104]  eta: 0:00:00  loss: 0.6935 (0.6960)  time: 0.7188 (0.6540 -- 0.8030)  data: 0.0004 (0.0001 -- 0.0010)  max mem: 37583
[1,0]<stdout>:Epoch: [64] Total time: 0:01:20 (0.7751 s / it)
[1,0]<stdout>:Averaged stats: [1,0]<stdout>:loss: 0.6935 (0.6982)
[1,0]<stdout>:Epoch: [65]  [  0/104]  eta: 0:07:09  loss: 0.6954 (0.6954)  time: 4.1279 (4.1279 -- 4.1279)  data: 2.3422 (2.3422 -- 2.3422)  max mem: 37583
[1,0]<stdout>:Epoch: [65]  [ 20/104]  eta: 0:01:17  loss: 0.6959 (0.6986)  time: 0.7610 (0.6974 -- 0.8216)  data: 0.0005 (0.0002 -- 0.0013)  max mem: 37583
[1,0]<stdout>:Epoch: [65]  [ 40/104]  eta: 0:00:53  loss: 0.7005 (0.7001)  time: 0.7603 (0.6966 -- 0.8345)  data: 0.0007 (0.0001 -- 0.0015)  max mem: 37583
[1,0]<stdout>:Epoch: [65]  [ 60/104]  eta: 0:00:35  loss: 0.6931 (0.6988)  time: 0.7675 (0.7306 -- 0.7979)  data: 0.0006 (0.0001 -- 0.0011)  max mem: 37583
[1,0]<stdout>:Epoch: [65]  [ 80/104]  eta: 0:00:19  loss: 0.6979 (0.6992)  time: 0.7688 (0.7265 -- 0.8059)  data: 0.0006 (0.0001 -- 0.0014)  max mem: 37583
[1,0]<stdout>:Epoch: [65]  [100/104]  eta: 0:00:03  loss: 0.7017 (0.6992)  time: 0.7433 (0.6606 -- 0.8123)  data: 0.0006 (0.0001 -- 0.0011)  max mem: 37583
[1,0]<stdout>:Epoch: [65]  [103/104]  eta: 0:00:00  loss: 0.7022 (0.6993)  time: 0.7305 (0.6606 -- 0.8123)  data: 0.0006 (0.0001 -- 0.0011)  max mem: 37583
[1,0]<stdout>:Epoch: [65] Total time: 0:01:22 (0.7900 s / it)
[1,0]<stdout>:Averaged stats: [1,0]<stdout>:loss: 0.7022 (0.6974)
[1,0]<stdout>:Epoch: [66]  [  0/104]  eta: 0:07:16  loss: 0.6955 (0.6955)  time: 4.1971 (4.1971 -- 4.1971)  data: 2.2347 (2.2347 -- 2.2347)  max mem: 37583
[1,0]<stdout>:Epoch: [66]  [ 20/104]  eta: 0:01:17  loss: 0.6998 (0.6953)  time: 0.7532 (0.6923 -- 0.9126)  data: 0.0007 (0.0002 -- 0.0015)  max mem: 37583
[1,0]<stdout>:Epoch: [66]  [ 40/104]  eta: 0:00:53  loss: 0.6955 (0.6956)  time: 0.7478 (0.6914 -- 0.8287)  data: 0.0007 (0.0001 -- 0.0014)  max mem: 37583
[1,0]<stdout>:Epoch: [66]  [ 60/104]  eta: 0:00:35  loss: 0.7009 (0.6965)  time: 0.7492 (0.6875 -- 0.8266)  data: 0.0005 (0.0002 -- 0.0013)  max mem: 37583
[1,0]<stdout>:Epoch: [66]  [ 80/104]  eta: 0:00:19  loss: 0.6977 (0.6968)  time: 0.7506 (0.7238 -- 0.7921)  data: 0.0006 (0.0001 -- 0.0013)  max mem: 37583
[1,0]<stdout>:Epoch: [66]  [100/104]  eta: 0:00:03  loss: 0.6963 (0.6964)  time: 0.7321 (0.6579 -- 0.7934)  data: 0.0006 (0.0001 -- 0.0011)  max mem: 37583
[1,0]<stdout>:Epoch: [66]  [103/104]  eta: 0:00:00  loss: 0.6981 (0.6968)  time: 0.7177 (0.6579 -- 0.7934)  data: 0.0005 (0.0001 -- 0.0011)  max mem: 37583
[1,0]<stdout>:Epoch: [66] Total time: 0:01:20 (0.7775 s / it)
[1,0]<stdout>:Averaged stats: [1,0]<stdout>:loss: 0.6981 (0.6965)
[1,0]<stdout>:Epoch: [67]  [  0/104]  eta: 0:06:53  loss: 0.7161 (0.7161)  time: 3.9716 (3.9716 -- 3.9716)  data: 2.0590 (2.0590 -- 2.0590)  max mem: 37583
[1,0]<stdout>:Epoch: [67]  [ 20/104]  eta: 0:01:16  loss: 0.6903 (0.6932)  time: 0.7613 (0.7031 -- 0.9712)  data: 0.0005 (0.0002 -- 0.0011)  max mem: 37583
[1,0]<stdout>:Epoch: [67]  [ 40/104]  eta: 0:00:53  loss: 0.6955 (0.6955)  time: 0.7461 (0.6721 -- 0.8135)  data: 0.0004 (0.0001 -- 0.0009)  max mem: 37583
[1,0]<stdout>:Epoch: [67]  [ 60/104]  eta: 0:00:35  loss: 0.6862 (0.6938)  time: 0.7567 (0.7180 -- 0.7848)  data: 0.0005 (0.0002 -- 0.0009)  max mem: 37583
[1,0]<stdout>:Epoch: [67]  [ 80/104]  eta: 0:00:19  loss: 0.6969 (0.6952)  time: 0.7449 (0.6878 -- 0.7889)  data: 0.0005 (0.0001 -- 0.0010)  max mem: 37583
[1,0]<stdout>:Epoch: [67]  [100/104]  eta: 0:00:03  loss: 0.6882 (0.6947)  time: 0.7406 (0.6587 -- 0.8063)  data: 0.0006 (0.0001 -- 0.0014)  max mem: 37583
[1,0]<stdout>:Epoch: [67]  [103/104]  eta: 0:00:00  loss: 0.6895 (0.6948)  time: 0.7279 (0.6587 -- 0.8063)  data: 0.0006 (0.0001 -- 0.0014)  max mem: 37583
[1,0]<stdout>:Epoch: [67] Total time: 0:01:20 (0.7788 s / it)
[1,0]<stdout>:Averaged stats: [1,0]<stdout>:loss: 0.6895 (0.6957)
[1,0]<stdout>:Epoch: [68]  [  0/104]  eta: 0:07:13  loss: 0.6979 (0.6979)  time: 4.1706 (4.1706 -- 4.1706)  data: 2.1532 (2.1532 -- 2.1532)  max mem: 37583
[1,0]<stdout>:Epoch: [68]  [ 20/104]  eta: 0:01:16  loss: 0.6869 (0.6917)  time: 0.7459 (0.6866 -- 0.9075)  data: 0.0006 (0.0003 -- 0.0012)  max mem: 37583
[1,0]<stdout>:Epoch: [68]  [ 40/104]  eta: 0:00:53  loss: 0.6905 (0.6926)  time: 0.7528 (0.7032 -- 0.8136)  data: 0.0005 (0.0001 -- 0.0012)  max mem: 37583
[1,0]<stdout>:Epoch: [68]  [ 60/104]  eta: 0:00:35  loss: 0.6967 (0.6940)  time: 0.7507 (0.7122 -- 0.7842)  data: 0.0006 (0.0001 -- 0.0011)  max mem: 37583
[1,0]<stdout>:Epoch: [68]  [ 80/104]  eta: 0:00:19  loss: 0.6937 (0.6947)  time: 0.7488 (0.7011 -- 0.7817)  data: 0.0007 (0.0001 -- 0.0015)  max mem: 37583
[1,0]<stdout>:Epoch: [68]  [100/104]  eta: 0:00:03  loss: 0.6928 (0.6945)  time: 0.7384 (0.6517 -- 0.8069)  data: 0.0006 (0.0001 -- 0.0017)  max mem: 37583
[1,0]<stdout>:Epoch: [68]  [103/104]  eta: 0:00:00  loss: 0.6882 (0.6947)  time: 0.7261 (0.6517 -- 0.8069)  data: 0.0005 (0.0001 -- 0.0017)  max mem: 37583
[1,0]<stdout>:Epoch: [68] Total time: 0:01:20 (0.7781 s / it)
[1,0]<stdout>:Averaged stats: [1,0]<stdout>:loss: 0.6882 (0.6951)
[1,0]<stdout>:Epoch: [69]  [  0/104]  eta: 0:07:15  loss: 0.6970 (0.6970)  time: 4.1883 (4.1883 -- 4.1883)  data: 2.0951 (2.0951 -- 2.0951)  max mem: 37583
[1,0]<stdout>:Epoch: [69]  [ 20/104]  eta: 0:01:16  loss: 0.6962 (0.6960)  time: 0.7454 (0.6880 -- 0.8801)  data: 0.0005 (0.0002 -- 0.0010)  max mem: 37583
[1,0]<stdout>:Epoch: [69]  [ 40/104]  eta: 0:00:53  loss: 0.6837 (0.6925)  time: 0.7478 (0.7157 -- 0.7792)  data: 0.0005 (0.0002 -- 0.0011)  max mem: 37583
[1,0]<stdout>:Epoch: [69]  [ 60/104]  eta: 0:00:35  loss: 0.6956 (0.6944)  time: 0.7632 (0.7215 -- 0.8212)  data: 0.0006 (0.0001 -- 0.0013)  max mem: 37583
[1,0]<stdout>:Epoch: [69]  [ 80/104]  eta: 0:00:19  loss: 0.6874 (0.6934)  time: 0.7542 (0.6923 -- 0.8214)  data: 0.0005 (0.0001 -- 0.0010)  max mem: 37583
[1,0]<stdout>:Epoch: [69]  [100/104]  eta: 0:00:03  loss: 0.6907 (0.6931)  time: 0.7426 (0.6933 -- 0.8312)  data: 0.0005 (0.0001 -- 0.0010)  max mem: 37583
[1,0]<stdout>:Epoch: [69]  [103/104]  eta: 0:00:00  loss: 0.6907 (0.6928)  time: 0.7335 (0.6769 -- 0.8312)  data: 0.0005 (0.0001 -- 0.0010)  max mem: 37583
[1,0]<stdout>:Epoch: [69] Total time: 0:01:21 (0.7822 s / it)
[1,0]<stdout>:Averaged stats: [1,0]<stdout>:loss: 0.6907 (0.6941)
[1,0]<stdout>:Epoch: [70]  [  0/104]  eta: 0:07:05  loss: 0.6846 (0.6846)  time: 4.0933 (4.0933 -- 4.0933)  data: 2.1641 (2.1641 -- 2.1641)  max mem: 37583
[1,0]<stdout>:Epoch: [70]  [ 20/104]  eta: 0:01:16  loss: 0.6884 (0.6904)  time: 0.7537 (0.7016 -- 0.8562)  data: 0.0007 (0.0001 -- 0.0015)  max mem: 37583
[1,0]<stdout>:Epoch: [70]  [ 40/104]  eta: 0:00:53  loss: 0.6934 (0.6925)  time: 0.7566 (0.7149 -- 0.8128)  data: 0.0006 (0.0002 -- 0.0011)  max mem: 37583
[1,0]<stdout>:Epoch: [70]  [ 60/104]  eta: 0:00:35  loss: 0.6926 (0.6930)  time: 0.7541 (0.6982 -- 0.7976)  data: 0.0006 (0.0002 -- 0.0015)  max mem: 37583
[1,0]<stdout>:Epoch: [70]  [ 80/104]  eta: 0:00:19  loss: 0.6957 (0.6942)  time: 0.7427 (0.7097 -- 0.7888)  data: 0.0006 (0.0001 -- 0.0013)  max mem: 37583
[1,0]<stdout>:Epoch: [70]  [100/104]  eta: 0:00:03  loss: 0.6957 (0.6942)  time: 0.7235 (0.6597 -- 0.7821)  data: 0.0005 (0.0001 -- 0.0010)  max mem: 37583
[1,0]<stdout>:Epoch: [70]  [103/104]  eta: 0:00:00  loss: 0.6952 (0.6942)  time: 0.7140 (0.6597 -- 0.7752)  data: 0.0005 (0.0001 -- 0.0010)  max mem: 37583
[1,0]<stdout>:Epoch: [70] Total time: 0:01:20 (0.7765 s / it)
[1,0]<stdout>:Averaged stats: [1,0]<stdout>:loss: 0.6952 (0.6932)
[1,0]<stdout>:TEST...   [ 0/20]  eta: 0:00:56  loss: 0.6940 (0.6940)  time: 2.8496 (2.8496 -- 2.8496)  data: 2.7148 (2.7148 -- 2.7148)  max mem: 37583
[1,0]<stdout>:TEST...   [19/20]  eta: 0:00:00  loss: 0.6940 (0.6928)  time: 0.5988 (0.0738 -- 2.8496)  data: 0.4751 (0.0000 -- 2.7148)  max mem: 37583
[1,0]<stdout>:TEST...  Total time: 0:00:11 (0.5989 s / it)
[1,0]<stdout>:Averaged stats: [1,0]<stdout>:loss: 0.6940 (0.6915)
[1,0]<stdout>:[CKPT] Saved improved checkpoint: /leonardo/home/userexternal/ddarmien/Demetra/moduli/videomae/output/checkpoint-70.pth (test_loss 0.691461, prev 0.6989763178862631)
[1,0]<stdout>:Epoch: [71]  [  0/104]  eta: 0:04:58  loss: 0.6838 (0.6838)  time: 2.8726 (2.8726 -- 2.8726)  data: 2.1884 (2.1884 -- 2.1884)  max mem: 37583
[1,0]<stdout>:Epoch: [71]  [ 20/104]  eta: 0:01:12  loss: 0.6935 (0.6914)  time: 0.7587 (0.6629 -- 0.8720)  data: 0.0006 (0.0001 -- 0.0013)  max mem: 37583
[1,0]<stdout>:Epoch: [71]  [ 40/104]  eta: 0:00:51  loss: 0.6967 (0.6917)  time: 0.7413 (0.6978 -- 0.7941)  data: 0.0005 (0.0002 -- 0.0016)  max mem: 37583
[1,0]<stdout>:Epoch: [71]  [ 60/104]  eta: 0:00:34  loss: 0.6927 (0.6917)  time: 0.7394 (0.6965 -- 0.8069)  data: 0.0006 (0.0001 -- 0.0010)  max mem: 37583
[1,0]<stdout>:Epoch: [71]  [ 80/104]  eta: 0:00:18  loss: 0.6946 (0.6934)  time: 0.7510 (0.6940 -- 0.7985)  data: 0.0007 (0.0001 -- 0.0013)  max mem: 37583
[1,0]<stdout>:Epoch: [71]  [100/104]  eta: 0:00:03  loss: 0.6968 (0.6932)  time: 0.7286 (0.6556 -- 0.8174)  data: 0.0004 (0.0001 -- 0.0008)  max mem: 37583
[1,0]<stdout>:Epoch: [71]  [103/104]  eta: 0:00:00  loss: 0.6971 (0.6933)  time: 0.7146 (0.6521 -- 0.8174)  data: 0.0004 (0.0001 -- 0.0008)  max mem: 37583
[1,0]<stdout>:Epoch: [71] Total time: 0:01:19 (0.7618 s / it)
[1,0]<stdout>:Averaged stats: [1,0]<stdout>:loss: 0.6971 (0.6925)
[1,0]<stdout>:Epoch: [72]  [  0/104]  eta: 0:07:22  loss: 0.6992 (0.6992)  time: 4.2562 (4.2562 -- 4.2562)  data: 2.3059 (2.3059 -- 2.3059)  max mem: 37583
[1,0]<stdout>:Epoch: [72]  [ 20/104]  eta: 0:01:16  loss: 0.6865 (0.6899)  time: 0.7493 (0.6954 -- 0.9098)  data: 0.0005 (0.0001 -- 0.0010)  max mem: 37583
[1,0]<stdout>:Epoch: [72]  [ 40/104]  eta: 0:00:53  loss: 0.6986 (0.6937)  time: 0.7521 (0.7017 -- 0.8129)  data: 0.0005 (0.0001 -- 0.0010)  max mem: 37583
[1,0]<stdout>:Epoch: [72]  [ 60/104]  eta: 0:00:35  loss: 0.6884 (0.6931)  time: 0.7416 (0.6720 -- 0.8122)  data: 0.0006 (0.0001 -- 0.0012)  max mem: 37583
[1,0]<stdout>:Epoch: [72]  [ 80/104]  eta: 0:00:18  loss: 0.6891 (0.6920)  time: 0.7497 (0.7192 -- 0.7996)  data: 0.0006 (0.0002 -- 0.0010)  max mem: 37583
[1,0]<stdout>:Epoch: [72]  [100/104]  eta: 0:00:03  loss: 0.6959 (0.6928)  time: 0.7264 (0.6572 -- 0.7984)  data: 0.0004 (0.0001 -- 0.0011)  max mem: 37583
[1,0]<stdout>:Epoch: [72]  [103/104]  eta: 0:00:00  loss: 0.6966 (0.6931)  time: 0.7149 (0.6572 -- 0.7984)  data: 0.0004 (0.0001 -- 0.0011)  max mem: 37583
[1,0]<stdout>:Epoch: [72] Total time: 0:01:20 (0.7754 s / it)
[1,0]<stdout>:Averaged stats: [1,0]<stdout>:loss: 0.6966 (0.6917)
[1,0]<stdout>:Epoch: [73]  [  0/104]  eta: 0:07:40  loss: 0.7178 (0.7178)  time: 4.4261 (4.4261 -- 4.4261)  data: 2.9795 (2.9795 -- 2.9795)  max mem: 37583
[1,0]<stdout>:Epoch: [73]  [ 20/104]  eta: 0:01:18  loss: 0.6966 (0.6967)  time: 0.7600 (0.6935 -- 0.8702)  data: 0.0005 (0.0001 -- 0.0011)  max mem: 37583
[1,0]<stdout>:Epoch: [73]  [ 40/104]  eta: 0:00:54  loss: 0.6902 (0.6936)  time: 0.7531 (0.7015 -- 0.8089)  data: 0.0005 (0.0002 -- 0.0009)  max mem: 37583
[1,0]<stdout>:Epoch: [73]  [ 60/104]  eta: 0:00:36  loss: 0.6929 (0.6933)  time: 0.7670 (0.7174 -- 0.8185)  data: 0.0006 (0.0001 -- 0.0016)  max mem: 37583
[1,0]<stdout>:Epoch: [73]  [ 80/104]  eta: 0:00:19  loss: 0.6902 (0.6926)  time: 0.7707 (0.7049 -- 0.8617)  data: 0.0005 (0.0001 -- 0.0009)  max mem: 37583
[1,0]<stdout>:Epoch: [73]  [100/104]  eta: 0:00:03  loss: 0.6970 (0.6931)  time: 0.7861 (0.6917 -- 0.9418)  data: 0.0005 (0.0001 -- 0.0014)  max mem: 37583
[1,0]<stdout>:Epoch: [73]  [103/104]  eta: 0:00:00  loss: 0.6939 (0.6929)  time: 0.7797 (0.6664 -- 0.9418)  data: 0.0004 (0.0001 -- 0.0014)  max mem: 37583
[1,0]<stdout>:Epoch: [73] Total time: 0:01:23 (0.8018 s / it)
[1,0]<stdout>:Averaged stats: [1,0]<stdout>:loss: 0.6939 (0.6910)
[1,0]<stdout>:Epoch: [74]  [  0/104]  eta: 0:07:43  loss: 0.7107 (0.7107)  time: 4.4579 (4.4579 -- 4.4579)  data: 2.8263 (2.8263 -- 2.8263)  max mem: 37583
[1,0]<stdout>:Epoch: [74]  [ 20/104]  eta: 0:01:22  loss: 0.6859 (0.6920)  time: 0.8142 (0.7452 -- 0.9120)  data: 0.0006 (0.0001 -- 0.0011)  max mem: 37583
[1,0]<stdout>:Epoch: [74]  [ 40/104]  eta: 0:00:57  loss: 0.6854 (0.6884)  time: 0.8086 (0.7025 -- 0.9055)  data: 0.0005 (0.0001 -- 0.0010)  max mem: 37583
[1,0]<stdout>:Epoch: [74]  [ 60/104]  eta: 0:00:38  loss: 0.6918 (0.6898)  time: 0.8036 (0.7217 -- 0.9361)  data: 0.0006 (0.0002 -- 0.0010)  max mem: 37583
[1,0]<stdout>:Epoch: [74]  [ 80/104]  eta: 0:00:20  loss: 0.6917 (0.6908)  time: 0.7733 (0.7140 -- 0.8534)  data: 0.0005 (0.0001 -- 0.0010)  max mem: 37583
[1,0]<stdout>:Epoch: [74]  [100/104]  eta: 0:00:03  loss: 0.6898 (0.6905)  time: 0.7506 (0.6691 -- 0.8996)  data: 0.0006 (0.0001 -- 0.0015)  max mem: 37583
[1,0]<stdout>:Epoch: [74]  [103/104]  eta: 0:00:00  loss: 0.6904 (0.6908)  time: 0.7342 (0.6563 -- 0.8996)  data: 0.0005 (0.0001 -- 0.0010)  max mem: 37583
[1,0]<stdout>:Epoch: [74] Total time: 0:01:25 (0.8217 s / it)
[1,0]<stdout>:Averaged stats: [1,0]<stdout>:loss: 0.6904 (0.6901)
[1,0]<stdout>:Epoch: [75]  [  0/104]  eta: 0:07:31  loss: 0.6603 (0.6603)  time: 4.3446 (4.3446 -- 4.3446)  data: 2.7916 (2.7916 -- 2.7916)  max mem: 37583
[1,0]<stdout>:Epoch: [75]  [ 20/104]  eta: 0:01:18  loss: 0.6933 (0.6884)  time: 0.7675 (0.6992 -- 0.8689)  data: 0.0006 (0.0001 -- 0.0011)  max mem: 37583
[1,0]<stdout>:Epoch: [75]  [ 40/104]  eta: 0:00:54  loss: 0.6891 (0.6882)  time: 0.7624 (0.7154 -- 0.8016)  data: 0.0006 (0.0001 -- 0.0013)  max mem: 37583
[1,0]<stdout>:Epoch: [75]  [ 60/104]  eta: 0:00:36  loss: 0.6884 (0.6890)  time: 0.7547 (0.7188 -- 0.8589)  data: 0.0006 (0.0001 -- 0.0014)  max mem: 37583
[1,0]<stdout>:Epoch: [75]  [ 80/104]  eta: 0:00:19  loss: 0.6862 (0.6885)  time: 0.7678 (0.7251 -- 0.8235)  data: 0.0006 (0.0001 -- 0.0019)  max mem: 37583
[1,0]<stdout>:Epoch: [75]  [100/104]  eta: 0:00:03  loss: 0.6869 (0.6886)  time: 0.7378 (0.6570 -- 0.8341)  data: 0.0005 (0.0001 -- 0.0010)  max mem: 37583
[1,0]<stdout>:Epoch: [75]  [103/104]  eta: 0:00:00  loss: 0.6898 (0.6889)  time: 0.7265 (0.6570 -- 0.8341)  data: 0.0005 (0.0001 -- 0.0010)  max mem: 37583
[1,0]<stdout>:Epoch: [75] Total time: 0:01:22 (0.7899 s / it)
[1,0]<stdout>:Averaged stats: [1,0]<stdout>:loss: 0.6898 (0.6892)
[1,0]<stdout>:Epoch: [76]  [  0/104]  eta: 0:07:45  loss: 0.7171 (0.7171)  time: 4.4764 (4.4764 -- 4.4764)  data: 2.9647 (2.9647 -- 2.9647)  max mem: 37583
[1,0]<stdout>:Epoch: [76]  [ 20/104]  eta: 0:01:19  loss: 0.6909 (0.6938)  time: 0.7682 (0.7180 -- 0.8590)  data: 0.0005 (0.0001 -- 0.0011)  max mem: 37583
[1,0]<stdout>:Epoch: [76]  [ 40/104]  eta: 0:00:54  loss: 0.6830 (0.6885)  time: 0.7524 (0.7140 -- 0.8057)  data: 0.0005 (0.0001 -- 0.0009)  max mem: 37583
[1,0]<stdout>:Epoch: [76]  [ 60/104]  eta: 0:00:35  loss: 0.6847 (0.6870)  time: 0.7504 (0.6941 -- 0.7941)  data: 0.0006 (0.0001 -- 0.0010)  max mem: 37583
[1,0]<stdout>:Epoch: [76]  [ 80/104]  eta: 0:00:19  loss: 0.6895 (0.6870)  time: 0.7628 (0.7259 -- 0.8064)  data: 0.0005 (0.0001 -- 0.0010)  max mem: 37583
[1,0]<stdout>:Epoch: [76]  [100/104]  eta: 0:00:03  loss: 0.6916 (0.6881)  time: 0.7382 (0.6624 -- 0.8040)  data: 0.0005 (0.0001 -- 0.0011)  max mem: 37583
[1,0]<stdout>:Epoch: [76]  [103/104]  eta: 0:00:00  loss: 0.6916 (0.6883)  time: 0.7221 (0.6601 -- 0.7805)  data: 0.0005 (0.0001 -- 0.0011)  max mem: 37583
[1,0]<stdout>:Epoch: [76] Total time: 0:01:21 (0.7878 s / it)
[1,0]<stdout>:Averaged stats: [1,0]<stdout>:loss: 0.6916 (0.6884)
[1,0]<stdout>:Epoch: [77]  [  0/104]  eta: 0:07:36  loss: 0.6758 (0.6758)  time: 4.3932 (4.3932 -- 4.3932)  data: 2.5599 (2.5599 -- 2.5599)  max mem: 37583
[1,0]<stdout>:Epoch: [77]  [ 20/104]  eta: 0:01:18  loss: 0.6882 (0.6877)  time: 0.7567 (0.6886 -- 0.8546)  data: 0.0006 (0.0002 -- 0.0015)  max mem: 37583
[1,0]<stdout>:Epoch: [77]  [ 40/104]  eta: 0:00:54  loss: 0.6885 (0.6889)  time: 0.7579 (0.7203 -- 0.8023)  data: 0.0005 (0.0001 -- 0.0012)  max mem: 37583
[1,0]<stdout>:Epoch: [77]  [ 60/104]  eta: 0:00:35  loss: 0.6858 (0.6883)  time: 0.7580 (0.7144 -- 0.8173)  data: 0.0005 (0.0001 -- 0.0010)  max mem: 37583
[1,0]<stdout>:Epoch: [77]  [ 80/104]  eta: 0:00:19  loss: 0.6804 (0.6872)  time: 0.7532 (0.7175 -- 0.7862)  data: 0.0005 (0.0001 -- 0.0011)  max mem: 37583
[1,0]<stdout>:Epoch: [77]  [100/104]  eta: 0:00:03  loss: 0.6854 (0.6877)  time: 0.7418 (0.6592 -- 0.8543)  data: 0.0006 (0.0001 -- 0.0012)  max mem: 37583
[1,0]<stdout>:Epoch: [77]  [103/104]  eta: 0:00:00  loss: 0.6854 (0.6875)  time: 0.7294 (0.6592 -- 0.8543)  data: 0.0006 (0.0001 -- 0.0012)  max mem: 37583
[1,0]<stdout>:Epoch: [77] Total time: 0:01:21 (0.7862 s / it)
[1,0]<stdout>:Averaged stats: [1,0]<stdout>:loss: 0.6854 (0.6876)
[1,0]<stdout>:Epoch: [78]  [  0/104]  eta: 0:07:28  loss: 0.6906 (0.6906)  time: 4.3155 (4.3155 -- 4.3155)  data: 2.8251 (2.8251 -- 2.8251)  max mem: 37583
[1,0]<stdout>:Epoch: [78]  [ 20/104]  eta: 0:01:18  loss: 0.6903 (0.6892)  time: 0.7600 (0.6823 -- 0.8648)  data: 0.0005 (0.0001 -- 0.0013)  max mem: 37583
[1,0]<stdout>:Epoch: [78]  [ 40/104]  eta: 0:00:54  loss: 0.6857 (0.6882)  time: 0.7601 (0.7031 -- 0.8345)  data: 0.0006 (0.0001 -- 0.0014)  max mem: 37583
[1,0]<stdout>:Epoch: [78]  [ 60/104]  eta: 0:00:36  loss: 0.6853 (0.6866)  time: 0.7646 (0.6925 -- 0.8369)  data: 0.0006 (0.0002 -- 0.0013)  max mem: 37583
[1,0]<stdout>:Epoch: [78]  [ 80/104]  eta: 0:00:19  loss: 0.6835 (0.6864)  time: 0.7532 (0.6975 -- 0.8139)  data: 0.0006 (0.0001 -- 0.0010)  max mem: 37583
[1,0]<stdout>:Epoch: [78]  [100/104]  eta: 0:00:03  loss: 0.6913 (0.6873)  time: 0.7403 (0.6654 -- 0.8205)  data: 0.0006 (0.0001 -- 0.0015)  max mem: 37583
[1,0]<stdout>:Epoch: [78]  [103/104]  eta: 0:00:00  loss: 0.6911 (0.6871)  time: 0.7263 (0.6582 -- 0.8205)  data: 0.0005 (0.0001 -- 0.0015)  max mem: 37583
[1,0]<stdout>:Epoch: [78] Total time: 0:01:21 (0.7872 s / it)
[1,0]<stdout>:Averaged stats: [1,0]<stdout>:loss: 0.6911 (0.6869)
[1,0]<stdout>:Epoch: [79]  [  0/104]  eta: 0:07:12  loss: 0.6919 (0.6919)  time: 4.1552 (4.1552 -- 4.1552)  data: 2.5926 (2.5926 -- 2.5926)  max mem: 37583[1,0]<stdout>:
[1,0]<stdout>:Epoch: [79]  [ 20/104]  eta: 0:01:18  loss: 0.6873 (0.6877)  time: 0.7737 (0.6953 -- 0.9278)  data: 0.0005 (0.0002 -- 0.0011)  max mem: 37583
[1,0]<stdout>:Epoch: [79]  [ 40/104]  eta: 0:00:54  loss: 0.6824 (0.6853)  time: 0.7516 (0.6793 -- 0.7961)  data: 0.0005 (0.0002 -- 0.0012)  max mem: 37583
[1,0]<stdout>:Epoch: [79]  [ 60/104]  eta: 0:00:36  loss: 0.6783 (0.6847)  time: 0.7626 (0.7045 -- 0.8328)  data: 0.0005 (0.0002 -- 0.0010)  max mem: 37583
[1,0]<stdout>:Epoch: [79]  [ 80/104]  eta: 0:00:19  loss: 0.6856 (0.6843)  time: 0.7555 (0.7004 -- 0.8498)  data: 0.0006 (0.0003 -- 0.0014)  max mem: 37583
[1,0]<stdout>:Epoch: [79]  [100/104]  eta: 0:00:03  loss: 0.6884 (0.6852)  time: 0.7366 (0.6623 -- 0.7949)  data: 0.0005 (0.0001 -- 0.0010)  max mem: 37583
[1,0]<stdout>:Epoch: [79]  [103/104]  eta: 0:00:00  loss: 0.6880 (0.6853)  time: 0.7240 (0.6623 -- 0.7949)  data: 0.0004 (0.0001 -- 0.0010)  max mem: 37583
[1,0]<stdout>:Epoch: [79] Total time: 0:01:21 (0.7864 s / it)
[1,0]<stdout>:Averaged stats: [1,0]<stdout>:loss: 0.6880 (0.6860)
[1,0]<stdout>:Epoch: [80]  [  0/104]  eta: 0:07:32  loss: 0.6851 (0.6851)  time: 4.3523 (4.3523 -- 4.3523)  data: 2.6078 (2.6078 -- 2.6078)  max mem: 37583
[1,0]<stdout>:Epoch: [80]  [ 20/104]  eta: 0:01:18  loss: 0.6813 (0.6834)  time: 0.7669 (0.6838 -- 0.9102)  data: 0.0007 (0.0002 -- 0.0015)  max mem: 37583
[1,0]<stdout>:Epoch: [80]  [ 40/104]  eta: 0:00:54  loss: 0.6817 (0.6838)  time: 0.7501 (0.6990 -- 0.8246)  data: 0.0005 (0.0003 -- 0.0010)  max mem: 37583
[1,0]<stdout>:Epoch: [80]  [ 60/104]  eta: 0:00:35  loss: 0.6834 (0.6843)  time: 0.7514 (0.6892 -- 0.8808)  data: 0.0005 (0.0001 -- 0.0012)  max mem: 37583
[1,0]<stdout>:Epoch: [80]  [ 80/104]  eta: 0:00:19  loss: 0.6849 (0.6843)  time: 0.7623 (0.7018 -- 0.8420)  data: 0.0005 (0.0002 -- 0.0011)  max mem: 37583
[1,0]<stdout>:Epoch: [80]  [100/104]  eta: 0:00:03  loss: 0.6832 (0.6841)  time: 0.7426 (0.6677 -- 0.8797)  data: 0.0006 (0.0002 -- 0.0010)  max mem: 37583
[1,0]<stdout>:Epoch: [80]  [103/104]  eta: 0:00:00  loss: 0.6842 (0.6843)  time: 0.7308 (0.6612 -- 0.8797)  data: 0.0005 (0.0001 -- 0.0010)  max mem: 37583
[1,0]<stdout>:Epoch: [80] Total time: 0:01:21 (0.7868 s / it)
[1,0]<stdout>:Averaged stats: [1,0]<stdout>:loss: 0.6842 (0.6852)
[1,0]<stdout>:TEST...   [ 0/20]  eta: 0:01:02  loss: 0.6870 (0.6870)  time: 3.1045 (3.1045 -- 3.1045)  data: 2.9698 (2.9698 -- 2.9698)  max mem: 37583
[1,0]<stdout>:TEST...   [19/20]  eta: 0:00:00  loss: 0.6870 (0.6876)  time: 0.6798 (0.0779 -- 3.1045)  data: 0.5542 (0.0000 -- 2.9698)  max mem: 37583
[1,0]<stdout>:TEST...  Total time: 0:00:13 (0.6799 s / it)
[1,0]<stdout>:Averaged stats: loss: 0.6870 (0.6849)
[1,0]<stdout>:[CKPT] Saved improved checkpoint: /leonardo/home/userexternal/ddarmien/Demetra/moduli/videomae/output/checkpoint-80.pth (test_loss 0.684919, prev 0.691461387090385)
[1,0]<stdout>:Epoch: [81]  [  0/104]  eta: 0:05:08  loss: 0.6758 (0.6758)  time: 2.9711 (2.9711 -- 2.9711)  data: 2.2736 (2.2736 -- 2.2736)  max mem: 37583
[1,0]<stdout>:Epoch: [81]  [ 20/104]  eta: 0:01:10  loss: 0.6792 (0.6808)  time: 0.7379 (0.6662 -- 0.8078)  data: 0.0007 (0.0001 -- 0.0022)  max mem: 37583
[1,0]<stdout>:Epoch: [81]  [ 40/104]  eta: 0:00:51  loss: 0.6932 (0.6849)  time: 0.7720 (0.6968 -- 1.1183)  data: 0.0005 (0.0002 -- 0.0011)  max mem: 37583
[1,0]<stdout>:Epoch: [81]  [ 60/104]  eta: 0:00:34  loss: 0.6766 (0.6835)  time: 0.7611 (0.7291 -- 0.8329)  data: 0.0005 (0.0002 -- 0.0010)  max mem: 37583
[1,0]<stdout>:Epoch: [81]  [ 80/104]  eta: 0:00:18  loss: 0.6781 (0.6835)  time: 0.7594 (0.7168 -- 0.8133)  data: 0.0004 (0.0001 -- 0.0008)  max mem: 37583
[1,0]<stdout>:Epoch: [81]  [100/104]  eta: 0:00:03  loss: 0.6909 (0.6840)  time: 0.7308 (0.6597 -- 0.7886)  data: 0.0006 (0.0001 -- 0.0014)  max mem: 37583
[1,0]<stdout>:Epoch: [81]  [103/104]  eta: 0:00:00  loss: 0.6891 (0.6841)  time: 0.7184 (0.6597 -- 0.7886)  data: 0.0006 (0.0001 -- 0.0014)  max mem: 37583
[1,0]<stdout>:Epoch: [81] Total time: 0:01:20 (0.7714 s / it)
[1,0]<stdout>:Averaged stats:[1,0]<stdout>: [1,0]<stdout>:loss: 0.6891 (0.6845)
[1,0]<stdout>:Epoch: [82]  [  0/104]  eta: 0:07:23  loss: 0.6846 (0.6846)  time: 4.2652 (4.2652 -- 4.2652)  data: 2.6605 (2.6605 -- 2.6605)  max mem: 37583[1,0]<stdout>:
[1,0]<stdout>:Epoch: [82]  [ 20/104]  eta: 0:01:18  loss: 0.6901 (0.6859)  time: 0.7639 (0.7213 -- 0.8443)  data: 0.0004 (0.0001 -- 0.0007)  max mem: 37583
[1,0]<stdout>:Epoch: [82]  [ 40/104]  eta: 0:00:54  loss: 0.6828 (0.6839)  time: 0.7590 (0.7189 -- 0.8026)  data: 0.0005 (0.0002 -- 0.0010)  max mem: 37583
[1,0]<stdout>:Epoch: [82]  [ 60/104]  eta: 0:00:36  loss: 0.6779 (0.6827)  time: 0.7679 (0.7044 -- 0.8106)  data: 0.0005 (0.0001 -- 0.0013)  max mem: 37583
[1,0]<stdout>:Epoch: [82]  [ 80/104]  eta: 0:00:19  loss: 0.6833 (0.6829)  time: 0.7618 (0.7241 -- 0.8163)  data: 0.0004 (0.0002 -- 0.0010)  max mem: 37583
[1,0]<stdout>:Epoch: [82]  [100/104]  eta: 0:00:03  loss: 0.6830 (0.6837)  time: 0.7515 (0.6747 -- 0.8184)  data: 0.0004 (0.0001 -- 0.0009)  max mem: 37583
[1,0]<stdout>:Epoch: [82]  [103/104]  eta: 0:00:00  loss: 0.6830 (0.6837)  time: 0.7365 (0.6660 -- 0.8184)  data: 0.0004 (0.0001 -- 0.0009)  max mem: 37583
[1,0]<stdout>:Epoch: [82] Total time: 0:01:22 (0.7921 s / it)
[1,0]<stdout>:Averaged stats: [1,0]<stdout>:loss: 0.6830 (0.6837)
[1,0]<stdout>:Epoch: [83]  [  0/104]  eta: 0:07:33  loss: 0.6430 (0.6430)  time: 4.3627 (4.3627 -- 4.3627)  data: 3.0437 (3.0437 -- 3.0437)  max mem: 37583
[1,0]<stdout>:Epoch: [83]  [ 20/104]  eta: 0:01:20  loss: 0.6831 (0.6800)  time: 0.7827 (0.6976 -- 0.8937)  data: 0.0005 (0.0001 -- 0.0012)  max mem: 37583
[1,0]<stdout>:Epoch: [83]  [ 40/104]  eta: 0:00:55  loss: 0.6891 (0.6836)  time: 0.7686 (0.7025 -- 0.8292)  data: 0.0004 (0.0002 -- 0.0008)  max mem: 37583
[1,0]<stdout>:Epoch: [83]  [ 60/104]  eta: 0:00:36  loss: 0.6802 (0.6823)  time: 0.7572 (0.7079 -- 0.8123)  data: 0.0005 (0.0002 -- 0.0009)  max mem: 37583
[1,0]<stdout>:Epoch: [83]  [ 80/104]  eta: 0:00:19  loss: 0.6751 (0.6811)  time: 0.7678 (0.6880 -- 0.8441)  data: 0.0006 (0.0001 -- 0.0013)  max mem: 37583
[1,0]<stdout>:Epoch: [83]  [100/104]  eta: 0:00:03  loss: 0.6823 (0.6809)  time: 0.7409 (0.6638 -- 0.8191)  data: 0.0004 (0.0002 -- 0.0008)  max mem: 37583
[1,0]<stdout>:Epoch: [83]  [103/104]  eta: 0:00:00  loss: 0.6836 (0.6811)  time: 0.7270 (0.6638 -- 0.8191)  data: 0.0004 (0.0001 -- 0.0008)  max mem: 37583
[1,0]<stdout>:Epoch: [83] Total time: 0:01:22 (0.7958 s / it)
[1,0]<stdout>:Averaged stats: [1,0]<stdout>:loss: 0.6836 (0.6831)
[1,0]<stdout>:Epoch: [84]  [  0/104]  eta: 0:07:34  loss: 0.6700 (0.6700)  time: 4.3736 (4.3736 -- 4.3736)  data: 2.9450 (2.9450 -- 2.9450)  max mem: 37583
[1,0]<stdout>:Epoch: [84]  [ 20/104]  eta: 0:01:19  loss: 0.6845 (0.6853)  time: 0.7718 (0.6831 -- 0.8583)  data: 0.0006 (0.0002 -- 0.0021)  max mem: 37583
[1,0]<stdout>:Epoch: [84]  [ 40/104]  eta: 0:00:54  loss: 0.6838 (0.6845)  time: 0.7665 (0.7073 -- 0.8319)  data: 0.0004 (0.0001 -- 0.0008)  max mem: 37583
[1,0]<stdout>:Epoch: [84]  [ 60/104]  eta: 0:00:36  loss: 0.6763 (0.6832)  time: 0.7692 (0.6890 -- 0.8246)  data: 0.0005 (0.0001 -- 0.0009)  max mem: 37583
[1,0]<stdout>:Epoch: [84]  [ 80/104]  eta: 0:00:19  loss: 0.6902 (0.6841)  time: 0.7665 (0.7086 -- 0.8521)  data: 0.0005 (0.0002 -- 0.0014)  max mem: 37583
[1,0]<stdout>:Epoch: [84]  [100/104]  eta: 0:00:03  loss: 0.6824 (0.6834)  time: 0.7487 (0.6653 -- 0.8446)  data: 0.0004 (0.0001 -- 0.0012)  max mem: 37583
[1,0]<stdout>:Epoch: [84]  [103/104]  eta: 0:00:00  loss: 0.6815 (0.6834)  time: 0.7307 (0.6597 -- 0.8152)  data: 0.0004 (0.0001 -- 0.0012)  max mem: 37583
[1,0]<stdout>:Epoch: [84] Total time: 0:01:22 (0.7966 s / it)
[1,0]<stdout>:Averaged stats: [1,0]<stdout>:loss: 0.6815 (0.6822)
[1,0]<stdout>:Epoch: [85]  [  0/104]  eta: 0:07:00  loss: 0.6833 (0.6833)  time: 4.0412 (4.0412 -- 4.0412)  data: 2.7912 (2.7912 -- 2.7912)  max mem: 37583
[1,0]<stdout>:Epoch: [85]  [ 20/104]  eta: 0:01:19  loss: 0.6874 (0.6816)  time: 0.7922 (0.7266 -- 0.9216)  data: 0.0005 (0.0002 -- 0.0008)  max mem: 37583
[1,0]<stdout>:Epoch: [85]  [ 40/104]  eta: 0:00:55  loss: 0.6849 (0.6829)  time: 0.7758 (0.6963 -- 0.8479)  data: 0.0006 (0.0001 -- 0.0010)  max mem: 37583
[1,0]<stdout>:Epoch: [85]  [ 60/104]  eta: 0:00:36  loss: 0.6806 (0.6817)  time: 0.7598 (0.7107 -- 0.8106)  data: 0.0004 (0.0001 -- 0.0012)  max mem: 37583
[1,0]<stdout>:Epoch: [85]  [ 80/104]  eta: 0:00:19  loss: 0.6759 (0.6811)  time: 0.7825 (0.7301 -- 0.8291)  data: 0.0003 (0.0001 -- 0.0005)  max mem: 37583
[1,0]<stdout>:Epoch: [85]  [100/104]  eta: 0:00:03  loss: 0.6776 (0.6811)  time: 0.7471 (0.6797 -- 0.8071)  data: 0.0004 (0.0001 -- 0.0009)  max mem: 37583
[1,0]<stdout>:Epoch: [85]  [103/104]  eta: 0:00:00  loss: 0.6785 (0.6814)  time: 0.7378 (0.6681 -- 0.8071)  data: 0.0004 (0.0001 -- 0.0009)  max mem: 37583
[1,0]<stdout>:Epoch: [85] Total time: 0:01:23 (0.8002 s / it)
[1,0]<stdout>:Averaged stats: [1,0]<stdout>:loss: 0.6785 (0.6814)
[1,0]<stdout>:Epoch: [86]  [  0/104]  eta: 0:07:17  loss: 0.6934 (0.6934)  time: 4.2027 (4.2027 -- 4.2027)  data: 2.6644 (2.6644 -- 2.6644)  max mem: 37583
[1,0]<stdout>:Epoch: [86]  [ 20/104]  eta: 0:01:18  loss: 0.6765 (0.6787)  time: 0.7684 (0.6948 -- 0.9117)  data: 0.0005 (0.0001 -- 0.0010)  max mem: 37583
[1,0]<stdout>:Epoch: [86]  [ 40/104]  eta: 0:00:54  loss: 0.6838 (0.6799)  time: 0.7735 (0.7292 -- 0.8292)  data: 0.0005 (0.0001 -- 0.0010)  max mem: 37583
[1,0]<stdout>:Epoch: [86]  [ 60/104]  eta: 0:00:36  loss: 0.6803 (0.6806)  time: 0.7661 (0.7198 -- 0.8395)  data: 0.0007 (0.0002 -- 0.0021)  max mem: 37583
[1,0]<stdout>:Epoch: [86]  [ 80/104]  eta: 0:00:19  loss: 0.6899 (0.6818)  time: 0.7746 (0.7029 -- 0.8380)  data: 0.0005 (0.0002 -- 0.0014)  max mem: 37583
[1,0]<stdout>:Epoch: [86]  [100/104]  eta: 0:00:03  loss: 0.6801 (0.6819)  time: 0.7465 (0.6735 -- 0.8175)  data: 0.0005 (0.0001 -- 0.0011)  max mem: 37583
[1,0]<stdout>:Epoch: [86]  [103/104]  eta: 0:00:00  loss: 0.6831 (0.6819)  time: 0.7394 (0.6658 -- 0.8175)  data: 0.0005 (0.0001 -- 0.0011)  max mem: 37583
[1,0]<stdout>:Epoch: [86] Total time: 0:01:22 (0.7965 s / it)
[1,0]<stdout>:Averaged stats: [1,0]<stdout>:loss: 0.6831 (0.6807)
[1,0]<stdout>:Epoch: [87]  [  0/104]  eta: 0:07:32  loss: 0.6872 (0.6872)  time: 4.3544 (4.3544 -- 4.3544)  data: 2.9217 (2.9217 -- 2.9217)  max mem: 37583
[1,0]<stdout>:Epoch: [87]  [ 20/104]  eta: 0:01:19  loss: 0.6746 (0.6777)  time: 0.7803 (0.7306 -- 0.8480)  data: 0.0004 (0.0001 -- 0.0009)  max mem: 37583
[1,0]<stdout>:Epoch: [87]  [ 40/104]  eta: 0:00:55  loss: 0.6857 (0.6824)  time: 0.7673 (0.7245 -- 0.8168)  data: 0.0006 (0.0002 -- 0.0014)  max mem: 37583
[1,0]<stdout>:Epoch: [87]  [ 60/104]  eta: 0:00:36  loss: 0.6793 (0.6810)  time: 0.7641 (0.6806 -- 0.8559)  data: 0.0005 (0.0001 -- 0.0010)  max mem: 37583
[1,0]<stdout>:Epoch: [87]  [ 80/104]  eta: 0:00:19  loss: 0.6815 (0.6805)  time: 0.7683 (0.7155 -- 0.8440)  data: 0.0004 (0.0001 -- 0.0012)  max mem: 37583
[1,0]<stdout>:Epoch: [87]  [100/104]  eta: 0:00:03  loss: 0.6745 (0.6797)  time: 0.7696 (0.7017 -- 0.8558)  data: 0.0005 (0.0001 -- 0.0011)  max mem: 37583
[1,0]<stdout>:Epoch: [87]  [103/104]  eta: 0:00:00  loss: 0.6745 (0.6795)  time: 0.7649 (0.7163 -- 0.8558)  data: 0.0005 (0.0001 -- 0.0011)  max mem: 37583
[1,0]<stdout>:Epoch: [87] Total time: 0:01:23 (0.8033 s / it)
[1,0]<stdout>:Averaged stats: [1,0]<stdout>:loss: 0.6745 (0.6799)
[1,0]<stdout>:Epoch: [88]  [  0/104]  eta: 0:07:29  loss: 0.6614 (0.6614)  time: 4.3246 (4.3246 -- 4.3246)  data: 2.6802 (2.6802 -- 2.6802)  max mem: 37583
[1,0]<stdout>:Epoch: [88]  [ 20/104]  eta: 0:01:21  loss: 0.6774 (0.6793)  time: 0.8007 (0.7126 -- 0.8746)  data: 0.0005 (0.0001 -- 0.0012)  max mem: 37583
[1,0]<stdout>:Epoch: [88]  [ 40/104]  eta: 0:00:56  loss: 0.6773 (0.6798)  time: 0.7815 (0.6814 -- 0.8388)  data: 0.0005 (0.0001 -- 0.0010)  max mem: 37583
[1,0]<stdout>:Epoch: [88]  [ 60/104]  eta: 0:00:37  loss: 0.6789 (0.6805)  time: 0.7934 (0.7311 -- 0.8540)  data: 0.0005 (0.0001 -- 0.0014)  max mem: 37583
[1,0]<stdout>:Epoch: [88]  [ 80/104]  eta: 0:00:20  loss: 0.6755 (0.6797)  time: 0.7896 (0.7316 -- 0.8620)  data: 0.0004 (0.0002 -- 0.0009)  max mem: 37583
[1,0]<stdout>:Epoch: [88]  [100/104]  eta: 0:00:03  loss: 0.6784 (0.6797)  time: 0.7775 (0.6747 -- 0.8579)  data: 0.0005 (0.0002 -- 0.0022)  max mem: 37583
[1,0]<stdout>:Epoch: [88]  [103/104]  eta: 0:00:00  loss: 0.6782 (0.6795)  time: 0.7650 (0.6595 -- 0.8579)  data: 0.0004 (0.0001 -- 0.0010)  max mem: 37583
[1,0]<stdout>:Epoch: [88] Total time: 0:01:25 (0.8198 s / it)
[1,0]<stdout>:Averaged stats: [1,0]<stdout>:loss: 0.6782 (0.6791)
[1,0]<stdout>:Epoch: [89]  [  0/104]  eta: 0:07:16  loss: 0.6880 (0.6880)  time: 4.1944 (4.1944 -- 4.1944)  data: 2.4820 (2.4820 -- 2.4820)  max mem: 37583
[1,0]<stdout>:Epoch: [89]  [ 20/104]  eta: 0:01:17  loss: 0.6743 (0.6762)  time: 0.7591 (0.7046 -- 0.9017)  data: 0.0004 (0.0001 -- 0.0009)  max mem: 37583
[1,0]<stdout>:Epoch: [89]  [ 40/104]  eta: 0:00:54  loss: 0.6791 (0.6775)  time: 0.7697 (0.7223 -- 0.8537)  data: 0.0004 (0.0002 -- 0.0009)  max mem: 37583
[1,0]<stdout>:Epoch: [89]  [ 60/104]  eta: 0:00:36  loss: 0.6796 (0.6790)  time: 0.7777 (0.6981 -- 1.1347)  data: 0.0006 (0.0001 -- 0.0017)  max mem: 37583
[1,0]<stdout>:Epoch: [89]  [ 80/104]  eta: 0:00:19  loss: 0.6799 (0.6792)  time: 0.8069 (0.7281 -- 1.1227)  data: 0.0004 (0.0001 -- 0.0008)  max mem: 37583
[1,0]<stdout>:Epoch: [89]  [100/104]  eta: 0:00:03  loss: 0.6825 (0.6800)  time: 0.7492 (0.6760 -- 0.7991)  data: 0.0004 (0.0002 -- 0.0009)  max mem: 37583
[1,0]<stdout>:Epoch: [89]  [103/104]  eta: 0:00:00  loss: 0.6840 (0.6802)  time: 0.7405 (0.6760 -- 0.7991)  data: 0.0004 (0.0001 -- 0.0008)  max mem: 37583
[1,0]<stdout>:Epoch: [89] Total time: 0:01:23 (0.8030 s / it)
[1,0]<stdout>:Averaged stats: [1,0]<stdout>:loss: 0.6840 (0.6784)
[1,0]<stdout>:Epoch: [90]  [  0/104]  eta: 0:07:20  loss: 0.6911 (0.6911)  time: 4.2315 (4.2315 -- 4.2315)  data: 2.6503 (2.6503 -- 2.6503)  max mem: 37583
[1,0]<stdout>:Epoch: [90]  [ 20/104]  eta: 0:01:17  loss: 0.6811 (0.6830)  time: 0.7519 (0.6995 -- 0.8852)  data: 0.0005 (0.0001 -- 0.0010)  max mem: 37583
[1,0]<stdout>:Epoch: [90]  [ 40/104]  eta: 0:00:53  loss: 0.6709 (0.6791)  time: 0.7646 (0.7272 -- 0.8303)  data: 0.0005 (0.0001 -- 0.0010)  max mem: 37583
[1,0]<stdout>:Epoch: [90]  [ 60/104]  eta: 0:00:36  loss: 0.6729 (0.6778)  time: 0.7715 (0.7102 -- 1.0495)  data: 0.0004 (0.0002 -- 0.0009)  max mem: 37583
[1,0]<stdout>:Epoch: [90]  [ 80/104]  eta: 0:00:19  loss: 0.6770 (0.6769)  time: 0.8315 (0.7105 -- 1.1190)  data: 0.0005 (0.0002 -- 0.0013)  max mem: 37583
[1,0]<stdout>:Epoch: [90]  [100/104]  eta: 0:00:03  loss: 0.6758 (0.6767)  time: 0.7558 (0.6555 -- 1.1088)  data: 0.0005 (0.0001 -- 0.0019)  max mem: 37583
[1,0]<stdout>:Epoch: [90]  [103/104]  eta: 0:00:00  loss: 0.6758 (0.6769)  time: 0.7441 (0.6555 -- 1.1088)  data: 0.0004 (0.0001 -- 0.0019)  max mem: 37583
[1,0]<stdout>:Epoch: [90] Total time: 0:01:23 (0.8050 s / it)
[1,0]<stdout>:Averaged stats: [1,0]<stdout>:loss: 0.6758 (0.6775)
[1,0]<stdout>:TEST...   [ 0/20]  eta: 0:01:00  loss: 0.6809 (0.6809)  time: 3.0103 (3.0103 -- 3.0103)  data: 2.8757 (2.8757 -- 2.8757)  max mem: 37583
[1,0]<stdout>:TEST...   [19/20]  eta: 0:00:00  loss: 0.6809 (0.6799)  time: 0.6567 (0.0736 -- 3.0103)  data: 0.5315 (0.0000 -- 2.8757)  max mem: 37583
[1,0]<stdout>:TEST...  Total time: 0:00:13 (0.6568 s / it)
[1,0]<stdout>:Averaged stats: [1,0]<stdout>:loss: 0.6809 (0.6781)
[1,0]<stdout>:[CKPT] Saved improved checkpoint: /leonardo/home/userexternal/ddarmien/Demetra/moduli/videomae/output/checkpoint-90.pth (test_loss 0.678108, prev 0.6849190014414489)
[1,0]<stdout>:Epoch: [91]  [  0/104]  eta: 0:04:54  loss: 0.6841 (0.6841)  time: 2.8296 (2.8296 -- 2.8296)  data: 2.1483 (2.1483 -- 2.1483)  max mem: 37583
[1,0]<stdout>:Epoch: [91]  [ 20/104]  eta: 0:01:12  loss: 0.6719 (0.6757)  time: 0.7621 (0.6857 -- 0.8133)  data: 0.0005 (0.0001 -- 0.0015)  max mem: 37583
[1,0]<stdout>:Epoch: [91]  [ 40/104]  eta: 0:00:51  loss: 0.6778 (0.6769)  time: 0.7600 (0.7029 -- 0.7917)  data: 0.0005 (0.0001 -- 0.0008)  max mem: 37583
[1,0]<stdout>:Epoch: [91]  [ 60/104]  eta: 0:00:35  loss: 0.6745 (0.6764)  time: 0.7686 (0.7021 -- 0.8365)  data: 0.0005 (0.0001 -- 0.0010)  max mem: 37583
[1,0]<stdout>:Epoch: [91]  [ 80/104]  eta: 0:00:18  loss: 0.6744 (0.6757)  time: 0.7658 (0.7076 -- 0.8099)  data: 0.0005 (0.0001 -- 0.0014)  max mem: 37583
[1,0]<stdout>:Epoch: [91]  [100/104]  eta: 0:00:03  loss: 0.6752 (0.6762)  time: 0.7427 (0.6827 -- 0.8062)  data: 0.0004 (0.0001 -- 0.0006)  max mem: 37583
[1,0]<stdout>:Epoch: [91]  [103/104]  eta: 0:00:00  loss: 0.6750 (0.6760)  time: 0.7285 (0.6536 -- 0.8062)  data: 0.0004 (0.0001 -- 0.0006)  max mem: 37583
[1,0]<stdout>:Epoch: [91] Total time: 0:01:20 (0.7773 s / it)
[1,0]<stdout>:Averaged stats:[1,0]<stdout>: [1,0]<stdout>:loss: 0.6750 (0.6768)
[1,0]<stdout>:Epoch: [92]  [  0/104]  eta: 0:07:20  loss: 0.6562 (0.6562)  time: 4.2336 (4.2336 -- 4.2336)  data: 2.4878 (2.4878 -- 2.4878)  max mem: 37583
[1,0]<stdout>:Epoch: [92]  [ 20/104]  eta: 0:01:17  loss: 0.6750 (0.6757)  time: 0.7610 (0.7149 -- 0.8269)  data: 0.0004 (0.0002 -- 0.0007)  max mem: 37583
[1,0]<stdout>:Epoch: [92]  [ 40/104]  eta: 0:00:54  loss: 0.6751 (0.6743)  time: 0.7719 (0.7360 -- 0.8115)  data: 0.0005 (0.0001 -- 0.0011)  max mem: 37583
[1,0]<stdout>:Epoch: [92]  [ 60/104]  eta: 0:00:36  loss: 0.6753 (0.6745)  time: 0.7685 (0.7111 -- 0.8351)  data: 0.0006 (0.0002 -- 0.0011)  max mem: 37583
[1,0]<stdout>:Epoch: [92]  [ 80/104]  eta: 0:00:19  loss: 0.6727 (0.6750)  time: 0.7946 (0.7019 -- 1.1177)  data: 0.0005 (0.0001 -- 0.0011)  max mem: 37583
[1,0]<stdout>:Epoch: [92]  [100/104]  eta: 0:00:03  loss: 0.6763 (0.6753)  time: 0.7596 (0.6618 -- 1.0965)  data: 0.0006 (0.0001 -- 0.0012)  max mem: 37583
[1,0]<stdout>:Epoch: [92]  [103/104]  eta: 0:00:00  loss: 0.6763 (0.6754)  time: 0.7490 (0.6618 -- 1.0965)  data: 0.0006 (0.0001 -- 0.0012)  max mem: 37583
[1,0]<stdout>:Epoch: [92] Total time: 0:01:23 (0.8022 s / it)
[1,0]<stdout>:Averaged stats: [1,0]<stdout>:loss: 0.6763 (0.6758)
[1,0]<stdout>:Epoch: [93]  [  0/104]  eta: 0:07:06  loss: 0.6734 (0.6734)  time: 4.0975 (4.0975 -- 4.0975)  data: 2.1881 (2.1881 -- 2.1881)  max mem: 37583[1,0]<stdout>:
[1,0]<stdout>:Epoch: [93]  [ 20/104]  eta: 0:01:17  loss: 0.6812 (0.6798)  time: 0.7635 (0.6905 -- 0.9032)  data: 0.0006 (0.0002 -- 0.0013)  max mem: 37583
[1,0]<stdout>:Epoch: [93]  [ 40/104]  eta: 0:00:53  loss: 0.6740 (0.6771)  time: 0.7573 (0.7245 -- 0.8006)  data: 0.0006 (0.0002 -- 0.0012)  max mem: 37583
[1,0]<stdout>:Epoch: [93]  [ 60/104]  eta: 0:00:35  loss: 0.6767 (0.6772)  time: 0.7662 (0.7140 -- 0.8428)  data: 0.0004 (0.0001 -- 0.0009)  max mem: 37583
[1,0]<stdout>:Epoch: [93]  [ 80/104]  eta: 0:00:19  loss: 0.6738 (0.6762)  time: 0.7794 (0.6904 -- 1.0944)  data: 0.0005 (0.0002 -- 0.0013)  max mem: 37583
[1,0]<stdout>:Epoch: [93]  [100/104]  eta: 0:00:03  loss: 0.6717 (0.6753)  time: 0.7745 (0.6577 -- 1.1467)  data: 0.0006 (0.0002 -- 0.0011)  max mem: 37583
[1,0]<stdout>:Epoch: [93]  [103/104]  eta: 0:00:00  loss: 0.6717 (0.6751)  time: 0.7573 (0.6537 -- 1.1467)  data: 0.0006 (0.0001 -- 0.0011)  max mem: 37583
[1,0]<stdout>:Epoch: [93] Total time: 0:01:22 (0.7971 s / it)
[1,0]<stdout>:Averaged stats: [1,0]<stdout>:loss: 0.6717 (0.6752)
[1,0]<stdout>:Epoch: [94]  [  0/104]  eta: 0:07:29  loss: 0.6649 (0.6649)  time: 4.3191 (4.3191 -- 4.3191)  data: 2.2768 (2.2768 -- 2.2768)  max mem: 37583
[1,0]<stdout>:Epoch: [94]  [ 20/104]  eta: 0:01:18  loss: 0.6746 (0.6743)  time: 0.7627 (0.6809 -- 1.0372)  data: 0.0005 (0.0002 -- 0.0015)  max mem: 37583
[1,0]<stdout>:Epoch: [94]  [ 40/104]  eta: 0:00:54  loss: 0.6702 (0.6727)  time: 0.7714 (0.7188 -- 0.8230)  data: 0.0006 (0.0002 -- 0.0030)  max mem: 37583
[1,0]<stdout>:Epoch: [94]  [ 60/104]  eta: 0:00:36  loss: 0.6732 (0.6739)  time: 0.7591 (0.6894 -- 0.8025)  data: 0.0005 (0.0001 -- 0.0011)  max mem: 37583
[1,0]<stdout>:Epoch: [94]  [ 80/104]  eta: 0:00:19  loss: 0.6735 (0.6736)  time: 0.7604 (0.7167 -- 0.8304)  data: 0.0007 (0.0001 -- 0.0013)  max mem: 37583
[1,0]<stdout>:Epoch: [94]  [100/104]  eta: 0:00:03  loss: 0.6697 (0.6735)  time: 0.7512 (0.6568 -- 0.8161)  data: 0.0004 (0.0001 -- 0.0010)  max mem: 37583
[1,0]<stdout>:Epoch: [94]  [103/104]  eta: 0:00:00  loss: 0.6697 (0.6733)  time: 0.7352 (0.6568 -- 0.8161)  data: 0.0004 (0.0001 -- 0.0010)  max mem: 37583
[1,0]<stdout>:Epoch: [94] Total time: 0:01:22 (0.7925 s / it)
[1,0]<stdout>:Averaged stats: loss: 0.6697 (0.6744)
[1,0]<stdout>:Epoch: [95]  [  0/104]  eta: 0:07:01  loss: 0.6438 (0.6438)  time: 4.0569 (4.0569 -- 4.0569)  data: 2.4536 (2.4536 -- 2.4536)  max mem: 37583
[1,0]<stdout>:Epoch: [95]  [ 20/104]  eta: 0:01:17  loss: 0.6801 (0.6760)  time: 0.7711 (0.7169 -- 0.9492)  data: 0.0006 (0.0001 -- 0.0012)  max mem: 37583
[1,0]<stdout>:Epoch: [95]  [ 40/104]  eta: 0:00:54  loss: 0.6753 (0.6761)  time: 0.7603 (0.7133 -- 0.8048)  data: 0.0006 (0.0002 -- 0.0012)  max mem: 37583
[1,0]<stdout>:Epoch: [95]  [ 60/104]  eta: 0:00:36  loss: 0.6750 (0.6755)  time: 0.7728 (0.7371 -- 0.8265)  data: 0.0007 (0.0002 -- 0.0012)  max mem: 37583
[1,0]<stdout>:Epoch: [95]  [ 80/104]  eta: 0:00:19  loss: 0.6746 (0.6763)  time: 0.7725 (0.7140 -- 0.8559)  data: 0.0005 (0.0001 -- 0.0010)  max mem: 37583
[1,0]<stdout>:Epoch: [95]  [100/104]  eta: 0:00:03  loss: 0.6730 (0.6767)  time: 0.7373 (0.6721 -- 0.7916)  data: 0.0005 (0.0002 -- 0.0014)  max mem: 37583
[1,0]<stdout>:Epoch: [95]  [103/104]  eta: 0:00:00  loss: 0.6730 (0.6766)  time: 0.7302 (0.6721 -- 0.7916)  data: 0.0004 (0.0001 -- 0.0010)  max mem: 37583
[1,0]<stdout>:Epoch: [95] Total time: 0:01:22 (0.7929 s / it)
[1,0]<stdout>:Averaged stats: [1,0]<stdout>:loss: 0.6730 (0.6737)
[1,0]<stdout>:Epoch: [96]  [  0/104]  eta: 0:06:20  loss: 0.6737 (0.6737)  time: 3.6630 (3.6630 -- 3.6630)  data: 2.3472 (2.3472 -- 2.3472)  max mem: 37583
[1,0]<stdout>:Epoch: [96]  [ 20/104]  eta: 0:01:16  loss: 0.6749 (0.6732)  time: 0.7779 (0.7025 -- 1.0431)  data: 0.0006 (0.0002 -- 0.0009)  max mem: 37583
[1,0]<stdout>:Epoch: [96]  [ 40/104]  eta: 0:00:53  loss: 0.6695 (0.6712)  time: 0.7570 (0.6773 -- 0.8016)  data: 0.0005 (0.0001 -- 0.0009)  max mem: 37583
[1,0]<stdout>:Epoch: [96]  [ 60/104]  eta: 0:00:36  loss: 0.6794 (0.6729)  time: 0.7777 (0.7453 -- 0.8329)  data: 0.0005 (0.0002 -- 0.0011)  max mem: 37583
[1,0]<stdout>:Epoch: [96]  [ 80/104]  eta: 0:00:19  loss: 0.6681 (0.6715)  time: 0.7601 (0.7231 -- 0.8259)  data: 0.0006 (0.0001 -- 0.0013)  max mem: 37583
[1,0]<stdout>:Epoch: [96]  [100/104]  eta: 0:00:03  loss: 0.6692 (0.6716)  time: 0.7443 (0.6573 -- 0.8252)  data: 0.0005 (0.0001 -- 0.0010)  max mem: 37583
[1,0]<stdout>:Epoch: [96]  [103/104]  eta: 0:00:00  loss: 0.6720 (0.6715)  time: 0.7315 (0.6573 -- 0.7874)  data: 0.0005 (0.0001 -- 0.0010)  max mem: 37583
[1,0]<stdout>:Epoch: [96] Total time: 0:01:22 (0.7891 s / it)
[1,0]<stdout>:Averaged stats: [1,0]<stdout>:loss: 0.6720 (0.6729)
[1,0]<stdout>:Epoch: [97]  [  0/104]  eta: 0:06:50  loss: 0.6548 (0.6548)  time: 3.9490 (3.9490 -- 3.9490)  data: 2.3564 (2.3564 -- 2.3564)  max mem: 37583[1,0]<stdout>:
[1,0]<stdout>:Epoch: [97]  [ 20/104]  eta: 0:01:19  loss: 0.6727 (0.6707)  time: 0.7903 (0.7425 -- 0.9740)  data: 0.0006 (0.0002 -- 0.0012)  max mem: 37583
[1,0]<stdout>:Epoch: [97]  [ 40/104]  eta: 0:00:54  loss: 0.6720 (0.6720)  time: 0.7567 (0.7165 -- 0.8317)  data: 0.0006 (0.0001 -- 0.0011)  max mem: 37583
[1,0]<stdout>:Epoch: [97]  [ 60/104]  eta: 0:00:36  loss: 0.6737 (0.6723)  time: 0.7549 (0.7111 -- 0.8649)  data: 0.0006 (0.0002 -- 0.0014)  max mem: 37583
[1,0]<stdout>:Epoch: [97]  [ 80/104]  eta: 0:00:19  loss: 0.6752 (0.6731)  time: 0.7563 (0.6990 -- 0.8444)  data: 0.0004 (0.0002 -- 0.0009)  max mem: 37583
[1,0]<stdout>:Epoch: [97]  [100/104]  eta: 0:00:03  loss: 0.6689 (0.6728)  time: 0.7492 (0.6918 -- 0.8317)  data: 0.0004 (0.0001 -- 0.0008)  max mem: 37583
[1,0]<stdout>:Epoch: [97]  [103/104]  eta: 0:00:00  loss: 0.6733 (0.6732)  time: 0.7392 (0.6918 -- 0.8317)  data: 0.0004 (0.0001 -- 0.0008)  max mem: 37583
[1,0]<stdout>:Epoch: [97] Total time: 0:01:22 (0.7906 s / it)
[1,0]<stdout>:Averaged stats: [1,0]<stdout>:loss: 0.6733 (0.6721)
[1,0]<stdout>:Epoch: [98]  [  0/104]  eta: 0:07:26  loss: 0.6716 (0.6716)  time: 4.2951 (4.2951 -- 4.2951)  data: 2.7916 (2.7916 -- 2.7916)  max mem: 37583
[1,0]<stdout>:Epoch: [98]  [ 20/104]  eta: 0:01:19  loss: 0.6657 (0.6691)  time: 0.7763 (0.7108 -- 0.9010)  data: 0.0005 (0.0002 -- 0.0009)  max mem: 37583
[1,0]<stdout>:Epoch: [98]  [ 40/104]  eta: 0:00:55  loss: 0.6665 (0.6710)  time: 0.7751 (0.7217 -- 0.8471)  data: 0.0006 (0.0001 -- 0.0011)  max mem: 37583
[1,0]<stdout>:Epoch: [98]  [ 60/104]  eta: 0:00:36  loss: 0.6661 (0.6697)  time: 0.7627 (0.7225 -- 0.7952)  data: 0.0005 (0.0001 -- 0.0011)  max mem: 37583
[1,0]<stdout>:Epoch: [98]  [ 80/104]  eta: 0:00:19  loss: 0.6769 (0.6707)  time: 0.7638 (0.7053 -- 0.8585)  data: 0.0004 (0.0001 -- 0.0008)  max mem: 37583
[1,0]<stdout>:Epoch: [98]  [100/104]  eta: 0:00:03  loss: 0.6734 (0.6710)  time: 0.7461 (0.6700 -- 0.8184)  data: 0.0006 (0.0001 -- 0.0013)  max mem: 37583
[1,0]<stdout>:Epoch: [98]  [103/104]  eta: 0:00:00  loss: 0.6705 (0.6710)  time: 0.7400 (0.6700 -- 0.8184)  data: 0.0005 (0.0001 -- 0.0013)  max mem: 37583
[1,0]<stdout>:Epoch: [98] Total time: 0:01:22 (0.7971 s / it)
[1,0]<stdout>:Averaged stats: [1,0]<stdout>:loss: 0.6705 (0.6712)
[1,0]<stdout>:Epoch: [99]  [  0/104]  eta: 0:07:30  loss: 0.6547 (0.6547)  time: 4.3291 (4.3291 -- 4.3291)  data: 2.7632 (2.7632 -- 2.7632)  max mem: 37583
[1,0]<stdout>:Epoch: [99]  [ 20/104]  eta: 0:01:21  loss: 0.6698 (0.6690)  time: 0.8048 (0.7234 -- 0.9541)  data: 0.0004 (0.0001 -- 0.0009)  max mem: 37583
[1,0]<stdout>:Epoch: [99]  [ 40/104]  eta: 0:00:55  loss: 0.6718 (0.6714)  time: 0.7600 (0.7153 -- 0.8436)  data: 0.0006 (0.0002 -- 0.0021)  max mem: 37583
[1,0]<stdout>:Epoch: [99]  [ 60/104]  eta: 0:00:36  loss: 0.6762 (0.6729)  time: 0.7542 (0.7007 -- 0.8089)  data: 0.0006 (0.0002 -- 0.0011)  max mem: 37583
[1,0]<stdout>:Epoch: [99]  [ 80/104]  eta: 0:00:19  loss: 0.6706 (0.6724)  time: 0.7655 (0.6910 -- 0.8339)  data: 0.0006 (0.0001 -- 0.0011)  max mem: 37583
[1,0]<stdout>:Epoch: [99]  [100/104]  eta: 0:00:03  loss: 0.6715 (0.6727)  time: 0.7517 (0.6977 -- 0.8062)  data: 0.0004 (0.0001 -- 0.0007)  max mem: 37583
[1,0]<stdout>:Epoch: [99]  [103/104]  eta: 0:00:00  loss: 0.6711 (0.6728)  time: 0.7372 (0.6754 -- 0.8062)  data: 0.0004 (0.0001 -- 0.0007)  max mem: 37583
[1,0]<stdout>:Epoch: [99] Total time: 0:01:23 (0.7994 s / it)
[1,0]<stdout>:Averaged stats: [1,0]<stdout>:loss: 0.6711 (0.6704)
[1,0]<stdout>:Epoch: [100]  [  0/104]  eta: 0:06:42  loss: 0.6680 (0.6680)  time: 3.8669 (3.8669 -- 3.8669)  data: 2.5124 (2.5124 -- 2.5124)  max mem: 37583
[1,0]<stdout>:Epoch: [100]  [ 20/104]  eta: 0:01:17  loss: 0.6642 (0.6647)  time: 0.7724 (0.6780 -- 0.9310)  data: 0.0006 (0.0001 -- 0.0016)  max mem: 37583
[1,0]<stdout>:Epoch: [100]  [ 40/104]  eta: 0:00:54  loss: 0.6726 (0.6685)  time: 0.7698 (0.7285 -- 0.8078)  data: 0.0005 (0.0002 -- 0.0010)  max mem: 37583
[1,0]<stdout>:Epoch: [100]  [ 60/104]  eta: 0:00:35  loss: 0.6642 (0.6689)  time: 0.7524 (0.7150 -- 0.8020)  data: 0.0006 (0.0002 -- 0.0014)  max mem: 37583
[1,0]<stdout>:Epoch: [100]  [ 80/104]  eta: 0:00:19  loss: 0.6651 (0.6682)  time: 0.7600 (0.7096 -- 0.7989)  data: 0.0006 (0.0001 -- 0.0016)  max mem: 37583
[1,0]<stdout>:Epoch: [100]  [100/104]  eta: 0:00:03  loss: 0.6706 (0.6687)  time: 0.7317 (0.6583 -- 0.7986)  data: 0.0005 (0.0001 -- 0.0009)  max mem: 37583
[1,0]<stdout>:Epoch: [100]  [103/104]  eta: 0:00:00  loss: 0.6706 (0.6689)  time: 0.7163 (0.6583 -- 0.7986)  data: 0.0005 (0.0001 -- 0.0009)  max mem: 37583
[1,0]<stdout>:Epoch: [100] Total time: 0:01:21 (0.7845 s / it)
[1,0]<stdout>:Averaged stats: [1,0]<stdout>:loss: 0.6706 (0.6697)
[1,0]<stdout>:TEST...   [ 0/20]  eta: 0:01:00  loss: 0.6737 (0.6737)  time: 3.0310 (3.0310 -- 3.0310)  data: 2.8964 (2.8964 -- 2.8964)  max mem: 37583
[1,0]<stdout>:TEST...   [19/20]  eta: 0:00:00  loss: 0.6737 (0.6731)  time: 0.6562 (0.0740 -- 3.0310)  data: 0.5311 (0.0000 -- 2.8964)  max mem: 37583
[1,0]<stdout>:TEST...  Total time: 0:00:13 (0.6563 s / it)
[1,0]<stdout>:Averaged stats: loss: 0.6737 (0.6719)
[1,0]<stdout>:[CKPT] Saved improved checkpoint: /leonardo/home/userexternal/ddarmien/Demetra/moduli/videomae/output/checkpoint-100.pth (test_loss 0.671886, prev 0.6781077868305146)
[1,0]<stdout>:Epoch: [101]  [  0/104]  eta: 0:06:08  loss: 0.6616 (0.6616)  time: 3.5453 (3.5453 -- 3.5453)  data: 2.8546 (2.8546 -- 2.8546)  max mem: 37583
[1,0]<stdout>:Epoch: [101]  [ 20/104]  eta: 0:01:14  loss: 0.6720 (0.6716)  time: 0.7511 (0.6781 -- 0.8375)  data: 0.0005 (0.0001 -- 0.0013)  max mem: 37583
[1,0]<stdout>:Epoch: [101]  [ 40/104]  eta: 0:00:52  loss: 0.6724 (0.6712)  time: 0.7565 (0.7138 -- 0.8310)  data: 0.0005 (0.0001 -- 0.0009)  max mem: 37583
[1,0]<stdout>:Epoch: [101]  [ 60/104]  eta: 0:00:35  loss: 0.6707 (0.6699)  time: 0.7677 (0.7160 -- 0.8366)  data: 0.0005 (0.0001 -- 0.0013)  max mem: 37583
[1,0]<stdout>:Epoch: [101]  [ 80/104]  eta: 0:00:19  loss: 0.6715 (0.6702)  time: 0.7647 (0.7036 -- 0.8709)  data: 0.0003 (0.0001 -- 0.0010)  max mem: 37583
[1,0]<stdout>:Epoch: [101]  [100/104]  eta: 0:00:03  loss: 0.6670 (0.6697)  time: 0.7475 (0.6578 -- 0.8413)  data: 0.0006 (0.0001 -- 0.0013)  max mem: 37583
[1,0]<stdout>:Epoch: [101]  [103/104]  eta: 0:00:00  loss: 0.6634 (0.6695)  time: 0.7350 (0.6578 -- 0.8413)  data: 0.0006 (0.0001 -- 0.0013)  max mem: 37583
[1,0]<stdout>:Epoch: [101] Total time: 0:01:21 (0.7821 s / it)
[1,0]<stdout>:Averaged stats: [1,0]<stdout>:loss: 0.6634 (0.6690)
[1,0]<stdout>:Epoch: [102]  [  0/104]  eta: 0:07:09  loss: 0.6581 (0.6581)  time: 4.1344 (4.1344 -- 4.1344)  data: 2.5778 (2.5778 -- 2.5778)  max mem: 37583
[1,0]<stdout>:Epoch: [102]  [ 20/104]  eta: 0:01:17  loss: 0.6692 (0.6733)  time: 0.7599 (0.6797 -- 0.9417)  data: 0.0005 (0.0001 -- 0.0015)  max mem: 37583
[1,0]<stdout>:Epoch: [102]  [ 40/104]  eta: 0:00:54  loss: 0.6705 (0.6722)  time: 0.7711 (0.7254 -- 0.8465)  data: 0.0005 (0.0002 -- 0.0021)  max mem: 37583
[1,0]<stdout>:Epoch: [102]  [ 60/104]  eta: 0:00:35  loss: 0.6696 (0.6713)  time: 0.7517 (0.7132 -- 0.8148)  data: 0.0004 (0.0001 -- 0.0011)  max mem: 37583
[1,0]<stdout>:Epoch: [102]  [ 80/104]  eta: 0:00:19  loss: 0.6718 (0.6717)  time: 0.7582 (0.7092 -- 0.8106)  data: 0.0005 (0.0002 -- 0.0013)  max mem: 37583
[1,0]<stdout>:Epoch: [102]  [100/104]  eta: 0:00:03  loss: 0.6674 (0.6704)  time: 0.7467 (0.6761 -- 0.8099)  data: 0.0004 (0.0001 -- 0.0008)  max mem: 37583
[1,0]<stdout>:Epoch: [102]  [103/104]  eta: 0:00:00  loss: 0.6674 (0.6703)  time: 0.7346 (0.6760 -- 0.8099)  data: 0.0004 (0.0001 -- 0.0008)  max mem: 37583
[1,0]<stdout>:Epoch: [102] Total time: 0:01:21 (0.7878 s / it)
[1,0]<stdout>:Averaged stats: [1,0]<stdout>:loss: 0.6674 (0.6683)
[1,0]<stdout>:Epoch: [103]  [  0/104]  eta: 0:07:33  loss: 0.6621 (0.6621)  time: 4.3611 (4.3611 -- 4.3611)  data: 2.4666 (2.4666 -- 2.4666)  max mem: 37583
[1,0]<stdout>:Epoch: [103]  [ 20/104]  eta: 0:01:19  loss: 0.6601 (0.6635)  time: 0.7757 (0.7214 -- 0.8633)  data: 0.0005 (0.0001 -- 0.0014)  max mem: 37583
[1,0]<stdout>:Epoch: [103]  [ 40/104]  eta: 0:00:55  loss: 0.6638 (0.6649)  time: 0.7717 (0.7005 -- 0.8930)  data: 0.0004 (0.0001 -- 0.0007)  max mem: 37583
[1,0]<stdout>:Epoch: [103]  [ 60/104]  eta: 0:00:36  loss: 0.6683 (0.6661)  time: 0.7704 (0.7202 -- 0.8303)  data: 0.0005 (0.0001 -- 0.0011)  max mem: 37583
[1,0]<stdout>:Epoch: [103]  [ 80/104]  eta: 0:00:19  loss: 0.6714 (0.6674)  time: 0.7636 (0.7109 -- 0.8304)  data: 0.0006 (0.0003 -- 0.0015)  max mem: 37583
[1,0]<stdout>:Epoch: [103]  [100/104]  eta: 0:00:03  loss: 0.6718 (0.6681)  time: 0.7375 (0.6625 -- 0.8114)  data: 0.0005 (0.0002 -- 0.0011)  max mem: 37583
[1,0]<stdout>:Epoch: [103]  [103/104]  eta: 0:00:00  loss: 0.6735 (0.6684)  time: 0.7294 (0.6625 -- 0.8114)  data: 0.0005 (0.0001 -- 0.0011)  max mem: 37583
[1,0]<stdout>:Epoch: [103] Total time: 0:01:22 (0.7961 s / it)
[1,0]<stdout>:Averaged stats: [1,0]<stdout>:loss: 0.6735 (0.6675)
[1,0]<stdout>:Epoch: [104]  [  0/104]  eta: 0:07:33  loss: 0.6773 (0.6773)  time: 4.3574 (4.3574 -- 4.3574)  data: 2.4385 (2.4385 -- 2.4385)  max mem: 37583
[1,0]<stdout>:Epoch: [104]  [ 20/104]  eta: 0:01:18  loss: 0.6639 (0.6657)  time: 0.7692 (0.6970 -- 0.8541)  data: 0.0005 (0.0001 -- 0.0013)  max mem: 37583
[1,0]<stdout>:Epoch: [104]  [ 40/104]  eta: 0:00:54  loss: 0.6644 (0.6656)  time: 0.7692 (0.6904 -- 0.8597)  data: 0.0006 (0.0002 -- 0.0010)  max mem: 37583
[1,0]<stdout>:Epoch: [104]  [ 60/104]  eta: 0:00:36  loss: 0.6599 (0.6646)  time: 0.7689 (0.7167 -- 0.8787)  data: 0.0005 (0.0001 -- 0.0013)  max mem: 37583
[1,0]<stdout>:Epoch: [104]  [ 80/104]  eta: 0:00:19  loss: 0.6705 (0.6652)  time: 0.7678 (0.7176 -- 0.8170)  data: 0.0004 (0.0002 -- 0.0012)  max mem: 37583
[1,0]<stdout>:Epoch: [104]  [100/104]  eta: 0:00:03  loss: 0.6646 (0.6651)  time: 0.7495 (0.6659 -- 0.8643)  data: 0.0004 (0.0001 -- 0.0006)  max mem: 37583
[1,0]<stdout>:Epoch: [104]  [103/104]  eta: 0:00:00  loss: 0.6659 (0.6650)  time: 0.7325 (0.6659 -- 0.8627)  data: 0.0003 (0.0001 -- 0.0006)  max mem: 37583
[1,0]<stdout>:Epoch: [104] Total time: 0:01:22 (0.7973 s / it)
[1,0]<stdout>:Averaged stats: [1,0]<stdout>:loss: 0.6659 (0.6666)
[1,0]<stdout>:Epoch: [105]  [  0/104]  eta: 0:06:08  loss: 0.6392 (0.6392)  time: 3.5477 (3.5477 -- 3.5477)  data: 2.6186 (2.6186 -- 2.6186)  max mem: 37583
[1,0]<stdout>:Epoch: [105]  [ 20/104]  eta: 0:01:17  loss: 0.6609 (0.6596)  time: 0.7954 (0.7001 -- 1.1691)  data: 0.0004 (0.0002 -- 0.0009)  max mem: 37583
[1,0]<stdout>:Epoch: [105]  [ 40/104]  eta: 0:00:54  loss: 0.6693 (0.6655)  time: 0.7629 (0.7137 -- 0.8274)  data: 0.0005 (0.0001 -- 0.0009)  max mem: 37583
[1,0]<stdout>:Epoch: [105]  [ 60/104]  eta: 0:00:36  loss: 0.6686 (0.6657)  time: 0.7644 (0.7277 -- 0.7939)  data: 0.0004 (0.0001 -- 0.0009)  max mem: 37583
[1,0]<stdout>:Epoch: [105]  [ 80/104]  eta: 0:00:19  loss: 0.6660 (0.6657)  time: 0.7584 (0.7144 -- 0.8125)  data: 0.0005 (0.0001 -- 0.0011)  max mem: 37583
[1,0]<stdout>:Epoch: [105]  [100/104]  eta: 0:00:03  loss: 0.6732 (0.6666)  time: 0.7356 (0.6671 -- 0.8172)  data: 0.0005 (0.0001 -- 0.0014)  max mem: 37583
[1,0]<stdout>:Epoch: [105]  [103/104]  eta: 0:00:00  loss: 0.6727 (0.6665)  time: 0.7282 (0.6671 -- 0.8172)  data: 0.0004 (0.0001 -- 0.0014)  max mem: 37583
[1,0]<stdout>:Epoch: [105] Total time: 0:01:21 (0.7877 s / it)
[1,0]<stdout>:Averaged stats: [1,0]<stdout>:loss: 0.6727 (0.6658)
[1,0]<stdout>:Epoch: [106]  [  0/104]  eta: 0:07:21  loss: 0.6407 (0.6407)  time: 4.2419 (4.2419 -- 4.2419)  data: 2.5250 (2.5250 -- 2.5250)  max mem: 37583
[1,0]<stdout>:Epoch: [106]  [ 20/104]  eta: 0:01:18  loss: 0.6748 (0.6688)  time: 0.7703 (0.7188 -- 0.8808)  data: 0.0006 (0.0001 -- 0.0010)  max mem: 37583
[1,0]<stdout>:Epoch: [106]  [ 40/104]  eta: 0:00:54  loss: 0.6647 (0.6667)  time: 0.7608 (0.6872 -- 0.8088)  data: 0.0005 (0.0002 -- 0.0009)  max mem: 37583
[1,0]<stdout>:Epoch: [106]  [ 60/104]  eta: 0:00:36  loss: 0.6678 (0.6671)  time: 0.7661 (0.7031 -- 0.7984)  data: 0.0005 (0.0002 -- 0.0009)  max mem: 37583
[1,0]<stdout>:Epoch: [106]  [ 80/104]  eta: 0:00:19  loss: 0.6739 (0.6677)  time: 0.7699 (0.7310 -- 0.8547)  data: 0.0005 (0.0001 -- 0.0009)  max mem: 37583
[1,0]<stdout>:Epoch: [106]  [100/104]  eta: 0:00:03  loss: 0.6697 (0.6671)  time: 0.7472 (0.6558 -- 0.8324)  data: 0.0005 (0.0001 -- 0.0009)  max mem: 37583
[1,0]<stdout>:Epoch: [106]  [103/104]  eta: 0:00:00  loss: 0.6684 (0.6671)  time: 0.7331 (0.6551 -- 0.8324)  data: 0.0004 (0.0001 -- 0.0009)  max mem: 37583
[1,0]<stdout>:Epoch: [106] Total time: 0:01:22 (0.7936 s / it)
[1,0]<stdout>:Averaged stats: [1,0]<stdout>:loss: 0.6684 (0.6652)
[1,0]<stdout>:Epoch: [107]  [  0/104]  eta: 0:07:28  loss: 0.6750 (0.6750)  time: 4.3086 (4.3086 -- 4.3086)  data: 2.8542 (2.8542 -- 2.8542)  max mem: 37583
[1,0]<stdout>:Epoch: [107]  [ 20/104]  eta: 0:01:18  loss: 0.6670 (0.6685)  time: 0.7608 (0.7041 -- 0.8299)  data: 0.0004 (0.0001 -- 0.0009)  max mem: 37583
[1,0]<stdout>:Epoch: [107]  [ 40/104]  eta: 0:00:53  loss: 0.6592 (0.6648)  time: 0.7516 (0.6727 -- 0.8053)  data: 0.0005 (0.0001 -- 0.0011)  max mem: 37583
[1,0]<stdout>:Epoch: [107]  [ 60/104]  eta: 0:00:36  loss: 0.6610 (0.6640)  time: 0.7689 (0.7117 -- 0.8289)  data: 0.0005 (0.0002 -- 0.0011)  max mem: 37583
[1,0]<stdout>:Epoch: [107]  [ 80/104]  eta: 0:00:19  loss: 0.6631 (0.6643)  time: 0.7666 (0.7075 -- 0.8452)  data: 0.0005 (0.0002 -- 0.0020)  max mem: 37583
[1,0]<stdout>:Epoch: [107]  [100/104]  eta: 0:00:03  loss: 0.6682 (0.6641)  time: 0.7443 (0.6823 -- 0.8331)  data: 0.0005 (0.0001 -- 0.0014)  max mem: 37583
[1,0]<stdout>:Epoch: [107]  [103/104]  eta: 0:00:00  loss: 0.6682 (0.6639)  time: 0.7320 (0.6627 -- 0.8331)  data: 0.0005 (0.0001 -- 0.0014)  max mem: 37583
[1,0]<stdout>:Epoch: [107] Total time: 0:01:22 (0.7900 s / it)
[1,0]<stdout>:Averaged stats: [1,0]<stdout>:loss: 0.6682 (0.6645)
[1,0]<stdout>:Epoch: [108]  [  0/104]  eta: 0:07:19  loss: 0.6482 (0.6482)  time: 4.2268 (4.2268 -- 4.2268)  data: 2.5907 (2.5907 -- 2.5907)  max mem: 37583
[1,0]<stdout>:Epoch: [108]  [ 20/104]  eta: 0:01:18  loss: 0.6615 (0.6648)  time: 0.7649 (0.7048 -- 0.8781)  data: 0.0005 (0.0002 -- 0.0021)  max mem: 37583
[1,0]<stdout>:Epoch: [108]  [ 40/104]  eta: 0:00:54  loss: 0.6629 (0.6646)  time: 0.7604 (0.6862 -- 0.8217)  data: 0.0005 (0.0001 -- 0.0010)  max mem: 37583
[1,0]<stdout>:Epoch: [108]  [ 60/104]  eta: 0:00:35  loss: 0.6653 (0.6644)  time: 0.7571 (0.6927 -- 0.8142)  data: 0.0005 (0.0002 -- 0.0015)  max mem: 37583
[1,0]<stdout>:Epoch: [108]  [ 80/104]  eta: 0:00:19  loss: 0.6625 (0.6643)  time: 0.7579 (0.7234 -- 0.8153)  data: 0.0004 (0.0001 -- 0.0009)  max mem: 37583
[1,0]<stdout>:Epoch: [108]  [100/104]  eta: 0:00:03  loss: 0.6627 (0.6640)  time: 0.7478 (0.6618 -- 0.9943)  data: 0.0004 (0.0002 -- 0.0010)  max mem: 37583
[1,0]<stdout>:Epoch: [108]  [103/104]  eta: 0:00:00  loss: 0.6636 (0.6640)  time: 0.7372 (0.6618 -- 0.9943)  data: 0.0004 (0.0001 -- 0.0008)  max mem: 37583
[1,0]<stdout>:Epoch: [108] Total time: 0:01:22 (0.7888 s / it)
[1,0]<stdout>:Averaged stats: [1,0]<stdout>:loss: 0.6636 (0.6637)
[1,0]<stdout>:Epoch: [109]  [  0/104]  eta: 0:07:30  loss: 0.6528 (0.6528)  time: 4.3298 (4.3298 -- 4.3298)  data: 2.8440 (2.8440 -- 2.8440)  max mem: 37583
[1,0]<stdout>:Epoch: [109]  [ 20/104]  eta: 0:01:21  loss: 0.6604 (0.6581)  time: 0.7975 (0.7003 -- 1.1850)  data: 0.0005 (0.0001 -- 0.0015)  max mem: 37583
[1,0]<stdout>:Epoch: [109]  [ 40/104]  eta: 0:00:56  loss: 0.6642 (0.6627)  time: 0.8057 (0.7085 -- 1.2780)  data: 0.0006 (0.0001 -- 0.0015)  max mem: 37583
[1,0]<stdout>:Epoch: [109]  [ 60/104]  eta: 0:00:37  loss: 0.6635 (0.6634)  time: 0.8023 (0.7169 -- 1.3429)  data: 0.0005 (0.0001 -- 0.0013)  max mem: 37583
[1,0]<stdout>:Epoch: [109]  [ 80/104]  eta: 0:00:20  loss: 0.6570 (0.6628)  time: 0.7597 (0.6945 -- 0.8206)  data: 0.0004 (0.0001 -- 0.0008)  max mem: 37583
[1,0]<stdout>:Epoch: [109]  [100/104]  eta: 0:00:03  loss: 0.6571 (0.6612)  time: 0.7386 (0.6542 -- 0.8438)  data: 0.0005 (0.0001 -- 0.0010)  max mem: 37583
[1,0]<stdout>:Epoch: [109]  [103/104]  eta: 0:00:00  loss: 0.6571 (0.6615)  time: 0.7178 (0.6542 -- 0.8438)  data: 0.0005 (0.0001 -- 0.0010)  max mem: 37583
[1,0]<stdout>:Epoch: [109] Total time: 0:01:24 (0.8115 s / it)
[1,0]<stdout>:Averaged stats: [1,0]<stdout>:loss: 0.6571 (0.6629)
[1,0]<stdout>:Epoch: [110]  [  0/104]  eta: 0:07:30  loss: 0.6807 (0.6807)  time: 4.3285 (4.3285 -- 4.3285)  data: 2.7695 (2.7695 -- 2.7695)  max mem: 37583
[1,0]<stdout>:Epoch: [110]  [ 20/104]  eta: 0:01:19  loss: 0.6637 (0.6678)  time: 0.7743 (0.6825 -- 0.9750)  data: 0.0005 (0.0002 -- 0.0025)  max mem: 37583
[1,0]<stdout>:Epoch: [110]  [ 40/104]  eta: 0:00:54  loss: 0.6612 (0.6637)  time: 0.7618 (0.7049 -- 0.8631)  data: 0.0005 (0.0001 -- 0.0011)  max mem: 37583
[1,0]<stdout>:Epoch: [110]  [ 60/104]  eta: 0:00:37  loss: 0.6644 (0.6631)  time: 0.8279 (0.6851 -- 1.5557)  data: 0.0004 (0.0002 -- 0.0010)  max mem: 37583
[1,0]<stdout>:Epoch: [110]  [ 80/104]  eta: 0:00:20  loss: 0.6629 (0.6629)  time: 0.8185 (0.6713 -- 1.4589)  data: 0.0005 (0.0002 -- 0.0012)  max mem: 37583
[1,0]<stdout>:Epoch: [110]  [100/104]  eta: 0:00:03  loss: 0.6598 (0.6625)  time: 0.7819 (0.6755 -- 1.6021)  data: 0.0004 (0.0001 -- 0.0009)  max mem: 37583
[1,0]<stdout>:Epoch: [110]  [103/104]  eta: 0:00:00  loss: 0.6605 (0.6623)  time: 0.7756 (0.6558 -- 1.6021)  data: 0.0004 (0.0001 -- 0.0009)  max mem: 37583
[1,0]<stdout>:Epoch: [110] Total time: 0:01:25 (0.8235 s / it)
[1,0]<stdout>:Averaged stats: [1,0]<stdout>:loss: 0.6605 (0.6621)
[1,0]<stdout>:TEST...   [ 0/20]  eta: 0:01:09  loss: 0.6703 (0.6703)  time: 3.4767 (3.4767 -- 3.4767)  data: 3.3426 (3.3426 -- 3.3426)  max mem: 37583
[1,0]<stdout>:TEST...   [19/20]  eta: 0:00:00  loss: 0.6675 (0.6673)  time: 0.7242 (0.0739 -- 3.4767)  data: 0.5976 (0.0000 -- 3.3426)  max mem: 37583
[1,0]<stdout>:TEST...  Total time: 0:00:14 (0.7242 s / it)
[1,0]<stdout>:Averaged stats: loss: 0.6675 (0.6661)
[1,0]<stdout>:[CKPT] Saved improved checkpoint: /leonardo/home/userexternal/ddarmien/Demetra/moduli/videomae/output/checkpoint-110.pth (test_loss 0.666061, prev 0.6718861966393888)
[1,0]<stdout>:Epoch: [111]  [  0/104]  eta: 0:05:02  loss: 0.6308 (0.6308)  time: 2.9092 (2.9092 -- 2.9092)  data: 2.2192 (2.2192 -- 2.2192)  max mem: 37583
[1,0]<stdout>:Epoch: [111]  [ 20/104]  eta: 0:01:10  loss: 0.6645 (0.6617)  time: 0.7323 (0.6693 -- 0.8020)  data: 0.0005 (0.0001 -- 0.0011)  max mem: 37583
[1,0]<stdout>:Epoch: [111]  [ 40/104]  eta: 0:00:50  loss: 0.6637 (0.6615)  time: 0.7496 (0.7081 -- 0.8127)  data: 0.0006 (0.0001 -- 0.0020)  max mem: 37583
[1,0]<stdout>:Epoch: [111]  [ 60/104]  eta: 0:00:34  loss: 0.6561 (0.6600)  time: 0.7560 (0.7084 -- 0.7996)  data: 0.0005 (0.0001 -- 0.0010)  max mem: 37583
[1,0]<stdout>:Epoch: [111]  [ 80/104]  eta: 0:00:18  loss: 0.6626 (0.6607)  time: 0.7502 (0.7041 -- 0.7963)  data: 0.0005 (0.0001 -- 0.0021)  max mem: 37583
[1,0]<stdout>:Epoch: [111]  [100/104]  eta: 0:00:03  loss: 0.6566 (0.6608)  time: 0.7314 (0.6559 -- 0.7942)  data: 0.0005 (0.0002 -- 0.0009)  max mem: 37583
[1,0]<stdout>:Epoch: [111]  [103/104]  eta: 0:00:00  loss: 0.6558 (0.6603)  time: 0.7184 (0.6559 -- 0.7942)  data: 0.0005 (0.0001 -- 0.0009)  max mem: 37583
[1,0]<stdout>:Epoch: [111] Total time: 0:01:19 (0.7625 s / it)
[1,0]<stdout>:Averaged stats: [1,0]<stdout>:loss: 0.6558 (0.6614)
[1,0]<stdout>:Epoch: [112]  [  0/104]  eta: 0:07:22  loss: 0.6480 (0.6480)  time: 4.2531 (4.2531 -- 4.2531)  data: 2.6097 (2.6097 -- 2.6097)  max mem: 37583
[1,0]<stdout>:Epoch: [112]  [ 20/104]  eta: 0:01:17  loss: 0.6553 (0.6560)  time: 0.7581 (0.6987 -- 0.8637)  data: 0.0006 (0.0001 -- 0.0009)  max mem: 37583
[1,0]<stdout>:Epoch: [112]  [ 40/104]  eta: 0:00:53  loss: 0.6623 (0.6578)  time: 0.7506 (0.6973 -- 0.8033)  data: 0.0005 (0.0002 -- 0.0010)  max mem: 37583
[1,0]<stdout>:Epoch: [112]  [ 60/104]  eta: 0:00:35  loss: 0.6565 (0.6571)  time: 0.7584 (0.6871 -- 0.8440)  data: 0.0005 (0.0002 -- 0.0009)  max mem: 37583
[1,0]<stdout>:Epoch: [112]  [ 80/104]  eta: 0:00:19  loss: 0.6610 (0.6583)  time: 0.7568 (0.7090 -- 0.8155)  data: 0.0005 (0.0002 -- 0.0009)  max mem: 37583
[1,0]<stdout>:Epoch: [112]  [100/104]  eta: 0:00:03  loss: 0.6532 (0.6575)  time: 0.7274 (0.6616 -- 0.8226)  data: 0.0005 (0.0002 -- 0.0008)  max mem: 37583
[1,0]<stdout>:Epoch: [112]  [103/104]  eta: 0:00:00  loss: 0.6532 (0.6577)  time: 0.7133 (0.6567 -- 0.7828)  data: 0.0005 (0.0001 -- 0.0007)  max mem: 37583
[1,0]<stdout>:Epoch: [112] Total time: 0:01:21 (0.7818 s / it)
[1,0]<stdout>:Averaged stats: [1,0]<stdout>:loss: 0.6532 (0.6604)
[1,0]<stdout>:Epoch: [113]  [  0/104]  eta: 0:07:09  loss: 0.6211 (0.6211)  time: 4.1274 (4.1274 -- 4.1274)  data: 2.7343 (2.7343 -- 2.7343)  max mem: 37583
[1,0]<stdout>:Epoch: [113]  [ 20/104]  eta: 0:01:18  loss: 0.6590 (0.6572)  time: 0.7706 (0.7047 -- 0.9114)  data: 0.0008 (0.0001 -- 0.0028)  max mem: 37583
[1,0]<stdout>:Epoch: [113]  [ 40/104]  eta: 0:00:54  loss: 0.6560 (0.6582)  time: 0.7592 (0.7130 -- 0.8114)  data: 0.0006 (0.0002 -- 0.0009)  max mem: 37583
[1,0]<stdout>:Epoch: [113]  [ 60/104]  eta: 0:00:35  loss: 0.6644 (0.6592)  time: 0.7541 (0.6969 -- 0.8416)  data: 0.0005 (0.0002 -- 0.0013)  max mem: 37583
[1,0]<stdout>:Epoch: [113]  [ 80/104]  eta: 0:00:19  loss: 0.6674 (0.6614)  time: 0.7496 (0.7028 -- 0.8282)  data: 0.0005 (0.0001 -- 0.0009)  max mem: 37583
[1,0]<stdout>:Epoch: [113]  [100/104]  eta: 0:00:03  loss: 0.6536 (0.6604)  time: 0.7355 (0.6556 -- 0.8207)  data: 0.0005 (0.0001 -- 0.0009)  max mem: 37583
[1,0]<stdout>:Epoch: [113]  [103/104]  eta: 0:00:00  loss: 0.6536 (0.6605)  time: 0.7217 (0.6556 -- 0.8207)  data: 0.0005 (0.0001 -- 0.0009)  max mem: 37583
[1,0]<stdout>:Epoch: [113] Total time: 0:01:21 (0.7836 s / it)
[1,0]<stdout>:Averaged stats: [1,0]<stdout>:loss: 0.6536 (0.6597)
[1,0]<stdout>:Epoch: [114]  [  0/104]  eta: 0:06:28  loss: 0.6734 (0.6734)  time: 3.7331 (3.7331 -- 3.7331)  data: 2.6045 (2.6045 -- 2.6045)  max mem: 37583
[1,0]<stdout>:Epoch: [114]  [ 20/104]  eta: 0:01:17  loss: 0.6547 (0.6536)  time: 0.7856 (0.7034 -- 1.1002)  data: 0.0005 (0.0002 -- 0.0010)  max mem: 37583
[1,0]<stdout>:Epoch: [114]  [ 40/104]  eta: 0:00:54  loss: 0.6603 (0.6561)  time: 0.7706 (0.6982 -- 0.8369)  data: 0.0005 (0.0002 -- 0.0011)  max mem: 37583
[1,0]<stdout>:Epoch: [114]  [ 60/104]  eta: 0:00:36  loss: 0.6655 (0.6590)  time: 0.7643 (0.7184 -- 0.8732)  data: 0.0006 (0.0001 -- 0.0014)  max mem: 37583
[1,0]<stdout>:Epoch: [114]  [ 80/104]  eta: 0:00:19  loss: 0.6566 (0.6597)  time: 0.7553 (0.7087 -- 0.8227)  data: 0.0006 (0.0002 -- 0.0009)  max mem: 37583
[1,0]<stdout>:Epoch: [114]  [100/104]  eta: 0:00:03  loss: 0.6588 (0.6596)  time: 0.7403 (0.6571 -- 0.8278)  data: 0.0005 (0.0001 -- 0.0010)  max mem: 37583
[1,0]<stdout>:Epoch: [114]  [103/104]  eta: 0:00:00  loss: 0.6585 (0.6594)  time: 0.7309 (0.6571 -- 0.8278)  data: 0.0005 (0.0001 -- 0.0010)  max mem: 37583
[1,0]<stdout>:Epoch: [114] Total time: 0:01:22 (0.7895 s / it)
[1,0]<stdout>:Averaged stats: [1,0]<stdout>:loss: 0.6585 (0.6589)
[1,0]<stdout>:Epoch: [115]  [  0/104]  eta: 0:07:15  loss: 0.6546 (0.6546)  time: 4.1869 (4.1869 -- 4.1869)  data: 2.7295 (2.7295 -- 2.7295)  max mem: 37583
[1,0]<stdout>:Epoch: [115]  [ 20/104]  eta: 0:01:19  loss: 0.6558 (0.6567)  time: 0.7814 (0.6891 -- 0.9755)  data: 0.0004 (0.0001 -- 0.0006)  max mem: 37583
[1,0]<stdout>:Epoch: [115]  [ 40/104]  eta: 0:00:54  loss: 0.6552 (0.6571)  time: 0.7546 (0.7017 -- 0.8175)  data: 0.0005 (0.0002 -- 0.0010)  max mem: 37583
[1,0]<stdout>:Epoch: [115]  [ 60/104]  eta: 0:00:36  loss: 0.6532 (0.6559)  time: 0.7580 (0.6897 -- 0.8589)  data: 0.0006 (0.0001 -- 0.0014)  max mem: 37583
[1,0]<stdout>:Epoch: [115]  [ 80/104]  eta: 0:00:19  loss: 0.6605 (0.6572)  time: 0.7555 (0.7064 -- 0.8223)  data: 0.0005 (0.0002 -- 0.0010)  max mem: 37583
[1,0]<stdout>:Epoch: [115]  [100/104]  eta: 0:00:03  loss: 0.6468 (0.6562)  time: 0.7293 (0.6568 -- 0.8174)  data: 0.0005 (0.0001 -- 0.0010)  max mem: 37583
[1,0]<stdout>:Epoch: [115]  [103/104]  eta: 0:00:00  loss: 0.6525 (0.6563)  time: 0.7204 (0.6568 -- 0.8174)  data: 0.0005 (0.0001 -- 0.0010)  max mem: 37583
[1,0]<stdout>:Epoch: [115] Total time: 0:01:21 (0.7867 s / it)
[1,0]<stdout>:Averaged stats: [1,0]<stdout>:loss: 0.6525 (0.6582)
[1,0]<stdout>:Epoch: [116]  [  0/104]  eta: 0:07:03  loss: 0.6618 (0.6618)  time: 4.0711 (4.0711 -- 4.0711)  data: 2.3100 (2.3100 -- 2.3100)  max mem: 37583
[1,0]<stdout>:Epoch: [116]  [ 20/104]  eta: 0:01:18  loss: 0.6549 (0.6557)  time: 0.7814 (0.6944 -- 0.9146)  data: 0.0006 (0.0001 -- 0.0022)  max mem: 37583
[1,0]<stdout>:Epoch: [116]  [ 40/104]  eta: 0:00:54  loss: 0.6624 (0.6578)  time: 0.7617 (0.7100 -- 0.8056)  data: 0.0005 (0.0002 -- 0.0009)  max mem: 37583
[1,0]<stdout>:Epoch: [116]  [ 60/104]  eta: 0:00:36  loss: 0.6642 (0.6582)  time: 0.7661 (0.7035 -- 0.8475)  data: 0.0005 (0.0001 -- 0.0009)  max mem: 37583
[1,0]<stdout>:Epoch: [116]  [ 80/104]  eta: 0:00:19  loss: 0.6603 (0.6580)  time: 0.7514 (0.6880 -- 0.8298)  data: 0.0005 (0.0002 -- 0.0010)  max mem: 37583
[1,0]<stdout>:Epoch: [116]  [100/104]  eta: 0:00:03  loss: 0.6560 (0.6585)  time: 0.7417 (0.6786 -- 0.7946)  data: 0.0006 (0.0001 -- 0.0015)  max mem: 37583
[1,0]<stdout>:Epoch: [116]  [103/104]  eta: 0:00:00  loss: 0.6549 (0.6585)  time: 0.7315 (0.6763 -- 0.7935)  data: 0.0005 (0.0001 -- 0.0012)  max mem: 37583
[1,0]<stdout>:Epoch: [116] Total time: 0:01:22 (0.7902 s / it)
[1,0]<stdout>:Averaged stats: [1,0]<stdout>:loss: 0.6549 (0.6574)
[1,0]<stdout>:Epoch: [117]  [  0/104]  eta: 0:07:13  loss: 0.6444 (0.6444)  time: 4.1697 (4.1697 -- 4.1697)  data: 2.4318 (2.4318 -- 2.4318)  max mem: 37583
[1,0]<stdout>:Epoch: [117]  [ 20/104]  eta: 0:01:18  loss: 0.6616 (0.6610)  time: 0.7697 (0.6955 -- 0.8870)  data: 0.0006 (0.0002 -- 0.0013)  max mem: 37583
[1,0]<stdout>:Epoch: [117]  [ 40/104]  eta: 0:00:54  loss: 0.6591 (0.6588)  time: 0.7612 (0.7229 -- 0.8012)  data: 0.0004 (0.0001 -- 0.0007)  max mem: 37583
[1,0]<stdout>:Epoch: [117]  [ 60/104]  eta: 0:00:36  loss: 0.6663 (0.6593)  time: 0.7615 (0.7202 -- 0.8018)  data: 0.0006 (0.0002 -- 0.0014)  max mem: 37583
[1,0]<stdout>:Epoch: [117]  [ 80/104]  eta: 0:00:19  loss: 0.6603 (0.6591)  time: 0.7535 (0.6988 -- 0.8181)  data: 0.0006 (0.0002 -- 0.0024)  max mem: 37583
[1,0]<stdout>:Epoch: [117]  [100/104]  eta: 0:00:03  loss: 0.6554 (0.6577)  time: 0.7351 (0.6567 -- 0.8394)  data: 0.0006 (0.0002 -- 0.0011)  max mem: 37583
[1,0]<stdout>:Epoch: [117]  [103/104]  eta: 0:00:00  loss: 0.6554 (0.6575)  time: 0.7277 (0.6567 -- 0.8394)  data: 0.0006 (0.0001 -- 0.0011)  max mem: 37583
[1,0]<stdout>:Epoch: [117] Total time: 0:01:21 (0.7870 s / it)
[1,0]<stdout>:Averaged stats: loss: 0.6554 (0.6568)
[1,0]<stdout>:Epoch: [118]  [  0/104]  eta: 0:07:25  loss: 0.6458 (0.6458)  time: 4.2834 (4.2834 -- 4.2834)  data: 2.3278 (2.3278 -- 2.3278)  max mem: 37583
[1,0]<stdout>:Epoch: [118]  [ 20/104]  eta: 0:01:18  loss: 0.6575 (0.6543)  time: 0.7692 (0.6999 -- 1.1682)  data: 0.0006 (0.0001 -- 0.0010)  max mem: 37583
[1,0]<stdout>:Epoch: [118]  [ 40/104]  eta: 0:00:54  loss: 0.6556 (0.6544)  time: 0.7505 (0.7232 -- 0.7908)  data: 0.0005 (0.0002 -- 0.0008)  max mem: 37583
[1,0]<stdout>:Epoch: [118]  [ 60/104]  eta: 0:00:35  loss: 0.6531 (0.6542)  time: 0.7597 (0.7259 -- 0.8003)  data: 0.0005 (0.0002 -- 0.0010)  max mem: 37583
[1,0]<stdout>:Epoch: [118]  [ 80/104]  eta: 0:00:19  loss: 0.6548 (0.6539)  time: 0.7604 (0.7277 -- 0.8014)  data: 0.0005 (0.0002 -- 0.0011)  max mem: 37583
[1,0]<stdout>:Epoch: [118]  [100/104]  eta: 0:00:03  loss: 0.6572 (0.6541)  time: 0.7393 (0.6660 -- 0.8048)  data: 0.0005 (0.0001 -- 0.0010)  max mem: 37583
[1,0]<stdout>:Epoch: [118]  [103/104]  eta: 0:00:00  loss: 0.6567 (0.6540)  time: 0.7255 (0.6660 -- 0.8048)  data: 0.0005 (0.0001 -- 0.0010)  max mem: 37583
[1,0]<stdout>:Epoch: [118] Total time: 0:01:21 (0.7874 s / it)
[1,0]<stdout>:Averaged stats: [1,0]<stdout>:loss: 0.6567 (0.6559)
[1,0]<stdout>:Epoch: [119]  [  0/104]  eta: 0:07:36  loss: 0.6797 (0.6797)  time: 4.3901 (4.3901 -- 4.3901)  data: 2.8593 (2.8593 -- 2.8593)  max mem: 37583
[1,0]<stdout>:Epoch: [119]  [ 20/104]  eta: 0:01:17  loss: 0.6521 (0.6572)  time: 0.7531 (0.6903 -- 0.8707)  data: 0.0005 (0.0001 -- 0.0015)  max mem: 37583
[1,0]<stdout>:Epoch: [119]  [ 40/104]  eta: 0:00:54  loss: 0.6562 (0.6569)  time: 0.7623 (0.7092 -- 0.8530)  data: 0.0006 (0.0003 -- 0.0011)  max mem: 37583
[1,0]<stdout>:Epoch: [119]  [ 60/104]  eta: 0:00:36  loss: 0.6507 (0.6551)  time: 0.7652 (0.7182 -- 0.8209)  data: 0.0005 (0.0002 -- 0.0010)  max mem: 37583
[1,0]<stdout>:Epoch: [119]  [ 80/104]  eta: 0:00:19  loss: 0.6577 (0.6558)  time: 0.7456 (0.6851 -- 0.8174)  data: 0.0006 (0.0001 -- 0.0022)  max mem: 37583
[1,0]<stdout>:Epoch: [119]  [100/104]  eta: 0:00:03  loss: 0.6564 (0.6561)  time: 0.7682 (0.6649 -- 1.0860)  data: 0.0005 (0.0001 -- 0.0011)  max mem: 37583
[1,0]<stdout>:Epoch: [119]  [103/104]  eta: 0:00:00  loss: 0.6612 (0.6564)  time: 0.7533 (0.6604 -- 1.0860)  data: 0.0005 (0.0001 -- 0.0011)  max mem: 37583
[1,0]<stdout>:Epoch: [119] Total time: 0:01:22 (0.7913 s / it)
[1,0]<stdout>:Averaged stats: [1,0]<stdout>:loss: 0.6612 (0.6555)
[1,0]<stdout>:Epoch: [120]  [  0/104]  eta: 0:07:25  loss: 0.6398 (0.6398)  time: 4.2840 (4.2840 -- 4.2840)  data: 2.6860 (2.6860 -- 2.6860)  max mem: 37583
[1,0]<stdout>:Epoch: [120]  [ 20/104]  eta: 0:01:21  loss: 0.6458 (0.6488)  time: 0.7985 (0.6881 -- 1.1957)  data: 0.0005 (0.0001 -- 0.0010)  max mem: 37583
[1,0]<stdout>:Epoch: [120]  [ 40/104]  eta: 0:00:55  loss: 0.6595 (0.6539)  time: 0.7729 (0.6975 -- 0.8361)  data: 0.0005 (0.0001 -- 0.0009)  max mem: 37583
[1,0]<stdout>:Epoch: [120]  [ 60/104]  eta: 0:00:36  loss: 0.6571 (0.6553)  time: 0.7648 (0.7238 -- 0.8020)  data: 0.0005 (0.0001 -- 0.0009)  max mem: 37583
[1,0]<stdout>:Epoch: [120]  [ 80/104]  eta: 0:00:19  loss: 0.6602 (0.6555)  time: 0.7736 (0.7285 -- 0.8311)  data: 0.0005 (0.0002 -- 0.0009)  max mem: 37583
[1,0]<stdout>:Epoch: [120]  [100/104]  eta: 0:00:03  loss: 0.6510 (0.6554)  time: 0.7630 (0.6712 -- 1.0336)  data: 0.0005 (0.0001 -- 0.0010)  max mem: 37583
[1,0]<stdout>:Epoch: [120]  [103/104]  eta: 0:00:00  loss: 0.6562 (0.6557)  time: 0.7493 (0.6556 -- 1.0336)  data: 0.0004 (0.0001 -- 0.0010)  max mem: 37583
[1,0]<stdout>:Epoch: [120] Total time: 0:01:23 (0.8053 s / it)
[1,0]<stdout>:Averaged stats: loss: 0.6562 (0.6551)
[1,0]<stdout>:TEST...   [ 0/20]  eta: 0:01:02  loss: 0.6622 (0.6622)  time: 3.1388 (3.1388 -- 3.1388)  data: 3.0042 (3.0042 -- 3.0042)  max mem: 37583
[1,0]<stdout>:TEST...   [19/20]  eta: 0:00:00  loss: 0.6621 (0.6617)  time: 0.6805 (0.0739 -- 3.1388)  data: 0.5546 (0.0000 -- 3.0042)  max mem: 37583
[1,0]<stdout>:TEST...  Total time: 0:00:13 (0.6805 s / it)
[1,0]<stdout>:Averaged stats: [1,0]<stdout>:loss: 0.6621 (0.6605)
[1,0]<stdout>:[CKPT] Saved improved checkpoint: /leonardo/home/userexternal/ddarmien/Demetra/moduli/videomae/output/checkpoint-120.pth (test_loss 0.660510, prev 0.6660612306557596)
[1,0]<stdout>:Epoch: [121]  [  0/104]  eta: 0:05:58  loss: 0.6380 (0.6380)  time: 3.4495 (3.4495 -- 3.4495)  data: 2.7631 (2.7631 -- 2.7631)  max mem: 37583
[1,0]<stdout>:Epoch: [121]  [ 20/104]  eta: 0:01:17  loss: 0.6516 (0.6513)  time: 0.7903 (0.6634 -- 1.1307)  data: 0.0004 (0.0001 -- 0.0008)  max mem: 37583
[1,0]<stdout>:Epoch: [121]  [ 40/104]  eta: 0:00:55  loss: 0.6563 (0.6537)  time: 0.8016 (0.6971 -- 1.1347)  data: 0.0005 (0.0002 -- 0.0014)  max mem: 37583
[1,0]<stdout>:Epoch: [121]  [ 60/104]  eta: 0:00:36  loss: 0.6592 (0.6556)  time: 0.7491 (0.7105 -- 0.8230)  data: 0.0004 (0.0002 -- 0.0009)  max mem: 37583
[1,0]<stdout>:Epoch: [121]  [ 80/104]  eta: 0:00:19  loss: 0.6528 (0.6547)  time: 0.7579 (0.6920 -- 0.8060)  data: 0.0005 (0.0002 -- 0.0013)  max mem: 37583
[1,0]<stdout>:Epoch: [121]  [100/104]  eta: 0:00:03  loss: 0.6518 (0.6536)  time: 0.7384 (0.6637 -- 0.8044)  data: 0.0006 (0.0001 -- 0.0014)  max mem: 37583
[1,0]<stdout>:Epoch: [121]  [103/104]  eta: 0:00:00  loss: 0.6491 (0.6530)  time: 0.7288 (0.6637 -- 0.8044)  data: 0.0005 (0.0001 -- 0.0014)  max mem: 37583
[1,0]<stdout>:Epoch: [121] Total time: 0:01:22 (0.7905 s / it)
[1,0]<stdout>:Averaged stats: [1,0]<stdout>:loss: 0.6491 (0.6545)
[1,0]<stdout>:Epoch: [122]  [  0/104]  eta: 0:07:22  loss: 0.6487 (0.6487)  time: 4.2579 (4.2579 -- 4.2579)  data: 2.7862 (2.7862 -- 2.7862)  max mem: 37583
[1,0]<stdout>:Epoch: [122]  [ 20/104]  eta: 0:01:18  loss: 0.6505 (0.6528)  time: 0.7716 (0.7168 -- 0.9648)  data: 0.0006 (0.0001 -- 0.0012)  max mem: 37583[1,0]<stdout>:
[1,0]<stdout>:Epoch: [122]  [ 40/104]  eta: 0:00:54  loss: 0.6507 (0.6516)  time: 0.7556 (0.7194 -- 0.8189)  data: 0.0006 (0.0002 -- 0.0014)  max mem: 37583
[1,0]<stdout>:Epoch: [122]  [ 60/104]  eta: 0:00:36  loss: 0.6566 (0.6529)  time: 0.7655 (0.7244 -- 0.8527)  data: 0.0006 (0.0002 -- 0.0012)  max mem: 37583
[1,0]<stdout>:Epoch: [122]  [ 80/104]  eta: 0:00:19  loss: 0.6546 (0.6536)  time: 0.7603 (0.7096 -- 0.7962)  data: 0.0005 (0.0002 -- 0.0009)  max mem: 37583
[1,0]<stdout>:Epoch: [122]  [100/104]  eta: 0:00:03  loss: 0.6521 (0.6536)  time: 0.7382 (0.6633 -- 0.8382)  data: 0.0004 (0.0001 -- 0.0008)  max mem: 37583
[1,0]<stdout>:Epoch: [122]  [103/104]  eta: 0:00:00  loss: 0.6507 (0.6537)  time: 0.7240 (0.6633 -- 0.8382)  data: 0.0004 (0.0001 -- 0.0008)  max mem: 37583
[1,0]<stdout>:Epoch: [122] Total time: 0:01:22 (0.7899 s / it)
[1,0]<stdout>:Averaged stats: [1,0]<stdout>:loss: 0.6507 (0.6538)
[1,0]<stdout>:Epoch: [123]  [  0/104]  eta: 0:07:23  loss: 0.6494 (0.6494)  time: 4.2674 (4.2674 -- 4.2674)  data: 2.5428 (2.5428 -- 2.5428)  max mem: 37583
[1,0]<stdout>:Epoch: [123]  [ 20/104]  eta: 0:01:20  loss: 0.6556 (0.6548)  time: 0.7956 (0.7196 -- 1.1001)  data: 0.0005 (0.0002 -- 0.0010)  max mem: 37583
[1,0]<stdout>:Epoch: [123]  [ 40/104]  eta: 0:00:55  loss: 0.6533 (0.6544)  time: 0.7779 (0.7166 -- 1.0428)  data: 0.0005 (0.0001 -- 0.0013)  max mem: 37583
[1,0]<stdout>:Epoch: [123]  [ 60/104]  eta: 0:00:36  loss: 0.6511 (0.6541)  time: 0.7566 (0.6895 -- 0.8067)  data: 0.0005 (0.0001 -- 0.0012)  max mem: 37583
[1,0]<stdout>:Epoch: [123]  [ 80/104]  eta: 0:00:19  loss: 0.6448 (0.6525)  time: 0.7555 (0.7221 -- 0.8080)  data: 0.0004 (0.0002 -- 0.0009)  max mem: 37583
[1,0]<stdout>:Epoch: [123]  [100/104]  eta: 0:00:03  loss: 0.6520 (0.6525)  time: 0.7437 (0.6805 -- 0.8084)  data: 0.0005 (0.0001 -- 0.0012)  max mem: 37583
[1,0]<stdout>:Epoch: [123]  [103/104]  eta: 0:00:00  loss: 0.6532 (0.6526)  time: 0.7292 (0.6577 -- 0.8084)  data: 0.0005 (0.0001 -- 0.0011)  max mem: 37583
[1,0]<stdout>:Epoch: [123] Total time: 0:01:22 (0.7966 s / it)
[1,0]<stdout>:Averaged stats: [1,0]<stdout>:loss: 0.6532 (0.6529)
[1,0]<stdout>:Epoch: [124]  [  0/104]  eta: 0:07:17  loss: 0.6747 (0.6747)  time: 4.2110 (4.2110 -- 4.2110)  data: 2.8154 (2.8154 -- 2.8154)  max mem: 37583
[1,0]<stdout>:Epoch: [124]  [ 20/104]  eta: 0:01:21  loss: 0.6518 (0.6538)  time: 0.8127 (0.6905 -- 1.1327)  data: 0.0004 (0.0001 -- 0.0011)  max mem: 37583
[1,0]<stdout>:Epoch: [124]  [ 40/104]  eta: 0:00:55  loss: 0.6528 (0.6547)  time: 0.7538 (0.7057 -- 0.8261)  data: 0.0005 (0.0002 -- 0.0022)  max mem: 37583
[1,0]<stdout>:Epoch: [124]  [ 60/104]  eta: 0:00:36  loss: 0.6545 (0.6555)  time: 0.7810 (0.7258 -- 1.0442)  data: 0.0004 (0.0001 -- 0.0010)  max mem: 37583
[1,0]<stdout>:Epoch: [124]  [ 80/104]  eta: 0:00:19  loss: 0.6497 (0.6551)  time: 0.7639 (0.7237 -- 0.8074)  data: 0.0004 (0.0001 -- 0.0008)  max mem: 37583
[1,0]<stdout>:Epoch: [124]  [100/104]  eta: 0:00:03  loss: 0.6539 (0.6550)  time: 0.7667 (0.6890 -- 0.8160)  data: 0.0004 (0.0001 -- 0.0009)  max mem: 37583
[1,0]<stdout>:Epoch: [124]  [103/104]  eta: 0:00:00  loss: 0.6561 (0.6552)  time: 0.7488 (0.6592 -- 0.8160)  data: 0.0003 (0.0001 -- 0.0009)  max mem: 37583
[1,0]<stdout>:Epoch: [124] Total time: 0:01:23 (0.8056 s / it)
[1,0]<stdout>:Averaged stats: [1,0]<stdout>:loss: 0.6561 (0.6523)
[1,0]<stdout>:Epoch: [125]  [  0/104]  eta: 0:07:14  loss: 0.6759 (0.6759)  time: 4.1808 (4.1808 -- 4.1808)  data: 2.7180 (2.7180 -- 2.7180)  max mem: 37583
[1,0]<stdout>:Epoch: [125]  [ 20/104]  eta: 0:01:17  loss: 0.6488 (0.6498)  time: 0.7651 (0.6916 -- 0.8900)  data: 0.0004 (0.0001 -- 0.0008)  max mem: 37583
[1,0]<stdout>:Epoch: [125]  [ 40/104]  eta: 0:00:54  loss: 0.6519 (0.6519)  time: 0.7637 (0.7280 -- 0.8078)  data: 0.0006 (0.0002 -- 0.0012)  max mem: 37583
[1,0]<stdout>:Epoch: [125]  [ 60/104]  eta: 0:00:36  loss: 0.6523 (0.6511)  time: 0.7729 (0.7132 -- 0.8505)  data: 0.0005 (0.0002 -- 0.0010)  max mem: 37583
[1,0]<stdout>:Epoch: [125]  [ 80/104]  eta: 0:00:19  loss: 0.6515 (0.6512)  time: 0.7835 (0.7340 -- 0.8495)  data: 0.0004 (0.0001 -- 0.0010)  max mem: 37583
[1,0]<stdout>:Epoch: [125]  [100/104]  eta: 0:00:03  loss: 0.6487 (0.6508)  time: 0.7481 (0.6752 -- 0.8069)  data: 0.0006 (0.0001 -- 0.0014)  max mem: 37583
[1,0]<stdout>:Epoch: [125]  [103/104]  eta: 0:00:00  loss: 0.6521 (0.6512)  time: 0.7379 (0.6680 -- 0.8069)  data: 0.0005 (0.0001 -- 0.0011)  max mem: 37583
[1,0]<stdout>:Epoch: [125] Total time: 0:01:22 (0.7969 s / it)
[1,0]<stdout>:Averaged stats: [1,0]<stdout>:loss: 0.6521 (0.6515)
[1,0]<stdout>:Epoch: [126]  [  0/104]  eta: 0:07:11  loss: 0.6618 (0.6618)  time: 4.1519 (4.1519 -- 4.1519)  data: 2.6938 (2.6938 -- 2.6938)  max mem: 37583
[1,0]<stdout>:Epoch: [126]  [ 20/104]  eta: 0:01:16  loss: 0.6518 (0.6532)  time: 0.7542 (0.7022 -- 0.9425)  data: 0.0006 (0.0001 -- 0.0020)  max mem: 37583
[1,0]<stdout>:Epoch: [126]  [ 40/104]  eta: 0:00:53  loss: 0.6462 (0.6506)  time: 0.7658 (0.7161 -- 0.8330)  data: 0.0006 (0.0002 -- 0.0015)  max mem: 37583
[1,0]<stdout>:Epoch: [126]  [ 60/104]  eta: 0:00:36  loss: 0.6453 (0.6483)  time: 0.7722 (0.7250 -- 0.8347)  data: 0.0005 (0.0002 -- 0.0010)  max mem: 37583
[1,0]<stdout>:Epoch: [126]  [ 80/104]  eta: 0:00:19  loss: 0.6504 (0.6489)  time: 0.7652 (0.7127 -- 0.8338)  data: 0.0005 (0.0001 -- 0.0013)  max mem: 37583
[1,0]<stdout>:Epoch: [126]  [100/104]  eta: 0:00:03  loss: 0.6456 (0.6489)  time: 0.7591 (0.6762 -- 0.8728)  data: 0.0004 (0.0001 -- 0.0014)  max mem: 37583
[1,0]<stdout>:Epoch: [126]  [103/104]  eta: 0:00:00  loss: 0.6502 (0.6492)  time: 0.7451 (0.6717 -- 0.8728)  data: 0.0004 (0.0001 -- 0.0014)  max mem: 37583
[1,0]<stdout>:Epoch: [126] Total time: 0:01:22 (0.7936 s / it)
[1,0]<stdout>:Averaged stats: loss: 0.6502 (0.6512)
[1,0]<stdout>:Epoch: [127]  [  0/104]  eta: 0:07:17  loss: 0.6506 (0.6506)  time: 4.2032 (4.2032 -- 4.2032)  data: 2.2728 (2.2728 -- 2.2728)  max mem: 37583[1,0]<stdout>:
[1,0]<stdout>:Epoch: [127]  [ 20/104]  eta: 0:01:18  loss: 0.6508 (0.6506)  time: 0.7673 (0.7091 -- 0.9097)  data: 0.0011 (0.0001 -- 0.0131)  max mem: 37583
[1,0]<stdout>:Epoch: [127]  [ 40/104]  eta: 0:00:54  loss: 0.6475 (0.6495)  time: 0.7704 (0.7343 -- 0.8258)  data: 0.0006 (0.0001 -- 0.0014)  max mem: 37583
[1,0]<stdout>:Epoch: [127]  [ 60/104]  eta: 0:00:36  loss: 0.6506 (0.6496)  time: 0.7572 (0.7059 -- 0.8119)  data: 0.0005 (0.0001 -- 0.0010)  max mem: 37583
[1,0]<stdout>:Epoch: [127]  [ 80/104]  eta: 0:00:19  loss: 0.6501 (0.6496)  time: 0.7548 (0.6996 -- 0.8179)  data: 0.0005 (0.0001 -- 0.0008)  max mem: 37583
[1,0]<stdout>:Epoch: [127]  [100/104]  eta: 0:00:03  loss: 0.6508 (0.6504)  time: 0.7448 (0.6699 -- 0.7987)  data: 0.0005 (0.0001 -- 0.0011)  max mem: 37583
[1,0]<stdout>:Epoch: [127]  [103/104]  eta: 0:00:00  loss: 0.6510 (0.6503)  time: 0.7355 (0.6699 -- 0.7987)  data: 0.0004 (0.0001 -- 0.0011)  max mem: 37583
[1,0]<stdout>:Epoch: [127] Total time: 0:01:22 (0.7897 s / it)
[1,0]<stdout>:Averaged stats: [1,0]<stdout>:loss: 0.6510 (0.6507)
[1,0]<stdout>:Epoch: [128]  [  0/104]  eta: 0:07:07  loss: 0.6757 (0.6757)  time: 4.1123 (4.1123 -- 4.1123)  data: 2.4144 (2.4144 -- 2.4144)  max mem: 37583
[1,0]<stdout>:Epoch: [128]  [ 20/104]  eta: 0:01:17  loss: 0.6513 (0.6528)  time: 0.7652 (0.6911 -- 0.9306)  data: 0.0005 (0.0001 -- 0.0014)  max mem: 37583
[1,0]<stdout>:Epoch: [128]  [ 40/104]  eta: 0:00:54  loss: 0.6548 (0.6525)  time: 0.7636 (0.7184 -- 0.8247)  data: 0.0004 (0.0001 -- 0.0015)  max mem: 37583
[1,0]<stdout>:Epoch: [128]  [ 60/104]  eta: 0:00:36  loss: 0.6487 (0.6514)  time: 0.7624 (0.7224 -- 0.8104)  data: 0.0005 (0.0001 -- 0.0012)  max mem: 37583
[1,0]<stdout>:Epoch: [128]  [ 80/104]  eta: 0:00:19  loss: 0.6499 (0.6508)  time: 0.7665 (0.7257 -- 0.8264)  data: 0.0006 (0.0001 -- 0.0016)  max mem: 37583
[1,0]<stdout>:Epoch: [128]  [100/104]  eta: 0:00:03  loss: 0.6504 (0.6514)  time: 0.7410 (0.6649 -- 0.8214)  data: 0.0005 (0.0001 -- 0.0020)  max mem: 37583
[1,0]<stdout>:Epoch: [128]  [103/104]  eta: 0:00:00  loss: 0.6507 (0.6516)  time: 0.7268 (0.6649 -- 0.8095)  data: 0.0005 (0.0001 -- 0.0020)  max mem: 37583
[1,0]<stdout>:Epoch: [128] Total time: 0:01:22 (0.7898 s / it)
[1,0]<stdout>:Averaged stats: [1,0]<stdout>:loss: 0.6507 (0.6504)
[1,0]<stdout>:Epoch: [129]  [  0/104]  eta: 0:06:41  loss: 0.6392 (0.6392)  time: 3.8604 (3.8604 -- 3.8604)  data: 2.1760 (2.1760 -- 2.1760)  max mem: 37583
[1,0]<stdout>:Epoch: [129]  [ 20/104]  eta: 0:01:17  loss: 0.6474 (0.6473)  time: 0.7719 (0.6851 -- 0.9880)  data: 0.0006 (0.0001 -- 0.0014)  max mem: 37583
[1,0]<stdout>:Epoch: [129]  [ 40/104]  eta: 0:00:54  loss: 0.6477 (0.6488)  time: 0.7678 (0.7254 -- 0.8195)  data: 0.0005 (0.0002 -- 0.0015)  max mem: 37583
[1,0]<stdout>:Epoch: [129]  [ 60/104]  eta: 0:00:36  loss: 0.6515 (0.6497)  time: 0.7634 (0.7308 -- 0.7969)  data: 0.0006 (0.0001 -- 0.0016)  max mem: 37583
[1,0]<stdout>:Epoch: [129]  [ 80/104]  eta: 0:00:19  loss: 0.6561 (0.6506)  time: 0.7676 (0.7207 -- 0.8121)  data: 0.0005 (0.0001 -- 0.0015)  max mem: 37583
[1,0]<stdout>:Epoch: [129]  [100/104]  eta: 0:00:03  loss: 0.6461 (0.6508)  time: 0.7491 (0.6694 -- 0.8321)  data: 0.0005 (0.0001 -- 0.0013)  max mem: 37583
[1,0]<stdout>:Epoch: [129]  [103/104]  eta: 0:00:00  loss: 0.6448 (0.6510)  time: 0.7332 (0.6608 -- 0.8321)  data: 0.0004 (0.0001 -- 0.0013)  max mem: 37583
[1,0]<stdout>:Epoch: [129] Total time: 0:01:22 (0.7911 s / it)
[1,0]<stdout>:Averaged stats:[1,0]<stdout>: [1,0]<stdout>:loss: 0.6448 (0.6502)
[1,0]<stdout>:Epoch: [130]  [  0/104]  eta: 0:07:16  loss: 0.6522 (0.6522)  time: 4.1940 (4.1940 -- 4.1940)  data: 2.3278 (2.3278 -- 2.3278)  max mem: 37583
[1,0]<stdout>:Epoch: [130]  [ 20/104]  eta: 0:01:17  loss: 0.6512 (0.6506)  time: 0.7564 (0.7057 -- 0.9935)  data: 0.0004 (0.0001 -- 0.0010)  max mem: 37583
[1,0]<stdout>:Epoch: [130]  [ 40/104]  eta: 0:00:53  loss: 0.6491 (0.6503)  time: 0.7620 (0.7133 -- 0.8174)  data: 0.0005 (0.0001 -- 0.0012)  max mem: 37583
[1,0]<stdout>:Epoch: [130]  [ 60/104]  eta: 0:00:35  loss: 0.6515 (0.6506)  time: 0.7667 (0.7139 -- 0.8206)  data: 0.0005 (0.0002 -- 0.0016)  max mem: 37583
[1,0]<stdout>:Epoch: [130]  [ 80/104]  eta: 0:00:19  loss: 0.6505 (0.6509)  time: 0.7526 (0.7286 -- 0.7817)  data: 0.0005 (0.0002 -- 0.0009)  max mem: 37583
[1,0]<stdout>:Epoch: [130]  [100/104]  eta: 0:00:03  loss: 0.6508 (0.6512)  time: 0.7480 (0.6810 -- 0.8170)  data: 0.0004 (0.0001 -- 0.0012)  max mem: 37583
[1,0]<stdout>:Epoch: [130]  [103/104]  eta: 0:00:00  loss: 0.6507 (0.6508)  time: 0.7341 (0.6670 -- 0.8170)  data: 0.0004 (0.0001 -- 0.0012)  max mem: 37583
[1,0]<stdout>:Epoch: [130] Total time: 0:01:21 (0.7879 s / it)
[1,0]<stdout>:Averaged stats: [1,0]<stdout>:loss: 0.6507 (0.6512)
[1,0]<stdout>:TEST...   [ 0/20]  eta: 0:00:53  loss: 0.6644 (0.6644)  time: 2.6735 (2.6735 -- 2.6735)  data: 2.5378 (2.5378 -- 2.5378)  max mem: 37583
[1,0]<stdout>:TEST...   [19/20]  eta: 0:00:00  loss: 0.6601 (0.6575)  time: 0.6380 (0.0740 -- 2.6735)  data: 0.5115 (0.0000 -- 2.5378)  max mem: 37583
[1,0]<stdout>:TEST...  Total time: 0:00:12 (0.6381 s / it)
[1,0]<stdout>:Averaged stats: [1,0]<stdout>:loss: 0.6601 (0.6572)
[1,0]<stdout>:[CKPT] Saved improved checkpoint: /leonardo/home/userexternal/ddarmien/Demetra/moduli/videomae/output/checkpoint-130.pth (test_loss 0.657223, prev 0.6605104209855199)
[1,0]<stdout>:Epoch: [131]  [  0/104]  eta: 0:05:29  loss: 0.6414 (0.6414)  time: 3.1655 (3.1655 -- 3.1655)  data: 2.4898 (2.4898 -- 2.4898)  max mem: 37583
[1,0]<stdout>:Epoch: [131]  [ 20/104]  eta: 0:01:12  loss: 0.6481 (0.6485)  time: 0.7516 (0.6836 -- 0.8049)  data: 0.0005 (0.0002 -- 0.0008)  max mem: 37583
[1,0]<stdout>:Epoch: [131]  [ 40/104]  eta: 0:00:52  loss: 0.6540 (0.6513)  time: 0.7633 (0.7296 -- 0.8155)  data: 0.0008 (0.0001 -- 0.0014)  max mem: 37583
[1,0]<stdout>:Epoch: [131]  [ 60/104]  eta: 0:00:35  loss: 0.6479 (0.6494)  time: 0.7568 (0.6986 -- 0.8063)  data: 0.0005 (0.0001 -- 0.0011)  max mem: 37583
[1,0]<stdout>:Epoch: [131]  [ 80/104]  eta: 0:00:18  loss: 0.6445 (0.6488)  time: 0.7690 (0.6897 -- 0.8306)  data: 0.0005 (0.0002 -- 0.0010)  max mem: 37583
[1,0]<stdout>:Epoch: [131]  [100/104]  eta: 0:00:03  loss: 0.6507 (0.6496)  time: 0.7465 (0.6675 -- 0.8227)  data: 0.0005 (0.0001 -- 0.0010)  max mem: 37583
[1,0]<stdout>:Epoch: [131]  [103/104]  eta: 0:00:00  loss: 0.6507 (0.6496)  time: 0.7313 (0.6675 -- 0.8227)  data: 0.0005 (0.0001 -- 0.0010)  max mem: 37583
[1,0]<stdout>:Epoch: [131] Total time: 0:01:20 (0.7783 s / it)
[1,0]<stdout>:Averaged stats:[1,0]<stdout>: [1,0]<stdout>:loss: 0.6507 (0.6505)
[1,0]<stdout>:Epoch: [132]  [  0/104]  eta: 0:05:28  loss: 0.6154 (0.6154)  time: 3.1589 (3.1589 -- 3.1589)  data: 2.2123 (2.2123 -- 2.2123)  max mem: 37583
[1,0]<stdout>:Epoch: [132]  [ 20/104]  eta: 0:01:16  loss: 0.6524 (0.6515)  time: 0.8029 (0.6829 -- 1.4640)  data: 0.0005 (0.0001 -- 0.0015)  max mem: 37583
[1,0]<stdout>:Epoch: [132]  [ 40/104]  eta: 0:00:53  loss: 0.6592 (0.6547)  time: 0.7636 (0.7194 -- 0.8228)  data: 0.0005 (0.0001 -- 0.0012)  max mem: 37583
[1,0]<stdout>:Epoch: [132]  [ 60/104]  eta: 0:00:35  loss: 0.6492 (0.6528)  time: 0.7641 (0.7220 -- 0.8384)  data: 0.0005 (0.0001 -- 0.0008)  max mem: 37583
[1,0]<stdout>:Epoch: [132]  [ 80/104]  eta: 0:00:19  loss: 0.6536 (0.6531)  time: 0.7523 (0.6927 -- 0.7977)  data: 0.0005 (0.0001 -- 0.0009)  max mem: 37583
[1,0]<stdout>:Epoch: [132]  [100/104]  eta: 0:00:03  loss: 0.6553 (0.6536)  time: 0.7489 (0.6759 -- 0.8125)  data: 0.0005 (0.0001 -- 0.0009)  max mem: 37583
[1,0]<stdout>:Epoch: [132]  [103/104]  eta: 0:00:00  loss: 0.6546 (0.6537)  time: 0.7379 (0.6682 -- 0.8125)  data: 0.0005 (0.0001 -- 0.0009)  max mem: 37583
[1,0]<stdout>:Epoch: [132] Total time: 0:01:21 (0.7870 s / it)
[1,0]<stdout>:Averaged stats: [1,0]<stdout>:loss: 0.6546 (0.6531)
[1,0]<stdout>:Epoch: [133]  [  0/104]  eta: 0:07:09  loss: 0.6400 (0.6400)  time: 4.1268 (4.1268 -- 4.1268)  data: 2.4525 (2.4525 -- 2.4525)  max mem: 37583
[1,0]<stdout>:Epoch: [133]  [ 20/104]  eta: 0:01:18  loss: 0.6569 (0.6563)  time: 0.7687 (0.6875 -- 1.0263)  data: 0.0006 (0.0002 -- 0.0013)  max mem: 37583
[1,0]<stdout>:Epoch: [133]  [ 40/104]  eta: 0:00:54  loss: 0.6552 (0.6541)  time: 0.7619 (0.7142 -- 0.8177)  data: 0.0005 (0.0001 -- 0.0008)  max mem: 37583
[1,0]<stdout>:Epoch: [133]  [ 60/104]  eta: 0:00:35  loss: 0.6565 (0.6555)  time: 0.7559 (0.7141 -- 0.8231)  data: 0.0006 (0.0002 -- 0.0014)  max mem: 37583
[1,0]<stdout>:Epoch: [133]  [ 80/104]  eta: 0:00:19  loss: 0.6471 (0.6546)  time: 0.7748 (0.7340 -- 0.8029)  data: 0.0005 (0.0002 -- 0.0011)  max mem: 37583
[1,0]<stdout>:Epoch: [133]  [100/104]  eta: 0:00:03  loss: 0.6465 (0.6536)  time: 0.7463 (0.6619 -- 0.8115)  data: 0.0006 (0.0001 -- 0.0014)  max mem: 37583
[1,0]<stdout>:Epoch: [133]  [103/104]  eta: 0:00:00  loss: 0.6473 (0.6533)  time: 0.7307 (0.6595 -- 0.8115)  data: 0.0006 (0.0001 -- 0.0014)  max mem: 37583
[1,0]<stdout>:Epoch: [133] Total time: 0:01:22 (0.7912 s / it)
[1,0]<stdout>:Averaged stats: [1,0]<stdout>:loss: 0.6473 (0.6530)
[1,0]<stdout>:Epoch: [134]  [  0/104]  eta: 0:07:21  loss: 0.6754 (0.6754)  time: 4.2440 (4.2440 -- 4.2440)  data: 2.5196 (2.5196 -- 2.5196)  max mem: 37583
[1,0]<stdout>:Epoch: [134]  [ 20/104]  eta: 0:01:18  loss: 0.6474 (0.6520)  time: 0.7663 (0.7063 -- 0.8514)  data: 0.0006 (0.0003 -- 0.0010)  max mem: 37583
[1,0]<stdout>:Epoch: [134]  [ 40/104]  eta: 0:00:54  loss: 0.6523 (0.6514)  time: 0.7720 (0.7244 -- 0.8268)  data: 0.0005 (0.0001 -- 0.0009)  max mem: 37583
[1,0]<stdout>:Epoch: [134]  [ 60/104]  eta: 0:00:36  loss: 0.6531 (0.6518)  time: 0.7736 (0.7158 -- 0.8372)  data: 0.0005 (0.0001 -- 0.0011)  max mem: 37583
[1,0]<stdout>:Epoch: [134]  [ 80/104]  eta: 0:00:19  loss: 0.6581 (0.6534)  time: 0.7727 (0.7125 -- 0.8043)  data: 0.0006 (0.0001 -- 0.0014)  max mem: 37583
[1,0]<stdout>:Epoch: [134]  [100/104]  eta: 0:00:03  loss: 0.6557 (0.6543)  time: 0.7495 (0.6712 -- 0.8291)  data: 0.0005 (0.0002 -- 0.0010)  max mem: 37583
[1,0]<stdout>:Epoch: [134]  [103/104]  eta: 0:00:00  loss: 0.6565 (0.6547)  time: 0.7373 (0.6712 -- 0.8291)  data: 0.0005 (0.0001 -- 0.0010)  max mem: 37583
[1,0]<stdout>:Epoch: [134] Total time: 0:01:22 (0.7979 s / it)
[1,0]<stdout>:Averaged stats: [1,0]<stdout>:loss: 0.6565 (0.6549)
[1,0]<stdout>:Epoch: [135]  [  0/104]  eta: 0:07:20  loss: 0.6587 (0.6587)  time: 4.2335 (4.2335 -- 4.2335)  data: 2.1338 (2.1338 -- 2.1338)  max mem: 37583
[1,0]<stdout>:Epoch: [135]  [ 20/104]  eta: 0:01:18  loss: 0.6710 (0.6689)  time: 0.7645 (0.7041 -- 0.8764)  data: 0.0006 (0.0002 -- 0.0015)  max mem: 37583
[1,0]<stdout>:Epoch: [135]  [ 40/104]  eta: 0:00:54  loss: 0.6563 (0.6631)  time: 0.7826 (0.7165 -- 0.8304)  data: 0.0006 (0.0002 -- 0.0014)  max mem: 37583
[1,0]<stdout>:Epoch: [135]  [ 60/104]  eta: 0:00:36  loss: 0.6584 (0.6621)  time: 0.7837 (0.7250 -- 0.8272)  data: 0.0006 (0.0002 -- 0.0013)  max mem: 37583
[1,0]<stdout>:Epoch: [135]  [ 80/104]  eta: 0:00:19  loss: 0.6703 (0.6636)  time: 0.7860 (0.7334 -- 1.1505)  data: 0.0005 (0.0001 -- 0.0008)  max mem: 37583
[1,0]<stdout>:Epoch: [135]  [100/104]  eta: 0:00:03  loss: 0.6564 (0.6622)  time: 0.7497 (0.6731 -- 0.7967)  data: 0.0005 (0.0001 -- 0.0011)  max mem: 37583
[1,0]<stdout>:Epoch: [135]  [103/104]  eta: 0:00:00  loss: 0.6564 (0.6623)  time: 0.7358 (0.6653 -- 0.7967)  data: 0.0005 (0.0001 -- 0.0011)  max mem: 37583
[1,0]<stdout>:Epoch: [135] Total time: 0:01:23 (0.8038 s / it)
[1,0]<stdout>:Averaged stats: [1,0]<stdout>:loss: 0.6564 (0.6623)
[1,0]<stdout>:Epoch: [136]  [  0/104]  eta: 0:07:09  loss: 0.6606 (0.6606)  time: 4.1255 (4.1255 -- 4.1255)  data: 2.2794 (2.2794 -- 2.2794)  max mem: 37583
[1,0]<stdout>:Epoch: [136]  [ 20/104]  eta: 0:01:17  loss: 0.6565 (0.6583)  time: 0.7652 (0.7175 -- 0.9727)  data: 0.0005 (0.0002 -- 0.0010)  max mem: 37583
[1,0]<stdout>:Epoch: [136]  [ 40/104]  eta: 0:00:54  loss: 0.6561 (0.6581)  time: 0.7756 (0.7247 -- 0.8250)  data: 0.0006 (0.0001 -- 0.0012)  max mem: 37583
[1,0]<stdout>:Epoch: [136]  [ 60/104]  eta: 0:00:36  loss: 0.6639 (0.6595)  time: 0.7728 (0.7310 -- 0.8216)  data: 0.0006 (0.0001 -- 0.0011)  max mem: 37583
[1,0]<stdout>:Epoch: [136]  [ 80/104]  eta: 0:00:19  loss: 0.6599 (0.6598)  time: 0.7680 (0.6879 -- 0.8249)  data: 0.0005 (0.0001 -- 0.0012)  max mem: 37583
[1,0]<stdout>:Epoch: [136]  [100/104]  eta: 0:00:03  loss: 0.6714 (0.6622)  time: 0.7541 (0.6677 -- 0.8256)  data: 0.0006 (0.0001 -- 0.0016)  max mem: 37583
[1,0]<stdout>:Epoch: [136]  [103/104]  eta: 0:00:00  loss: 0.6714 (0.6622)  time: 0.7366 (0.6677 -- 0.8134)  data: 0.0005 (0.0001 -- 0.0016)  max mem: 37583
[1,0]<stdout>:Epoch: [136] Total time: 0:01:22 (0.7967 s / it)
[1,0]<stdout>:Averaged stats: [1,0]<stdout>:loss: 0.6714 (0.6609)
[1,0]<stdout>:Epoch: [137]  [  0/104]  eta: 0:07:04  loss: 0.6594 (0.6594)  time: 4.0855 (4.0855 -- 4.0855)  data: 2.2091 (2.2091 -- 2.2091)  max mem: 37583
[1,0]<stdout>:Epoch: [137]  [ 20/104]  eta: 0:01:16  loss: 0.6544 (0.6592)  time: 0.7536 (0.7007 -- 0.8699)  data: 0.0005 (0.0003 -- 0.0010)  max mem: 37583
[1,0]<stdout>:Epoch: [137]  [ 40/104]  eta: 0:00:53  loss: 0.6695 (0.6658)  time: 0.7499 (0.7165 -- 0.7984)  data: 0.0006 (0.0001 -- 0.0014)  max mem: 37583
[1,0]<stdout>:Epoch: [137]  [ 60/104]  eta: 0:00:35  loss: 0.6722 (0.6684)  time: 0.7550 (0.7027 -- 0.7936)  data: 0.0006 (0.0001 -- 0.0016)  max mem: 37583
[1,0]<stdout>:Epoch: [137]  [ 80/104]  eta: 0:00:19  loss: 0.6630 (0.6682)  time: 0.7736 (0.7328 -- 0.8415)  data: 0.0006 (0.0002 -- 0.0011)  max mem: 37583
[1,0]<stdout>:Epoch: [137]  [100/104]  eta: 0:00:03  loss: 0.6712 (0.6689)  time: 0.7466 (0.6748 -- 0.8269)  data: 0.0004 (0.0001 -- 0.0010)  max mem: 37583
[1,0]<stdout>:Epoch: [137]  [103/104]  eta: 0:00:00  loss: 0.6710 (0.6690)  time: 0.7349 (0.6748 -- 0.8269)  data: 0.0004 (0.0001 -- 0.0009)  max mem: 37583
[1,0]<stdout>:Epoch: [137] Total time: 0:01:21 (0.7856 s / it)
[1,0]<stdout>:Averaged stats: [1,0]<stdout>:loss: 0.6710 (0.6717)
[1,0]<stdout>:Epoch: [138]  [  0/104]  eta: 0:05:37  loss: 0.6306 (0.6306)  time: 3.2449 (3.2449 -- 3.2449)  data: 2.2332 (2.2332 -- 2.2332)  max mem: 37583
[1,0]<stdout>:Epoch: [138]  [ 20/104]  eta: 0:01:17  loss: 0.6696 (0.6677)  time: 0.8008 (0.7224 -- 1.2519)  data: 0.0007 (0.0002 -- 0.0027)  max mem: 37583
[1,0]<stdout>:Epoch: [138]  [ 40/104]  eta: 0:00:53  loss: 0.6747 (0.6721)  time: 0.7572 (0.6968 -- 0.7975)  data: 0.0006 (0.0001 -- 0.0011)  max mem: 37583
[1,0]<stdout>:Epoch: [138]  [ 60/104]  eta: 0:00:35  loss: 0.6757 (0.6726)  time: 0.7709 (0.7348 -- 0.8090)  data: 0.0005 (0.0001 -- 0.0011)  max mem: 37583
[1,0]<stdout>:Epoch: [138]  [ 80/104]  eta: 0:00:19  loss: 0.7135 (0.6813)  time: 0.7714 (0.6974 -- 0.9385)  data: 0.0005 (0.0001 -- 0.0010)  max mem: 37583
[1,0]<stdout>:Epoch: [138]  [100/104]  eta: 0:00:03  loss: 0.6877 (0.6835)  time: 0.7393 (0.6580 -- 0.8265)  data: 0.0006 (0.0001 -- 0.0015)  max mem: 37583
[1,0]<stdout>:Epoch: [138]  [103/104]  eta: 0:00:00  loss: 0.6891 (0.6844)  time: 0.7278 (0.6580 -- 0.8265)  data: 0.0005 (0.0001 -- 0.0015)  max mem: 37583
[1,0]<stdout>:Epoch: [138] Total time: 0:01:22 (0.7893 s / it)
[1,0]<stdout>:Averaged stats: [1,0]<stdout>:loss: 0.6891 (0.6846)
[1,0]<stdout>:Epoch: [139]  [  0/104]  eta: 0:07:14  loss: 0.7200 (0.7200)  time: 4.1771 (4.1771 -- 4.1771)  data: 2.4466 (2.4466 -- 2.4466)  max mem: 37583[1,0]<stdout>:
[1,0]<stdout>:Epoch: [139]  [ 20/104]  eta: 0:01:18  loss: 0.6892 (0.6946)  time: 0.7751 (0.7035 -- 0.9932)  data: 0.0006 (0.0002 -- 0.0015)  max mem: 37583
[1,0]<stdout>:Epoch: [139]  [ 40/104]  eta: 0:00:54  loss: 0.6790 (0.6877)  time: 0.7777 (0.7238 -- 0.8335)  data: 0.0006 (0.0002 -- 0.0012)  max mem: 37583
[1,0]<stdout>:Epoch: [139]  [ 60/104]  eta: 0:00:36  loss: 0.6822 (0.6864)  time: 0.7707 (0.7208 -- 0.8130)  data: 0.0005 (0.0001 -- 0.0013)  max mem: 37583
[1,0]<stdout>:Epoch: [139]  [ 80/104]  eta: 0:00:19  loss: 0.7035 (0.6908)  time: 0.7762 (0.7299 -- 0.8222)  data: 0.0006 (0.0001 -- 0.0023)  max mem: 37583
[1,0]<stdout>:Epoch: [139]  [100/104]  eta: 0:00:03  loss: 0.7064 (0.6939)  time: 0.7642 (0.6787 -- 0.8236)  data: 0.0005 (0.0001 -- 0.0011)  max mem: 37583
[1,0]<stdout>:Epoch: [139]  [103/104]  eta: 0:00:00  loss: 0.7082 (0.6957)  time: 0.7531 (0.6787 -- 0.8236)  data: 0.0005 (0.0001 -- 0.0011)  max mem: 37583
[1,0]<stdout>:Epoch: [139] Total time: 0:01:23 (0.8036 s / it)
[1,0]<stdout>:Averaged stats: [1,0]<stdout>:loss: 0.7082 (0.6962)
[1,0]<stdout>:Epoch: [140]  [  0/104]  eta: 0:07:17  loss: 0.7412 (0.7412)  time: 4.2090 (4.2090 -- 4.2090)  data: 2.2822 (2.2822 -- 2.2822)  max mem: 37583
[1,0]<stdout>:Epoch: [140]  [ 20/104]  eta: 0:01:18  loss: 0.7621 (0.7573)  time: 0.7656 (0.7131 -- 0.9630)  data: 0.0006 (0.0002 -- 0.0009)  max mem: 37583
[1,0]<stdout>:Epoch: [140]  [ 40/104]  eta: 0:00:54  loss: 0.7320 (0.7448)  time: 0.7718 (0.7194 -- 0.8159)  data: 0.0005 (0.0001 -- 0.0009)  max mem: 37583
[1,0]<stdout>:Epoch: [140]  [ 60/104]  eta: 0:00:36  loss: 0.7462 (0.7447)  time: 0.7539 (0.7034 -- 0.7979)  data: 0.0005 (0.0001 -- 0.0010)  max mem: 37583
[1,0]<stdout>:Epoch: [140]  [ 80/104]  eta: 0:00:19  loss: 0.7565 (0.7472)  time: 0.7541 (0.7243 -- 0.8041)  data: 0.0005 (0.0001 -- 0.0010)  max mem: 37583
[1,0]<stdout>:Epoch: [140]  [100/104]  eta: 0:00:03  loss: 0.7523 (0.7485)  time: 0.7535 (0.6827 -- 0.8013)  data: 0.0005 (0.0001 -- 0.0011)  max mem: 37583
[1,0]<stdout>:Epoch: [140]  [103/104]  eta: 0:00:00  loss: 0.7523 (0.7488)  time: 0.7442 (0.6714 -- 0.8013)  data: 0.0005 (0.0001 -- 0.0011)  max mem: 37583
[1,0]<stdout>:Epoch: [140] Total time: 0:01:22 (0.7910 s / it)
[1,0]<stdout>:Averaged stats: [1,0]<stdout>:loss: 0.7523 (0.7466)
[1,0]<stdout>:TEST...   [ 0/20]  eta: 0:00:58  loss: 0.7699 (0.7699)  time: 2.9185 (2.9185 -- 2.9185)  data: 2.7838 (2.7838 -- 2.7838)  max mem: 37583
[1,0]<stdout>:TEST...   [19/20]  eta: 0:00:00  loss: 0.7686 (0.7659)  time: 0.6179 (0.0737 -- 2.9185)  data: 0.4936 (0.0000 -- 2.7838)  max mem: 37583
[1,0]<stdout>:TEST...  Total time: 0:00:12 (0.6180 s / it)
[1,0]<stdout>:Averaged stats: [1,0]<stdout>:loss: 0.7686 (0.7637)
[1,0]<stdout>:Epoch: [141]  [  0/104]  eta: 0:07:19  loss: 0.7634 (0.7634)  time: 4.2234 (4.2234 -- 4.2234)  data: 2.2386 (2.2386 -- 2.2386)  max mem: 37583
[1,0]<stdout>:Epoch: [141]  [ 20/104]  eta: 0:01:17  loss: 0.7647 (0.7639)  time: 0.7573 (0.6990 -- 0.9426)  data: 0.0005 (0.0001 -- 0.0012)  max mem: 37583
[1,0]<stdout>:Epoch: [141]  [ 40/104]  eta: 0:00:53  loss: 0.7805 (0.7726)  time: 0.7609 (0.7120 -- 0.8350)  data: 0.0005 (0.0002 -- 0.0022)  max mem: 37583
[1,0]<stdout>:Epoch: [141]  [ 60/104]  eta: 0:00:35  loss: 0.8261 (0.7898)  time: 0.7554 (0.7228 -- 0.8010)  data: 0.0005 (0.0001 -- 0.0012)  max mem: 37583
[1,0]<stdout>:Epoch: [141]  [ 80/104]  eta: 0:00:19  loss: 0.7810 (0.7883)  time: 0.7672 (0.7129 -- 0.8291)  data: 0.0005 (0.0001 -- 0.0012)  max mem: 37583
[1,0]<stdout>:Epoch: [141]  [100/104]  eta: 0:00:03  loss: 0.7481 (0.7812)  time: 0.7504 (0.6834 -- 0.8089)  data: 0.0006 (0.0002 -- 0.0010)  max mem: 37583
[1,0]<stdout>:Epoch: [141]  [103/104]  eta: 0:00:00  loss: 0.7481 (0.7800)  time: 0.7405 (0.6690 -- 0.8089)  data: 0.0005 (0.0001 -- 0.0010)  max mem: 37583
[1,0]<stdout>:Epoch: [141] Total time: 0:01:22 (0.7895 s / it)
[1,0]<stdout>:Averaged stats: [1,0]<stdout>:loss: 0.7481 (0.7798)
[1,0]<stdout>:Epoch: [142]  [  0/104]  eta: 0:07:16  loss: 0.7252 (0.7252)  time: 4.2017 (4.2017 -- 4.2017)  data: 2.4668 (2.4668 -- 2.4668)  max mem: 37583
[1,0]<stdout>:Epoch: [142]  [ 20/104]  eta: 0:01:18  loss: 0.7487 (0.7482)  time: 0.7687 (0.6947 -- 0.8751)  data: 0.0005 (0.0002 -- 0.0009)  max mem: 37583
[1,0]<stdout>:Epoch: [142]  [ 40/104]  eta: 0:00:54  loss: 0.7358 (0.7430)  time: 0.7750 (0.7415 -- 0.8363)  data: 0.0006 (0.0001 -- 0.0011)  max mem: 37583
[1,0]<stdout>:Epoch: [142]  [ 60/104]  eta: 0:00:36  loss: 0.7285 (0.7441)  time: 0.7620 (0.7299 -- 0.7994)  data: 0.0006 (0.0001 -- 0.0016)  max mem: 37583
[1,0]<stdout>:Epoch: [142]  [ 80/104]  eta: 0:00:19  loss: 0.7959 (0.7592)  time: 0.7725 (0.7268 -- 0.8302)  data: 0.0006 (0.0001 -- 0.0012)  max mem: 37583
[1,0]<stdout>:Epoch: [142]  [100/104]  eta: 0:00:03  loss: 0.7610 (0.7596)  time: 0.7508 (0.7040 -- 0.8060)  data: 0.0005 (0.0001 -- 0.0010)  max mem: 37583
[1,0]<stdout>:Epoch: [142]  [103/104]  eta: 0:00:00  loss: 0.7584 (0.7595)  time: 0.7435 (0.6735 -- 0.8060)  data: 0.0005 (0.0001 -- 0.0010)  max mem: 37583
[1,0]<stdout>:Epoch: [142] Total time: 0:01:22 (0.7968 s / it)
[1,0]<stdout>:Averaged stats: [1,0]<stdout>:loss: 0.7584 (0.7599)
[1,0]<stdout>:Epoch: [143]  [  0/104]  eta: 0:07:20  loss: 0.7490 (0.7490)  time: 4.2328 (4.2328 -- 4.2328)  data: 2.5238 (2.5238 -- 2.5238)  max mem: 37583
[1,0]<stdout>:Epoch: [143]  [ 20/104]  eta: 0:01:18  loss: 0.7387 (0.7393)  time: 0.7640 (0.6973 -- 0.8313)  data: 0.0005 (0.0002 -- 0.0010)  max mem: 37583
[1,0]<stdout>:Epoch: [143]  [ 40/104]  eta: 0:00:54  loss: 0.7252 (0.7325)  time: 0.7735 (0.7183 -- 0.8377)  data: 0.0004 (0.0001 -- 0.0008)  max mem: 37583
[1,0]<stdout>:Epoch: [143]  [ 60/104]  eta: 0:00:36  loss: 0.7235 (0.7296)  time: 0.7693 (0.7056 -- 0.8385)  data: 0.0006 (0.0001 -- 0.0016)  max mem: 37583
[1,0]<stdout>:Epoch: [143]  [ 80/104]  eta: 0:00:19  loss: 0.7235 (0.7279)  time: 0.7679 (0.7234 -- 0.8302)  data: 0.0005 (0.0001 -- 0.0011)  max mem: 37583
[1,0]<stdout>:Epoch: [143]  [100/104]  eta: 0:00:03  loss: 0.7333 (0.7331)  time: 0.7535 (0.6761 -- 0.8259)  data: 0.0005 (0.0001 -- 0.0011)  max mem: 37583
[1,0]<stdout>:Epoch: [143]  [103/104]  eta: 0:00:00  loss: 0.7531 (0.7349)  time: 0.7438 (0.6761 -- 0.8259)  data: 0.0005 (0.0001 -- 0.0011)  max mem: 37583
[1,0]<stdout>:Epoch: [143] Total time: 0:01:22 (0.7970 s / it)
[1,0]<stdout>:Averaged stats: [1,0]<stdout>:loss: 0.7531 (0.7355)
[1,0]<stdout>:Epoch: [144]  [  0/104]  eta: 0:07:32  loss: 0.7757 (0.7757)  time: 4.3527 (4.3527 -- 4.3527)  data: 2.6494 (2.6494 -- 2.6494)  max mem: 37583
[1,0]<stdout>:Epoch: [144]  [ 20/104]  eta: 0:01:19  loss: 0.7841 (0.7832)  time: 0.7708 (0.7088 -- 0.9451)  data: 0.0006 (0.0002 -- 0.0010)  max mem: 37583
[1,0]<stdout>:Epoch: [144]  [ 40/104]  eta: 0:00:54  loss: 0.7514 (0.7685)  time: 0.7616 (0.7119 -- 0.8188)  data: 0.0005 (0.0001 -- 0.0009)  max mem: 37583
[1,0]<stdout>:Epoch: [144]  [ 60/104]  eta: 0:00:36  loss: 0.7964 (0.7770)  time: 0.7736 (0.7269 -- 0.8190)  data: 0.0005 (0.0001 -- 0.0014)  max mem: 37583
[1,0]<stdout>:Epoch: [144]  [ 80/104]  eta: 0:00:19  loss: 0.7963 (0.7819)  time: 0.7640 (0.7166 -- 0.8215)  data: 0.0005 (0.0001 -- 0.0010)  max mem: 37583
[1,0]<stdout>:Epoch: [144]  [100/104]  eta: 0:00:03  loss: 0.7557 (0.7773)  time: 0.7380 (0.6587 -- 0.8089)  data: 0.0006 (0.0001 -- 0.0010)  max mem: 37583
[1,0]<stdout>:Epoch: [144]  [103/104]  eta: 0:00:00  loss: 0.7524 (0.7767)  time: 0.7238 (0.6587 -- 0.8089)  data: 0.0005 (0.0001 -- 0.0010)  max mem: 37583
[1,0]<stdout>:Epoch: [144] Total time: 0:01:22 (0.7935 s / it)
[1,0]<stdout>:Averaged stats: [1,0]<stdout>:loss: 0.7524 (0.7764)
[1,0]<stdout>:Epoch: [145]  [  0/104]  eta: 0:06:47  loss: 0.7493 (0.7493)  time: 3.9218 (3.9218 -- 3.9218)  data: 2.0777 (2.0777 -- 2.0777)  max mem: 37583
[1,0]<stdout>:Epoch: [145]  [ 20/104]  eta: 0:01:18  loss: 0.7538 (0.7775)  time: 0.7868 (0.7103 -- 1.0656)  data: 0.0005 (0.0002 -- 0.0010)  max mem: 37583
[1,0]<stdout>:Epoch: [145]  [ 40/104]  eta: 0:00:54  loss: 0.7868 (0.7861)  time: 0.7634 (0.6995 -- 0.8204)  data: 0.0005 (0.0001 -- 0.0011)  max mem: 37583
[1,0]<stdout>:Epoch: [145]  [ 60/104]  eta: 0:00:36  loss: 0.7623 (0.7776)  time: 0.7564 (0.7141 -- 0.8261)  data: 0.0006 (0.0001 -- 0.0014)  max mem: 37583
[1,0]<stdout>:Epoch: [145]  [ 80/104]  eta: 0:00:19  loss: 0.7682 (0.7755)  time: 0.7828 (0.7079 -- 0.8436)  data: 0.0005 (0.0002 -- 0.0010)  max mem: 37583
[1,0]<stdout>:Epoch: [145]  [100/104]  eta: 0:00:03  loss: 0.7479 (0.7704)  time: 0.7607 (0.6729 -- 0.8748)  data: 0.0004 (0.0001 -- 0.0008)  max mem: 37583
[1,0]<stdout>:Epoch: [145]  [103/104]  eta: 0:00:00  loss: 0.7474 (0.7695)  time: 0.7505 (0.6676 -- 0.8748)  data: 0.0004 (0.0001 -- 0.0008)  max mem: 37583
[1,0]<stdout>:Epoch: [145] Total time: 0:01:22 (0.7978 s / it)
[1,0]<stdout>:Averaged stats: [1,0]<stdout>:loss: 0.7474 (0.7705)
[1,0]<stdout>:Epoch: [146]  [  0/104]  eta: 0:07:09  loss: 0.7168 (0.7168)  time: 4.1303 (4.1303 -- 4.1303)  data: 2.1838 (2.1838 -- 2.1838)  max mem: 37583[1,0]<stdout>:
[1,0]<stdout>:Epoch: [146]  [ 20/104]  eta: 0:01:17  loss: 0.8137 (0.8095)  time: 0.7660 (0.7040 -- 0.9638)  data: 0.0005 (0.0002 -- 0.0010)  max mem: 37583
[1,0]<stdout>:Epoch: [146]  [ 40/104]  eta: 0:00:53  loss: 0.8346 (0.8290)  time: 0.7513 (0.6923 -- 0.8060)  data: 0.0006 (0.0001 -- 0.0011)  max mem: 37583
[1,0]<stdout>:Epoch: [146]  [ 60/104]  eta: 0:00:35  loss: 0.8547 (0.8382)  time: 0.7627 (0.7291 -- 0.8015)  data: 0.0006 (0.0001 -- 0.0010)  max mem: 37583
[1,0]<stdout>:Epoch: [146]  [ 80/104]  eta: 0:00:19  loss: 0.8467 (0.8397)  time: 0.7589 (0.7166 -- 0.8258)  data: 0.0006 (0.0002 -- 0.0014)  max mem: 37583
[1,0]<stdout>:Epoch: [146]  [100/104]  eta: 0:00:03  loss: 0.8351 (0.8388)  time: 0.7489 (0.6587 -- 0.8071)  data: 0.0005 (0.0002 -- 0.0010)  max mem: 37583
[1,0]<stdout>:Epoch: [146]  [103/104]  eta: 0:00:00  loss: 0.8362 (0.8387)  time: 0.7343 (0.6587 -- 0.8071)  data: 0.0005 (0.0001 -- 0.0010)  max mem: 37583
[1,0]<stdout>:Epoch: [146] Total time: 0:01:21 (0.7877 s / it)
[1,0]<stdout>:Averaged stats:[1,0]<stdout>: [1,0]<stdout>:loss: 0.8362 (0.8399)
[1,0]<stdout>:Epoch: [147]  [  0/104]  eta: 0:07:07  loss: 0.8095 (0.8095)  time: 4.1101 (4.1101 -- 4.1101)  data: 2.4273 (2.4273 -- 2.4273)  max mem: 37583[1,0]<stdout>:
[1,0]<stdout>:Epoch: [147]  [ 20/104]  eta: 0:01:17  loss: 0.8238 (0.8250)  time: 0.7606 (0.6930 -- 0.9861)  data: 0.0006 (0.0002 -- 0.0012)  max mem: 37583
[1,0]<stdout>:Epoch: [147]  [ 40/104]  eta: 0:00:54  loss: 0.8171 (0.8213)  time: 0.7667 (0.7241 -- 0.8166)  data: 0.0006 (0.0001 -- 0.0011)  max mem: 37583
[1,0]<stdout>:Epoch: [147]  [ 60/104]  eta: 0:00:36  loss: 0.8129 (0.8199)  time: 0.7737 (0.6948 -- 0.8320)  data: 0.0006 (0.0001 -- 0.0021)  max mem: 37583
[1,0]<stdout>:Epoch: [147]  [ 80/104]  eta: 0:00:19  loss: 0.8077 (0.8162)  time: 0.7694 (0.7262 -- 0.8119)  data: 0.0006 (0.0001 -- 0.0012)  max mem: 37583
[1,0]<stdout>:Epoch: [147]  [100/104]  eta: 0:00:03  loss: 0.9371 (0.8397)  time: 0.7339 (0.6752 -- 0.8203)  data: 0.0005 (0.0001 -- 0.0010)  max mem: 37583
[1,0]<stdout>:Epoch: [147]  [103/104]  eta: 0:00:00  loss: 0.9371 (0.8425)  time: 0.7208 (0.6673 -- 0.7757)  data: 0.0004 (0.0001 -- 0.0010)  max mem: 37583
[1,0]<stdout>:Epoch: [147] Total time: 0:01:22 (0.7906 s / it)
[1,0]<stdout>:Averaged stats: [1,0]<stdout>:loss: 0.9371 (0.8446)
[1,0]<stdout>:Epoch: [148]  [  0/104]  eta: 0:07:20  loss: 0.9245 (0.9245)  time: 4.2366 (4.2366 -- 4.2366)  data: 2.5169 (2.5169 -- 2.5169)  max mem: 37583
[1,0]<stdout>:Epoch: [148]  [ 20/104]  eta: 0:01:17  loss: 0.9550 (0.9467)  time: 0.7595 (0.7081 -- 0.8759)  data: 0.0005 (0.0003 -- 0.0011)  max mem: 37583
[1,0]<stdout>:Epoch: [148]  [ 40/104]  eta: 0:00:54  loss: 0.9404 (0.9444)  time: 0.7624 (0.7007 -- 0.8084)  data: 0.0006 (0.0001 -- 0.0016)  max mem: 37583
[1,0]<stdout>:Epoch: [148]  [ 60/104]  eta: 0:00:35  loss: 0.9403 (0.9432)  time: 0.7554 (0.7107 -- 0.8175)  data: 0.0007 (0.0001 -- 0.0010)  max mem: 37583
[1,0]<stdout>:Epoch: [148]  [ 80/104]  eta: 0:00:19  loss: 0.9443 (0.9421)  time: 0.7611 (0.7252 -- 0.7886)  data: 0.0005 (0.0001 -- 0.0009)  max mem: 37583
[1,0]<stdout>:Epoch: [148]  [100/104]  eta: 0:00:03  loss: 0.9435 (0.9419)  time: 0.7291 (0.6590 -- 0.8383)  data: 0.0005 (0.0001 -- 0.0013)  max mem: 37583
[1,0]<stdout>:Epoch: [148]  [103/104]  eta: 0:00:00  loss: 0.9468 (0.9425)  time: 0.7186 (0.6590 -- 0.8383)  data: 0.0005 (0.0001 -- 0.0013)  max mem: 37583
[1,0]<stdout>:Epoch: [148] Total time: 0:01:21 (0.7847 s / it)
[1,0]<stdout>:Averaged stats: [1,0]<stdout>:loss: 0.9468 (0.9419)
[1,0]<stdout>:Epoch: [149]  [  0/104]  eta: 0:07:23  loss: 0.9382 (0.9382)  time: 4.2619 (4.2619 -- 4.2619)  data: 2.3070 (2.3070 -- 2.3070)  max mem: 37583
[1,0]<stdout>:Epoch: [149]  [ 20/104]  eta: 0:01:17  loss: 0.9369 (0.9358)  time: 0.7605 (0.7122 -- 0.8089)  data: 0.0005 (0.0002 -- 0.0013)  max mem: 37583
[1,0]<stdout>:Epoch: [149]  [ 40/104]  eta: 0:00:54  loss: 0.9243 (0.9296)  time: 0.7637 (0.7055 -- 0.8455)  data: 0.0006 (0.0001 -- 0.0011)  max mem: 37583
[1,0]<stdout>:Epoch: [149]  [ 60/104]  eta: 0:00:36  loss: 0.9124 (0.9246)  time: 0.7631 (0.7072 -- 0.8209)  data: 0.0005 (0.0001 -- 0.0010)  max mem: 37583
[1,0]<stdout>:Epoch: [149]  [ 80/104]  eta: 0:00:19  loss: 0.9079 (0.9189)  time: 0.7653 (0.7049 -- 0.8431)  data: 0.0005 (0.0001 -- 0.0012)  max mem: 37583
[1,0]<stdout>:Epoch: [149]  [100/104]  eta: 0:00:03  loss: 0.8898 (0.9126)  time: 0.7432 (0.6690 -- 0.7858)  data: 0.0006 (0.0001 -- 0.0015)  max mem: 37583
[1,0]<stdout>:Epoch: [149]  [103/104]  eta: 0:00:00  loss: 0.8798 (0.9114)  time: 0.7330 (0.6690 -- 0.7858)  data: 0.0005 (0.0001 -- 0.0015)  max mem: 37583
[1,0]<stdout>:Epoch: [149] Total time: 0:01:22 (0.7910 s / it)
[1,0]<stdout>:Averaged stats: [1,0]<stdout>:loss: 0.8798 (0.9098)
[1,0]<stdout>:Training time 4:02:00
