Loading cineca-ai/4.3.0
  Loading requirement: cuda/12.1 nccl/2.19.1-1--gcc--12.2.0-cuda-12.1
    cudnn/8.9.7.29-12--gcc--12.2.0-cuda-12.1 gcc/12.2.0-binut2.41
    openmpi/4.1.6--gcc--12.2.0 bzip2/1.0.8-gp5wcz5 libmd/1.0.4-wja3f5q
    libbsd/0.11.7-cgxjopl expat/2.5.0-bptl3xw ncurses/6.4-asx3jea
    readline/8.2-nyw6mp6 gdbm/1.23-fs6otck libiconv/1.17-d7yvx2s
    xz/5.4.1-hubmwr5 zlib-ng/2.1.4-6htiapk libxml2/2.10.3-5eeeokp
    pigz/2.7-bopr5vp zstd/1.5.5-gawytfl tar/1.34-amqus5s gettext/0.22.3-2g7elif
    libffi/3.4.4-6r7brdq libxcrypt/4.4.35-ss2rzin sqlite/3.43.2
    util-linux-uuid/2.38.1-jkdi7kv python/3.11.6--gcc--8.5.0 cmake/3.27.7
    openjdk/11.0.20.1_1
launch with mpirun
Perf config: with_checkpoint=False, amp_dtype=bf16, compile_model=True, compile_backend=inductor, compile_mode=default, use_sdpa=True, sdpa_kernel=auto, disable_inductor_cudagraphs=False, ddp_static_graph=True, ddp_gradient_as_bucket_view=True, ddp_bucket_cap_mb=64, ddp_broadcast_buffers=False, disable_scheduler=False
TF32 enabled: True
SDPA kernel config: mode=auto, flash=True, mem_efficient=True, math=True
Inductor CUDA Graphs disabled: False (INDUCTOR_DISABLE_CUDAGRAPHS=0)
Getting TRACKING dataset (pixel coords)...
DATASET length: 4070
Creo il DistributedSampler con world_size 16 e rank 0
Sampler_train = <torch.utils.data.distributed.DistributedSampler object at 0x14f84dff2690>
Batch_size local: 16
Getting TRACKING dataset (pixel coords)...
[INFO][TrackingDataset] Dropped 3 rows with missing/non-finite coordinates from /leonardo/home/userexternal/ddarmien/Demetra/moduli/videomae/test_tracking_selezionati.csv (kept 156/159).
DATASET length: 156
Creo il DistributedSampler con world_size 16 e rank 0
Sampler_train = <torch.utils.data.distributed.DistributedSampler object at 0x14f8480f6850>
Batch_size local: 16
Getting TRACKING dataset (pixel coords)...
[INFO][TrackingDataset] Dropped 1 rows with missing/non-finite coordinates from /leonardo/home/userexternal/ddarmien/Demetra/moduli/videomae/val_tracking_selezionati.csv (kept 190/191).
DATASET length: 190
Creo il DistributedSampler con world_size 16 e rank 0
Sampler_train = <torch.utils.data.distributed.DistributedSampler object at 0x14f8458ec490>
Batch_size local: 16
[DATASET][train] rows=4070 | batches_per_rank=15 | paths=4070 | existing_dirs=4070 | dirs_with_frames=4070
[DATASET][test] rows=156 | batches_per_rank=1 | paths=156 | existing_dirs=156 | dirs_with_frames=156
[DATASET][val] rows=190 | batches_per_rank=1 | paths=190 | existing_dirs=190 | dirs_with_frames=190
Caricamento del checkpoint da: /leonardo_scratch/fast/IscrC_SAME-D/checkpoint_large_new.pth
Caricato state_dict con chiave: model
Detected MAE pretraining/specialization checkpoint layout; loading only encoder weights into finetuning backbone and ignoring decoder-only tensors.
Checkpoint load summary: mode=mae_encoder_to_finetune, loaded=316, missing=0, unexpected=58, shape_mismatch=0
Unexpected keys (first 20): ['mask_token', 'decoder.blocks.0.norm1.weight', 'decoder.blocks.0.norm1.bias', 'decoder.blocks.0.attn.q_bias', 'decoder.blocks.0.attn.v_bias', 'decoder.blocks.0.attn.qkv.weight', 'decoder.blocks.0.attn.proj.weight', 'decoder.blocks.0.attn.proj.bias', 'decoder.blocks.0.norm2.weight', 'decoder.blocks.0.norm2.bias', 'decoder.blocks.0.mlp.fc1.weight', 'decoder.blocks.0.mlp.fc1.bias', 'decoder.blocks.0.mlp.fc2.weight', 'decoder.blocks.0.mlp.fc2.bias', 'decoder.blocks.1.norm1.weight', 'decoder.blocks.1.norm1.bias', 'decoder.blocks.1.attn.q_bias', 'decoder.blocks.1.attn.v_bias', 'decoder.blocks.1.attn.qkv.weight', 'decoder.blocks.1.attn.proj.weight']
Checkpoint caricato con successo!
torch.compile enabled: backend=inductor, mode=default
[INFO] Model built: vit_large_patch16_224 | Head: RegressionHead | Regression active: True
DDP kwargs: {'device_ids': [0], 'output_device': 0, 'find_unused_parameters': False, 'static_graph': True, 'gradient_as_bucket_view': True, 'bucket_cap_mb': 64, 'broadcast_buffers': False}
optimizer settings: {'lr': 0.0005, 'weight_decay': 0.0, 'eps': 1e-08, 'betas': [0.9, 0.95]}
[INFO] Tracking AMP config: amp_dtype=bf16, autocast_dtype=torch.bfloat16, scaler_enabled=False
Set warmup steps = 75
Set warmup steps = 0
[INFO] Scheduler enabled: steps_per_epoch=15, lr_start=1e-06, lr_end=9.0000052e-05, wd_max=0.05, wd_min=0.05
start epoch0
Epoch: [0]  [ 0/15]  eta: 0:18:35  lr: 0.000001  loss: 14033.6816 (14033.6816)  time: 74.3740 (74.3740 -- 74.3740)  data: 1.8487 (1.8487 -- 1.8487)  max mem: 24990
Epoch: [0]  [14/15]  eta: 0:00:05  lr: 0.000049  loss: 15406.6602 (15074.1436)  time: 5.3061 (0.1932 -- 74.3740)  data: 0.1234 (0.0001 -- 1.8487)  max mem: 27088
Epoch: [0] Total time: 0:01:19 (5.3065 s / it)
train step
Test:  [0/1]  eta: 0:00:43  loss: 7434.6851 (7434.6851)  geo_km: 405.2342 (405.2342)  time: 43.0860 (43.0860 -- 43.0860)  data: 0.7443 (0.7443 -- 0.7443)  max mem: 27088
Test: Total time: 0:00:43 (43.0866 s / it)
Test:  [0/1]  eta: 0:00:01  loss: 14150.2930 (14150.2930)  geo_km: 644.3985 (644.3985)  time: 1.2857 (1.2857 -- 1.2857)  data: 0.8768 (0.8768 -- 0.8768)  max mem: 27088
Test: Total time: 0:00:01 (1.2866 s / it)
eval step
start epoch1
Epoch: [1]  [ 0/15]  eta: 0:00:22  lr: 0.000054  loss: 15709.2305 (15709.2305)  time: 1.4997 (1.4997 -- 1.4997)  data: 1.2980 (1.2980 -- 1.2980)  max mem: 27089
Epoch: [1]  [14/15]  eta: 0:00:00  lr: 0.000134  loss: 12305.6211 (12530.7341)  time: 0.4827 (0.3781 -- 1.4997)  data: 0.0867 (0.0001 -- 1.2980)  max mem: 27089
Epoch: [1] Total time: 0:00:07 (0.4828 s / it)
train step
Test:  [0/1]  eta: 0:00:00  loss: 6588.5229 (6588.5229)  geo_km: 376.1709 (376.1709)  time: 0.6281 (0.6281 -- 0.6281)  data: 0.5571 (0.5571 -- 0.5571)  max mem: 27089
Test: Total time: 0:00:00 (0.6285 s / it)
Test:  [0/1]  eta: 0:00:00  loss: 12874.0117 (12874.0117)  geo_km: 611.5142 (611.5142)  time: 0.7496 (0.7496 -- 0.7496)  data: 0.6639 (0.6639 -- 0.6639)  max mem: 27089
Test: Total time: 0:00:00 (0.7501 s / it)
eval step
start epoch2
Epoch: [2]  [ 0/15]  eta: 0:00:20  lr: 0.000140  loss: 10881.5449 (10881.5449)  time: 1.3434 (1.3434 -- 1.3434)  data: 1.1410 (1.1410 -- 1.1410)  max mem: 27089
Epoch: [2]  [14/15]  eta: 0:00:00  lr: 0.000240  loss: 11354.0195 (11117.9518)  time: 0.4768 (0.3786 -- 1.3434)  data: 0.0762 (0.0001 -- 1.1410)  max mem: 27089
Epoch: [2] Total time: 0:00:07 (0.4769 s / it)
train step
Test:  [0/1]  eta: 0:00:00  loss: 6246.3281 (6246.3281)  geo_km: 364.2029 (364.2029)  time: 0.6317 (0.6317 -- 0.6317)  data: 0.5605 (0.5605 -- 0.5605)  max mem: 27089
Test: Total time: 0:00:00 (0.6321 s / it)
Test:  [0/1]  eta: 0:00:00  loss: 12350.9121 (12350.9121)  geo_km: 599.8141 (599.8141)  time: 0.7494 (0.7494 -- 0.7494)  data: 0.6638 (0.6638 -- 0.6638)  max mem: 27089
Test: Total time: 0:00:00 (0.7499 s / it)
eval step
start epoch3
Epoch: [3]  [ 0/15]  eta: 0:00:21  lr: 0.000247  loss: 11066.8760 (11066.8760)  time: 1.4090 (1.4090 -- 1.4090)  data: 1.2106 (1.2106 -- 1.2106)  max mem: 27089
Epoch: [3]  [14/15]  eta: 0:00:00  lr: 0.000363  loss: 11066.8760 (10786.8782)  time: 0.4805 (0.3779 -- 1.4090)  data: 0.0808 (0.0001 -- 1.2106)  max mem: 27089
Epoch: [3] Total time: 0:00:07 (0.4805 s / it)
train step
Test:  [0/1]  eta: 0:00:00  loss: 5740.3354 (5740.3354)  geo_km: 346.1644 (346.1644)  time: 0.6244 (0.6244 -- 0.6244)  data: 0.5534 (0.5534 -- 0.5534)  max mem: 27089
Test: Total time: 0:00:00 (0.6249 s / it)
Test:  [0/1]  eta: 0:00:00  loss: 11556.4316 (11556.4316)  geo_km: 577.2533 (577.2533)  time: 0.7237 (0.7237 -- 0.7237)  data: 0.6380 (0.6380 -- 0.6380)  max mem: 27089
Test: Total time: 0:00:00 (0.7242 s / it)
eval step
start epoch4
Epoch: [4]  [ 0/15]  eta: 0:00:19  lr: 0.000371  loss: 13920.4648 (13920.4648)  time: 1.3146 (1.3146 -- 1.3146)  data: 1.1192 (1.1192 -- 1.1192)  max mem: 27089
Epoch: [4]  [14/15]  eta: 0:00:00  lr: 0.000500  loss: 10414.6582 (10208.9053)  time: 0.4756 (0.3776 -- 1.3146)  data: 0.0747 (0.0001 -- 1.1192)  max mem: 27089
Epoch: [4] Total time: 0:00:07 (0.4756 s / it)
train step
Test:  [0/1]  eta: 0:00:00  loss: 4994.6831 (4994.6831)  geo_km: 317.8335 (317.8335)  time: 0.6086 (0.6086 -- 0.6086)  data: 0.5375 (0.5375 -- 0.5375)  max mem: 27089
Test: Total time: 0:00:00 (0.6090 s / it)
Test:  [0/1]  eta: 0:00:00  loss: 10341.0840 (10341.0840)  geo_km: 544.5626 (544.5625)  time: 0.7339 (0.7339 -- 0.7339)  data: 0.6483 (0.6483 -- 0.6483)  max mem: 27089
Test: Total time: 0:00:00 (0.7344 s / it)
eval step
start epoch5
Epoch: [5]  [ 0/15]  eta: 0:00:20  lr: 0.000500  loss: 7187.5723 (7187.5723)  time: 1.3443 (1.3443 -- 1.3443)  data: 1.1336 (1.1336 -- 1.1336)  max mem: 27089
Epoch: [5]  [14/15]  eta: 0:00:00  lr: 0.000500  loss: 8909.6387 (9188.4571)  time: 0.4823 (0.3780 -- 1.3443)  data: 0.0757 (0.0001 -- 1.1336)  max mem: 27089
Epoch: [5] Total time: 0:00:07 (0.4824 s / it)
train step
Test:  [0/1]  eta: 0:00:00  loss: 4178.4907 (4178.4907)  geo_km: 283.8951 (283.8951)  time: 0.6336 (0.6336 -- 0.6336)  data: 0.5626 (0.5626 -- 0.5626)  max mem: 27089
Test: Total time: 0:00:00 (0.6340 s / it)
Test:  [0/1]  eta: 0:00:00  loss: 8953.3262 (8953.3262)  geo_km: 503.5509 (503.5509)  time: 0.7309 (0.7309 -- 0.7309)  data: 0.6452 (0.6452 -- 0.6452)  max mem: 27089
Test: Total time: 0:00:00 (0.7314 s / it)
eval step
start epoch6
Epoch: [6]  [ 0/15]  eta: 0:00:20  lr: 0.000500  loss: 6550.2598 (6550.2598)  time: 1.3825 (1.3825 -- 1.3825)  data: 1.1904 (1.1904 -- 1.1904)  max mem: 27089
Epoch: [6]  [14/15]  eta: 0:00:00  lr: 0.000500  loss: 7823.2676 (7872.5924)  time: 0.4820 (0.3775 -- 1.3825)  data: 0.0795 (0.0001 -- 1.1904)  max mem: 27089
Epoch: [6] Total time: 0:00:07 (0.4821 s / it)
train step
Test:  [0/1]  eta: 0:00:00  loss: 3426.1218 (3426.1218)  geo_km: 249.1697 (249.1697)  time: 0.6076 (0.6076 -- 0.6076)  data: 0.5366 (0.5366 -- 0.5366)  max mem: 27089
Test: Total time: 0:00:00 (0.6080 s / it)
Test:  [0/1]  eta: 0:00:00  loss: 7585.1328 (7585.1328)  geo_km: 459.1172 (459.1172)  time: 0.7174 (0.7174 -- 0.7174)  data: 0.6315 (0.6315 -- 0.6315)  max mem: 27089
Test: Total time: 0:00:00 (0.7180 s / it)
eval step
start epoch7
Epoch: [7]  [ 0/15]  eta: 0:00:17  lr: 0.000500  loss: 6452.5898 (6452.5898)  time: 1.1906 (1.1906 -- 1.1906)  data: 0.9961 (0.9961 -- 0.9961)  max mem: 27089
Epoch: [7]  [14/15]  eta: 0:00:00  lr: 0.000500  loss: 6995.3965 (6730.8500)  time: 0.4742 (0.3649 -- 1.1906)  data: 0.0691 (0.0001 -- 0.9961)  max mem: 27089
Epoch: [7] Total time: 0:00:07 (0.4743 s / it)
train step
Test:  [0/1]  eta: 0:00:00  loss: 2835.2812 (2835.2812)  geo_km: 227.6542 (227.6542)  time: 0.6111 (0.6111 -- 0.6111)  data: 0.5400 (0.5400 -- 0.5400)  max mem: 27089
Test: Total time: 0:00:00 (0.6115 s / it)
Test:  [0/1]  eta: 0:00:00  loss: 6383.9038 (6383.9038)  geo_km: 418.1519 (418.1518)  time: 0.7440 (0.7440 -- 0.7440)  data: 0.6571 (0.6571 -- 0.6571)  max mem: 27089
Test: Total time: 0:00:00 (0.7445 s / it)
eval step
start epoch8
Epoch: [8]  [ 0/15]  eta: 0:00:19  lr: 0.000500  loss: 7706.8730 (7706.8730)  time: 1.3209 (1.3209 -- 1.3209)  data: 1.1262 (1.1262 -- 1.1262)  max mem: 27089
Epoch: [8]  [14/15]  eta: 0:00:00  lr: 0.000500  loss: 5670.6016 (5596.9167)  time: 0.4758 (0.3765 -- 1.3209)  data: 0.0753 (0.0001 -- 1.1262)  max mem: 27089
Epoch: [8] Total time: 0:00:07 (0.4758 s / it)
train step
Test:  [0/1]  eta: 0:00:00  loss: 2374.5564 (2374.5564)  geo_km: 209.5161 (209.5161)  time: 0.6107 (0.6107 -- 0.6107)  data: 0.5397 (0.5397 -- 0.5397)  max mem: 27089
Test: Total time: 0:00:00 (0.6111 s / it)
Test:  [0/1]  eta: 0:00:00  loss: 5317.1562 (5317.1562)  geo_km: 376.6458 (376.6458)  time: 0.7351 (0.7351 -- 0.7351)  data: 0.6493 (0.6493 -- 0.6493)  max mem: 27089
Test: Total time: 0:00:00 (0.7355 s / it)
eval step
start epoch9
Epoch: [9]  [ 0/15]  eta: 0:00:20  lr: 0.000500  loss: 3892.0156 (3892.0156)  time: 1.3471 (1.3471 -- 1.3471)  data: 1.1395 (1.1395 -- 1.1395)  max mem: 27089
Epoch: [9]  [14/15]  eta: 0:00:00  lr: 0.000500  loss: 5366.9609 (5296.0957)  time: 0.4753 (0.3773 -- 1.3471)  data: 0.0761 (0.0001 -- 1.1395)  max mem: 27089
Epoch: [9] Total time: 0:00:07 (0.4754 s / it)
train step
Test:  [0/1]  eta: 0:00:00  loss: 2044.1000 (2044.1000)  geo_km: 197.2136 (197.2136)  time: 0.6093 (0.6093 -- 0.6093)  data: 0.5382 (0.5382 -- 0.5382)  max mem: 27089
Test: Total time: 0:00:00 (0.6098 s / it)
Test:  [0/1]  eta: 0:00:00  loss: 4383.0732 (4383.0732)  geo_km: 338.1366 (338.1366)  time: 0.7326 (0.7326 -- 0.7326)  data: 0.6468 (0.6468 -- 0.6468)  max mem: 27089
Test: Total time: 0:00:00 (0.7331 s / it)
eval step
start epoch10
Epoch: [10]  [ 0/15]  eta: 0:00:17  lr: 0.000500  loss: 4813.0234 (4813.0234)  time: 1.1792 (1.1792 -- 1.1792)  data: 0.9833 (0.9833 -- 0.9833)  max mem: 27089
Epoch: [10]  [14/15]  eta: 0:00:00  lr: 0.000500  loss: 3998.2422 (4034.9123)  time: 0.4853 (0.3778 -- 1.1792)  data: 0.0711 (0.0001 -- 0.9833)  max mem: 27089
Epoch: [10] Total time: 0:00:07 (0.4854 s / it)
train step
Test:  [0/1]  eta: 0:00:00  loss: 1927.8876 (1927.8876)  geo_km: 199.8429 (199.8429)  time: 0.6050 (0.6050 -- 0.6050)  data: 0.5340 (0.5340 -- 0.5340)  max mem: 27089
Test: Total time: 0:00:00 (0.6054 s / it)
Test:  [0/1]  eta: 0:00:00  loss: 3702.6250 (3702.6250)  geo_km: 309.2276 (309.2276)  time: 0.7270 (0.7270 -- 0.7270)  data: 0.6415 (0.6415 -- 0.6415)  max mem: 27089
Test: Total time: 0:00:00 (0.7275 s / it)
eval step
start epoch11
Epoch: [11]  [ 0/15]  eta: 0:00:18  lr: 0.000500  loss: 3039.1484 (3039.1484)  time: 1.2612 (1.2612 -- 1.2612)  data: 1.0552 (1.0552 -- 1.0552)  max mem: 27089
Epoch: [11]  [14/15]  eta: 0:00:00  lr: 0.000499  loss: 3088.0234 (3275.8073)  time: 0.4807 (0.3776 -- 1.2612)  data: 0.0721 (0.0001 -- 1.0552)  max mem: 27089
Epoch: [11] Total time: 0:00:07 (0.4807 s / it)
train step
Test:  [0/1]  eta: 0:00:00  loss: 1855.1250 (1855.1250)  geo_km: 199.3695 (199.3695)  time: 0.6151 (0.6151 -- 0.6151)  data: 0.5442 (0.5442 -- 0.5442)  max mem: 27089
Test: Total time: 0:00:00 (0.6156 s / it)
Test:  [0/1]  eta: 0:00:00  loss: 2952.1355 (2952.1355)  geo_km: 268.7879 (268.7879)  time: 0.7402 (0.7402 -- 0.7402)  data: 0.6533 (0.6533 -- 0.6533)  max mem: 27089
Test: Total time: 0:00:00 (0.7407 s / it)
eval step
start epoch12
Epoch: [12]  [ 0/15]  eta: 0:00:17  lr: 0.000499  loss: 2442.5781 (2442.5781)  time: 1.1870 (1.1870 -- 1.1870)  data: 0.9868 (0.9868 -- 0.9868)  max mem: 27089
Epoch: [12]  [14/15]  eta: 0:00:00  lr: 0.000499  loss: 3017.2812 (2911.5021)  time: 0.4795 (0.3770 -- 1.1870)  data: 0.0714 (0.0001 -- 0.9868)  max mem: 27089
Epoch: [12] Total time: 0:00:07 (0.4796 s / it)
train step
Test:  [0/1]  eta: 0:00:00  loss: 1937.7001 (1937.7001)  geo_km: 206.8295 (206.8295)  time: 0.6038 (0.6038 -- 0.6038)  data: 0.5329 (0.5329 -- 0.5329)  max mem: 27089
Test: Total time: 0:00:00 (0.6042 s / it)
Test:  [0/1]  eta: 0:00:00  loss: 2409.6875 (2409.6875)  geo_km: 237.2863 (237.2863)  time: 0.7336 (0.7336 -- 0.7336)  data: 0.6477 (0.6477 -- 0.6477)  max mem: 27089
Test: Total time: 0:00:00 (0.7341 s / it)
eval step
start epoch13
Epoch: [13]  [ 0/15]  eta: 0:00:20  lr: 0.000499  loss: 4171.3438 (4171.3438)  time: 1.3624 (1.3624 -- 1.3624)  data: 1.1727 (1.1727 -- 1.1727)  max mem: 27089
Epoch: [13]  [14/15]  eta: 0:00:00  lr: 0.000499  loss: 2851.2031 (3123.9719)  time: 0.4769 (0.3775 -- 1.3624)  data: 0.0783 (0.0001 -- 1.1727)  max mem: 27089
Epoch: [13] Total time: 0:00:07 (0.4770 s / it)
train step
Test:  [0/1]  eta: 0:00:00  loss: 2150.7500 (2150.7500)  geo_km: 216.2041 (216.2041)  time: 0.6089 (0.6089 -- 0.6089)  data: 0.5379 (0.5379 -- 0.5379)  max mem: 27089
Test: Total time: 0:00:00 (0.6093 s / it)
Test:  [0/1]  eta: 0:00:00  loss: 2141.2500 (2141.2500)  geo_km: 218.8573 (218.8573)  time: 0.7361 (0.7361 -- 0.7361)  data: 0.6502 (0.6502 -- 0.6502)  max mem: 27089
Test: Total time: 0:00:00 (0.7365 s / it)
eval step
start epoch14
Epoch: [14]  [ 0/15]  eta: 0:00:17  lr: 0.000499  loss: 2129.8750 (2129.8750)  time: 1.1799 (1.1799 -- 1.1799)  data: 0.9863 (0.9863 -- 0.9863)  max mem: 27089
Epoch: [14]  [14/15]  eta: 0:00:00  lr: 0.000499  loss: 2419.5312 (2537.6141)  time: 0.4838 (0.3736 -- 1.1799)  data: 0.0723 (0.0001 -- 0.9863)  max mem: 27089
Epoch: [14] Total time: 0:00:07 (0.4839 s / it)
train step
Test:  [0/1]  eta: 0:00:00  loss: 2426.5625 (2426.5625)  geo_km: 227.7172 (227.7172)  time: 0.6226 (0.6226 -- 0.6226)  data: 0.5507 (0.5507 -- 0.5507)  max mem: 27089
Test: Total time: 0:00:00 (0.6230 s / it)
Test:  [0/1]  eta: 0:00:00  loss: 1914.3334 (1914.3334)  geo_km: 203.1023 (203.1023)  time: 0.7332 (0.7332 -- 0.7332)  data: 0.6474 (0.6474 -- 0.6474)  max mem: 27089
Test: Total time: 0:00:00 (0.7336 s / it)
eval step
start epoch15
Epoch: [15]  [ 0/15]  eta: 0:00:18  lr: 0.000499  loss: 2583.1172 (2583.1172)  time: 1.2420 (1.2420 -- 1.2420)  data: 1.0493 (1.0493 -- 1.0493)  max mem: 27089
Epoch: [15]  [14/15]  eta: 0:00:00  lr: 0.000499  loss: 2576.7188 (2648.1010)  time: 0.4792 (0.3776 -- 1.2420)  data: 0.0701 (0.0001 -- 1.0493)  max mem: 27089
Epoch: [15] Total time: 0:00:07 (0.4793 s / it)
train step
Test:  [0/1]  eta: 0:00:00  loss: 2525.5000 (2525.5000)  geo_km: 230.9225 (230.9225)  time: 0.6141 (0.6141 -- 0.6141)  data: 0.5425 (0.5425 -- 0.5425)  max mem: 27089
Test: Total time: 0:00:00 (0.6145 s / it)
Test:  [0/1]  eta: 0:00:00  loss: 1826.1042 (1826.1042)  geo_km: 192.1724 (192.1724)  time: 0.7270 (0.7270 -- 0.7270)  data: 0.6415 (0.6415 -- 0.6415)  max mem: 27089
Test: Total time: 0:00:00 (0.7274 s / it)
eval step
start epoch16
Epoch: [16]  [ 0/15]  eta: 0:00:19  lr: 0.000499  loss: 2505.5938 (2505.5938)  time: 1.3080 (1.3080 -- 1.3080)  data: 1.1000 (1.1000 -- 1.1000)  max mem: 27089
Epoch: [16]  [14/15]  eta: 0:00:00  lr: 0.000498  loss: 2380.9766 (2404.7698)  time: 0.4850 (0.3778 -- 1.3080)  data: 0.0735 (0.0001 -- 1.1000)  max mem: 27089
Epoch: [16] Total time: 0:00:07 (0.4851 s / it)
train step
Test:  [0/1]  eta: 0:00:00  loss: 1860.1625 (1860.1625)  geo_km: 203.3989 (203.3989)  time: 0.6122 (0.6122 -- 0.6122)  data: 0.5404 (0.5404 -- 0.5404)  max mem: 27089
Test: Total time: 0:00:00 (0.6127 s / it)
Test:  [0/1]  eta: 0:00:00  loss: 1798.5000 (1798.5000)  geo_km: 191.1039 (191.1039)  time: 0.7314 (0.7314 -- 0.7314)  data: 0.6458 (0.6458 -- 0.6458)  max mem: 27089
Test: Total time: 0:00:00 (0.7319 s / it)
eval step
start epoch17
Epoch: [17]  [ 0/15]  eta: 0:00:20  lr: 0.000498  loss: 2095.4609 (2095.4609)  time: 1.3512 (1.3512 -- 1.3512)  data: 1.1592 (1.1592 -- 1.1592)  max mem: 27089
Epoch: [17]  [14/15]  eta: 0:00:00  lr: 0.000498  loss: 2298.6016 (2367.3305)  time: 0.4657 (0.3777 -- 1.3512)  data: 0.0796 (0.0001 -- 1.1592)  max mem: 27089
Epoch: [17] Total time: 0:00:06 (0.4658 s / it)
train step
Test:  [0/1]  eta: 0:00:00  loss: 2615.6626 (2615.6626)  geo_km: 229.1996 (229.1996)  time: 0.6104 (0.6104 -- 0.6104)  data: 0.5395 (0.5395 -- 0.5395)  max mem: 27089
Test: Total time: 0:00:00 (0.6108 s / it)
Test:  [0/1]  eta: 0:00:00  loss: 2043.3959 (2043.3959)  geo_km: 208.7693 (208.7693)  time: 0.7363 (0.7363 -- 0.7363)  data: 0.6501 (0.6501 -- 0.6501)  max mem: 27089
Test: Total time: 0:00:00 (0.7368 s / it)
eval step
start epoch18
Epoch: [18]  [ 0/15]  eta: 0:00:18  lr: 0.000498  loss: 2675.6797 (2675.6797)  time: 1.2144 (1.2144 -- 1.2144)  data: 1.0208 (1.0208 -- 1.0208)  max mem: 27089
Epoch: [18]  [14/15]  eta: 0:00:00  lr: 0.000498  loss: 2596.7656 (2599.5786)  time: 0.4815 (0.3763 -- 1.2144)  data: 0.0682 (0.0001 -- 1.0208)  max mem: 27089
Epoch: [18] Total time: 0:00:07 (0.4816 s / it)
train step
Test:  [0/1]  eta: 0:00:00  loss: 2635.5876 (2635.5876)  geo_km: 235.8824 (235.8824)  time: 0.6201 (0.6201 -- 0.6201)  data: 0.5491 (0.5491 -- 0.5491)  max mem: 27089
Test: Total time: 0:00:00 (0.6205 s / it)
Test:  [0/1]  eta: 0:00:00  loss: 1819.7396 (1819.7396)  geo_km: 193.4729 (193.4729)  time: 0.7475 (0.7475 -- 0.7475)  data: 0.6621 (0.6621 -- 0.6621)  max mem: 27089
Test: Total time: 0:00:00 (0.7479 s / it)
eval step
start epoch19
Epoch: [19]  [ 0/15]  eta: 0:00:19  lr: 0.000498  loss: 1805.4609 (1805.4609)  time: 1.3247 (1.3247 -- 1.3247)  data: 1.1166 (1.1166 -- 1.1166)  max mem: 27089
Epoch: [19]  [14/15]  eta: 0:00:00  lr: 0.000497  loss: 2475.3906 (2490.8271)  time: 0.4743 (0.3765 -- 1.3247)  data: 0.0749 (0.0001 -- 1.1166)  max mem: 27089
Epoch: [19] Total time: 0:00:07 (0.4743 s / it)
train step
Test:  [0/1]  eta: 0:00:00  loss: 2416.9375 (2416.9375)  geo_km: 225.4421 (225.4421)  time: 0.6197 (0.6197 -- 0.6197)  data: 0.5487 (0.5487 -- 0.5487)  max mem: 27089
Test: Total time: 0:00:00 (0.6202 s / it)
Test:  [0/1]  eta: 0:00:00  loss: 1829.2396 (1829.2396)  geo_km: 194.9413 (194.9413)  time: 0.7517 (0.7517 -- 0.7517)  data: 0.6663 (0.6663 -- 0.6663)  max mem: 27089
Test: Total time: 0:00:00 (0.7521 s / it)
eval step
start epoch20
Epoch: [20]  [ 0/15]  eta: 0:00:17  lr: 0.000497  loss: 2931.1406 (2931.1406)  time: 1.1901 (1.1901 -- 1.1901)  data: 0.9897 (0.9897 -- 0.9897)  max mem: 27089
Epoch: [20]  [14/15]  eta: 0:00:00  lr: 0.000497  loss: 2455.8359 (2501.8786)  time: 0.4683 (0.3769 -- 1.1901)  data: 0.0709 (0.0001 -- 0.9897)  max mem: 27089
Epoch: [20] Total time: 0:00:07 (0.4684 s / it)
train step
Test:  [0/1]  eta: 0:00:00  loss: 2465.4626 (2465.4626)  geo_km: 225.9240 (225.9240)  time: 0.6114 (0.6114 -- 0.6114)  data: 0.5406 (0.5406 -- 0.5406)  max mem: 27089
Test: Total time: 0:00:00 (0.6119 s / it)
Test:  [0/1]  eta: 0:00:00  loss: 1720.3230 (1720.3230)  geo_km: 182.6324 (182.6324)  time: 0.7478 (0.7478 -- 0.7478)  data: 0.6613 (0.6613 -- 0.6613)  max mem: 27089
Test: Total time: 0:00:00 (0.7483 s / it)
eval step
start epoch21
Epoch: [21]  [ 0/15]  eta: 0:00:18  lr: 0.000497  loss: 3433.1328 (3433.1328)  time: 1.2455 (1.2455 -- 1.2455)  data: 1.0480 (1.0480 -- 1.0480)  max mem: 27089
Epoch: [21]  [14/15]  eta: 0:00:00  lr: 0.000497  loss: 2380.3750 (2466.6693)  time: 0.4813 (0.3767 -- 1.2455)  data: 0.0700 (0.0001 -- 1.0480)  max mem: 27089
Epoch: [21] Total time: 0:00:07 (0.4814 s / it)
train step
Test:  [0/1]  eta: 0:00:00  loss: 2450.1875 (2450.1875)  geo_km: 227.9107 (227.9107)  time: 0.6120 (0.6120 -- 0.6120)  data: 0.5412 (0.5412 -- 0.5412)  max mem: 27089
Test: Total time: 0:00:00 (0.6124 s / it)
Test:  [0/1]  eta: 0:00:00  loss: 1736.6250 (1736.6250)  geo_km: 185.5983 (185.5983)  time: 0.7395 (0.7395 -- 0.7395)  data: 0.6541 (0.6541 -- 0.6541)  max mem: 27089
Test: Total time: 0:00:00 (0.7400 s / it)
eval step
[INFO] Best checkpoint saved at /leonardo/home/userexternal/ddarmien/Demetra/moduli/videomae/output/checkpoint-tracking-best.pth
start epoch22
Epoch: [22]  [ 0/15]  eta: 0:00:19  lr: 0.000497  loss: 1791.9766 (1791.9766)  time: 1.3245 (1.3245 -- 1.3245)  data: 1.1219 (1.1219 -- 1.1219)  max mem: 27089
Epoch: [22]  [14/15]  eta: 0:00:00  lr: 0.000496  loss: 2287.0469 (2351.4391)  time: 0.4532 (0.3763 -- 1.3245)  data: 0.0749 (0.0001 -- 1.1219)  max mem: 27089
Epoch: [22] Total time: 0:00:06 (0.4533 s / it)
train step
Test:  [0/1]  eta: 0:00:00  loss: 2248.4375 (2248.4375)  geo_km: 217.8929 (217.8929)  time: 0.6067 (0.6067 -- 0.6067)  data: 0.5357 (0.5357 -- 0.5357)  max mem: 27089
Test: Total time: 0:00:00 (0.6072 s / it)
Test:  [0/1]  eta: 0:00:00  loss: 1754.6562 (1754.6562)  geo_km: 182.0237 (182.0237)  time: 0.7286 (0.7286 -- 0.7286)  data: 0.6432 (0.6432 -- 0.6432)  max mem: 27089
Test: Total time: 0:00:00 (0.7291 s / it)
eval step
start epoch23
Epoch: [23]  [ 0/15]  eta: 0:00:17  lr: 0.000496  loss: 2184.2031 (2184.2031)  time: 1.1703 (1.1703 -- 1.1703)  data: 0.9775 (0.9775 -- 0.9775)  max mem: 27089
Epoch: [23]  [14/15]  eta: 0:00:00  lr: 0.000496  loss: 2486.6328 (2369.0518)  time: 0.4816 (0.3766 -- 1.1703)  data: 0.0695 (0.0001 -- 0.9775)  max mem: 27089
Epoch: [23] Total time: 0:00:07 (0.4817 s / it)
train step
Test:  [0/1]  eta: 0:00:00  loss: 2676.9875 (2676.9875)  geo_km: 242.5681 (242.5681)  time: 0.6167 (0.6167 -- 0.6167)  data: 0.5458 (0.5458 -- 0.5458)  max mem: 27089
Test: Total time: 0:00:00 (0.6171 s / it)
Test:  [0/1]  eta: 0:00:00  loss: 1760.0625 (1760.0625)  geo_km: 190.0085 (190.0085)  time: 0.7334 (0.7334 -- 0.7334)  data: 0.6479 (0.6479 -- 0.6479)  max mem: 27089
Test: Total time: 0:00:00 (0.7339 s / it)
eval step
[INFO] Best checkpoint saved at /leonardo/home/userexternal/ddarmien/Demetra/moduli/videomae/output/checkpoint-tracking-best.pth
start epoch24
Epoch: [24]  [ 0/15]  eta: 0:00:20  lr: 0.000496  loss: 2912.2500 (2912.2500)  time: 1.3961 (1.3961 -- 1.3961)  data: 1.1934 (1.1934 -- 1.1934)  max mem: 27089
Epoch: [24]  [14/15]  eta: 0:00:00  lr: 0.000495  loss: 2498.0156 (2510.5536)  time: 0.4477 (0.3756 -- 1.3961)  data: 0.0797 (0.0001 -- 1.1934)  max mem: 27089
Epoch: [24] Total time: 0:00:06 (0.4477 s / it)
train step
Test:  [0/1]  eta: 0:00:00  loss: 2540.3250 (2540.3250)  geo_km: 228.5236 (228.5236)  time: 0.6122 (0.6122 -- 0.6122)  data: 0.5412 (0.5412 -- 0.5412)  max mem: 27089
Test: Total time: 0:00:00 (0.6126 s / it)
Test:  [0/1]  eta: 0:00:00  loss: 1784.6667 (1784.6667)  geo_km: 188.4294 (188.4294)  time: 0.7309 (0.7309 -- 0.7309)  data: 0.6455 (0.6455 -- 0.6455)  max mem: 27089
Test: Total time: 0:00:00 (0.7314 s / it)
eval step
start epoch25
Epoch: [25]  [ 0/15]  eta: 0:00:20  lr: 0.000495  loss: 1463.4844 (1463.4844)  time: 1.3634 (1.3634 -- 1.3634)  data: 1.1734 (1.1734 -- 1.1734)  max mem: 27089
Epoch: [25]  [14/15]  eta: 0:00:00  lr: 0.000495  loss: 2339.5859 (2413.0646)  time: 0.4787 (0.3757 -- 1.3634)  data: 0.0784 (0.0001 -- 1.1734)  max mem: 27089
Epoch: [25] Total time: 0:00:07 (0.4787 s / it)
train step
Test:  [0/1]  eta: 0:00:00  loss: 2321.4875 (2321.4875)  geo_km: 220.0048 (220.0048)  time: 0.6090 (0.6090 -- 0.6090)  data: 0.5381 (0.5381 -- 0.5381)  max mem: 27089
Test: Total time: 0:00:00 (0.6094 s / it)
Test:  [0/1]  eta: 0:00:00  loss: 1786.3334 (1786.3334)  geo_km: 186.1218 (186.1218)  time: 0.7278 (0.7278 -- 0.7278)  data: 0.6423 (0.6423 -- 0.6423)  max mem: 27089
Test: Total time: 0:00:00 (0.7283 s / it)
eval step
start epoch26
Epoch: [26]  [ 0/15]  eta: 0:00:21  lr: 0.000495  loss: 3267.6250 (3267.6250)  time: 1.4070 (1.4070 -- 1.4070)  data: 1.2074 (1.2074 -- 1.2074)  max mem: 27089
Epoch: [26]  [14/15]  eta: 0:00:00  lr: 0.000494  loss: 2666.7734 (2705.3333)  time: 0.4711 (0.3755 -- 1.4070)  data: 0.0806 (0.0001 -- 1.2074)  max mem: 27089
Epoch: [26] Total time: 0:00:07 (0.4711 s / it)
train step
Test:  [0/1]  eta: 0:00:00  loss: 2273.1875 (2273.1875)  geo_km: 225.9145 (225.9145)  time: 0.6102 (0.6102 -- 0.6102)  data: 0.5394 (0.5394 -- 0.5394)  max mem: 27089
Test: Total time: 0:00:00 (0.6107 s / it)
Test:  [0/1]  eta: 0:00:00  loss: 1759.2084 (1759.2084)  geo_km: 190.1679 (190.1679)  time: 0.7358 (0.7358 -- 0.7358)  data: 0.6498 (0.6498 -- 0.6498)  max mem: 27089
Test: Total time: 0:00:00 (0.7362 s / it)
eval step
start epoch27
Epoch: [27]  [ 0/15]  eta: 0:00:19  lr: 0.000494  loss: 1653.6953 (1653.6953)  time: 1.3224 (1.3224 -- 1.3224)  data: 1.1332 (1.1332 -- 1.1332)  max mem: 27089
Epoch: [27]  [14/15]  eta: 0:00:00  lr: 0.000494  loss: 2433.0000 (2453.0083)  time: 0.4708 (0.3751 -- 1.3224)  data: 0.0758 (0.0001 -- 1.1332)  max mem: 27089
Epoch: [27] Total time: 0:00:07 (0.4709 s / it)
train step
Test:  [0/1]  eta: 0:00:00  loss: 2142.4751 (2142.4751)  geo_km: 220.5941 (220.5941)  time: 0.6173 (0.6173 -- 0.6173)  data: 0.5460 (0.5460 -- 0.5460)  max mem: 27089
Test: Total time: 0:00:00 (0.6177 s / it)
Test:  [0/1]  eta: 0:00:00  loss: 1780.7812 (1780.7812)  geo_km: 191.9795 (191.9795)  time: 0.7302 (0.7302 -- 0.7302)  data: 0.6450 (0.6450 -- 0.6450)  max mem: 27089
Test: Total time: 0:00:00 (0.7307 s / it)
eval step
start epoch28
Epoch: [28]  [ 0/15]  eta: 0:00:18  lr: 0.000494  loss: 2302.0312 (2302.0312)  time: 1.2598 (1.2598 -- 1.2598)  data: 1.0451 (1.0451 -- 1.0451)  max mem: 27089
Epoch: [28]  [14/15]  eta: 0:00:00  lr: 0.000493  loss: 2635.9141 (2670.4224)  time: 0.4790 (0.3759 -- 1.2598)  data: 0.0698 (0.0001 -- 1.0451)  max mem: 27089
Epoch: [28] Total time: 0:00:07 (0.4791 s / it)
train step
Test:  [0/1]  eta: 0:00:00  loss: 1774.4250 (1774.4250)  geo_km: 199.6946 (199.6946)  time: 0.6080 (0.6080 -- 0.6080)  data: 0.5373 (0.5373 -- 0.5373)  max mem: 27089
Test: Total time: 0:00:00 (0.6085 s / it)
Test:  [0/1]  eta: 0:00:00  loss: 1909.1355 (1909.1355)  geo_km: 203.0182 (203.0182)  time: 0.7454 (0.7454 -- 0.7454)  data: 0.6595 (0.6595 -- 0.6595)  max mem: 27089
Test: Total time: 0:00:00 (0.7458 s / it)
eval step
[INFO] Best checkpoint saved at /leonardo/home/userexternal/ddarmien/Demetra/moduli/videomae/output/checkpoint-tracking-best.pth
start epoch29
Epoch: [29]  [ 0/15]  eta: 0:00:19  lr: 0.000493  loss: 2217.3281 (2217.3281)  time: 1.3106 (1.3106 -- 1.3106)  data: 1.1112 (1.1112 -- 1.1112)  max mem: 27089
Epoch: [29]  [14/15]  eta: 0:00:00  lr: 0.000493  loss: 2325.7656 (2335.2669)  time: 0.4409 (0.3707 -- 1.3106)  data: 0.0808 (0.0001 -- 1.1112)  max mem: 27089
Epoch: [29] Total time: 0:00:06 (0.4410 s / it)
train step
Test:  [0/1]  eta: 0:00:00  loss: 1751.3000 (1751.3000)  geo_km: 203.3640 (203.3640)  time: 0.6069 (0.6069 -- 0.6069)  data: 0.5360 (0.5360 -- 0.5360)  max mem: 27089
Test: Total time: 0:00:00 (0.6074 s / it)
Test:  [0/1]  eta: 0:00:00  loss: 1855.3334 (1855.3334)  geo_km: 199.9016 (199.9016)  time: 0.7346 (0.7346 -- 0.7346)  data: 0.6489 (0.6489 -- 0.6489)  max mem: 27089
Test: Total time: 0:00:00 (0.7351 s / it)
eval step
start epoch30
Epoch: [30]  [ 0/15]  eta: 0:00:21  lr: 0.000493  loss: 1885.6113 (1885.6113)  time: 1.4396 (1.4396 -- 1.4396)  data: 1.2408 (1.2408 -- 1.2408)  max mem: 27089
Epoch: [30]  [14/15]  eta: 0:00:00  lr: 0.000492  loss: 2439.4062 (2350.3091)  time: 0.4796 (0.3756 -- 1.4396)  data: 0.0829 (0.0001 -- 1.2408)  max mem: 27089
Epoch: [30] Total time: 0:00:07 (0.4797 s / it)
train step
Test:  [0/1]  eta: 0:00:00  loss: 2764.1250 (2764.1250)  geo_km: 243.9566 (243.9566)  time: 0.6051 (0.6051 -- 0.6051)  data: 0.5344 (0.5344 -- 0.5344)  max mem: 27089
Test: Total time: 0:00:00 (0.6056 s / it)
Test:  [0/1]  eta: 0:00:00  loss: 1778.4896 (1778.4896)  geo_km: 191.2009 (191.2009)  time: 0.7369 (0.7369 -- 0.7369)  data: 0.6516 (0.6516 -- 0.6516)  max mem: 27089
Test: Total time: 0:00:00 (0.7374 s / it)
eval step
start epoch31
Epoch: [31]  [ 0/15]  eta: 0:00:19  lr: 0.000492  loss: 2985.6094 (2985.6094)  time: 1.3070 (1.3070 -- 1.3070)  data: 1.1102 (1.1102 -- 1.1102)  max mem: 27089
Epoch: [31]  [14/15]  eta: 0:00:00  lr: 0.000492  loss: 2940.0000 (2802.2293)  time: 0.4763 (0.3734 -- 1.3070)  data: 0.0742 (0.0001 -- 1.1102)  max mem: 27089
Epoch: [31] Total time: 0:00:07 (0.4764 s / it)
train step
Test:  [0/1]  eta: 0:00:00  loss: 2905.6250 (2905.6250)  geo_km: 238.3900 (238.3900)  time: 0.6108 (0.6108 -- 0.6108)  data: 0.5394 (0.5394 -- 0.5394)  max mem: 27089
Test: Total time: 0:00:00 (0.6113 s / it)
Test:  [0/1]  eta: 0:00:00  loss: 1822.7396 (1822.7396)  geo_km: 190.7269 (190.7269)  time: 0.7273 (0.7273 -- 0.7273)  data: 0.6421 (0.6421 -- 0.6421)  max mem: 27089
Test: Total time: 0:00:00 (0.7277 s / it)
eval step
start epoch32
Epoch: [32]  [ 0/15]  eta: 0:00:20  lr: 0.000492  loss: 2293.5078 (2293.5078)  time: 1.3661 (1.3661 -- 1.3661)  data: 1.1764 (1.1764 -- 1.1764)  max mem: 27089
Epoch: [32]  [14/15]  eta: 0:00:00  lr: 0.000491  loss: 2640.0781 (2694.0745)  time: 0.4698 (0.3748 -- 1.3661)  data: 0.0787 (0.0001 -- 1.1764)  max mem: 27089
Epoch: [32] Total time: 0:00:07 (0.4699 s / it)
train step
Test:  [0/1]  eta: 0:00:00  loss: 2715.7500 (2715.7500)  geo_km: 236.7522 (236.7522)  time: 0.6085 (0.6085 -- 0.6085)  data: 0.5378 (0.5378 -- 0.5378)  max mem: 27089
Test: Total time: 0:00:00 (0.6090 s / it)
Test:  [0/1]  eta: 0:00:00  loss: 1815.4480 (1815.4480)  geo_km: 193.0896 (193.0896)  time: 0.7382 (0.7382 -- 0.7382)  data: 0.6531 (0.6531 -- 0.6531)  max mem: 27089
Test: Total time: 0:00:00 (0.7386 s / it)
eval step
start epoch33
Epoch: [33]  [ 0/15]  eta: 0:00:17  lr: 0.000491  loss: 2432.7969 (2432.7969)  time: 1.1519 (1.1519 -- 1.1519)  data: 0.9562 (0.9562 -- 0.9562)  max mem: 27089
Epoch: [33]  [14/15]  eta: 0:00:00  lr: 0.000490  loss: 2511.5703 (2739.0161)  time: 0.4726 (0.3751 -- 1.1519)  data: 0.0639 (0.0001 -- 0.9562)  max mem: 27089
Epoch: [33] Total time: 0:00:07 (0.4727 s / it)
train step
Test:  [0/1]  eta: 0:00:00  loss: 2806.5251 (2806.5251)  geo_km: 238.6919 (238.6919)  time: 0.6127 (0.6127 -- 0.6127)  data: 0.5420 (0.5420 -- 0.5420)  max mem: 27089
Test: Total time: 0:00:00 (0.6131 s / it)
Test:  [0/1]  eta: 0:00:00  loss: 1806.0209 (1806.0209)  geo_km: 190.7529 (190.7529)  time: 0.7386 (0.7386 -- 0.7386)  data: 0.6533 (0.6533 -- 0.6533)  max mem: 27089
Test: Total time: 0:00:00 (0.7391 s / it)
eval step
start epoch34
Epoch: [34]  [ 0/15]  eta: 0:00:18  lr: 0.000490  loss: 2988.3672 (2988.3672)  time: 1.2490 (1.2490 -- 1.2490)  data: 1.0499 (1.0499 -- 1.0499)  max mem: 27089
Epoch: [34]  [14/15]  eta: 0:00:00  lr: 0.000490  loss: 2513.6953 (2497.3516)  time: 0.4782 (0.3752 -- 1.2490)  data: 0.0701 (0.0001 -- 1.0499)  max mem: 27089
Epoch: [34] Total time: 0:00:07 (0.4782 s / it)
train step
Test:  [0/1]  eta: 0:00:00  loss: 2691.3376 (2691.3376)  geo_km: 234.6215 (234.6215)  time: 0.6160 (0.6160 -- 0.6160)  data: 0.5453 (0.5453 -- 0.5453)  max mem: 27089
Test: Total time: 0:00:00 (0.6164 s / it)
Test:  [0/1]  eta: 0:00:00  loss: 1810.4896 (1810.4896)  geo_km: 191.9969 (191.9970)  time: 0.7432 (0.7432 -- 0.7432)  data: 0.6581 (0.6581 -- 0.6581)  max mem: 27089
Test: Total time: 0:00:00 (0.7437 s / it)
eval step
start epoch35
Epoch: [35]  [ 0/15]  eta: 0:00:20  lr: 0.000490  loss: 1957.1562 (1957.1562)  time: 1.3626 (1.3626 -- 1.3626)  data: 1.1732 (1.1732 -- 1.1732)  max mem: 27089
Epoch: [35]  [14/15]  eta: 0:00:00  lr: 0.000489  loss: 2555.6875 (2588.6083)  time: 0.4750 (0.3761 -- 1.3626)  data: 0.0783 (0.0001 -- 1.1732)  max mem: 27089
Epoch: [35] Total time: 0:00:07 (0.4750 s / it)
train step
Test:  [0/1]  eta: 0:00:00  loss: 2181.1750 (2181.1750)  geo_km: 215.3138 (215.3138)  time: 0.6078 (0.6078 -- 0.6078)  data: 0.5371 (0.5371 -- 0.5371)  max mem: 27089
Test: Total time: 0:00:00 (0.6083 s / it)
Test:  [0/1]  eta: 0:00:00  loss: 1889.0625 (1889.0625)  geo_km: 200.1914 (200.1914)  time: 0.7317 (0.7317 -- 0.7317)  data: 0.6463 (0.6463 -- 0.6463)  max mem: 27089
Test: Total time: 0:00:00 (0.7321 s / it)
eval step
start epoch36
Epoch: [36]  [ 0/15]  eta: 0:00:17  lr: 0.000489  loss: 2945.1797 (2945.1797)  time: 1.1928 (1.1928 -- 1.1928)  data: 0.9823 (0.9823 -- 0.9823)  max mem: 27089
Epoch: [36]  [14/15]  eta: 0:00:00  lr: 0.000488  loss: 2514.9922 (2568.9479)  time: 0.4775 (0.3771 -- 1.1928)  data: 0.0656 (0.0001 -- 0.9823)  max mem: 27089
Epoch: [36] Total time: 0:00:07 (0.4776 s / it)
train step
Test:  [0/1]  eta: 0:00:00  loss: 2235.4126 (2235.4126)  geo_km: 219.8982 (219.8982)  time: 0.6087 (0.6087 -- 0.6087)  data: 0.5379 (0.5379 -- 0.5379)  max mem: 27089
Test: Total time: 0:00:00 (0.6092 s / it)
Test:  [0/1]  eta: 0:00:00  loss: 1805.0938 (1805.0938)  geo_km: 191.0098 (191.0098)  time: 0.7347 (0.7347 -- 0.7347)  data: 0.6491 (0.6491 -- 0.6491)  max mem: 27089
Test: Total time: 0:00:00 (0.7351 s / it)
eval step
start epoch37
Epoch: [37]  [ 0/15]  eta: 0:00:18  lr: 0.000488  loss: 1609.1641 (1609.1641)  time: 1.2563 (1.2563 -- 1.2563)  data: 1.0548 (1.0548 -- 1.0548)  max mem: 27089
Epoch: [37]  [14/15]  eta: 0:00:00  lr: 0.000488  loss: 2391.3203 (2408.9604)  time: 0.4716 (0.3772 -- 1.2563)  data: 0.0742 (0.0001 -- 1.0548)  max mem: 27089
Epoch: [37] Total time: 0:00:07 (0.4717 s / it)
train step
Test:  [0/1]  eta: 0:00:00  loss: 2137.0251 (2137.0251)  geo_km: 210.7645 (210.7645)  time: 0.6136 (0.6136 -- 0.6136)  data: 0.5427 (0.5427 -- 0.5427)  max mem: 27089
Test: Total time: 0:00:00 (0.6140 s / it)
Test:  [0/1]  eta: 0:00:00  loss: 1912.1459 (1912.1459)  geo_km: 201.2619 (201.2619)  time: 0.7329 (0.7329 -- 0.7329)  data: 0.6474 (0.6474 -- 0.6474)  max mem: 27089
Test: Total time: 0:00:00 (0.7334 s / it)
eval step
start epoch38
Epoch: [38]  [ 0/15]  eta: 0:00:19  lr: 0.000487  loss: 1837.8906 (1837.8906)  time: 1.3022 (1.3022 -- 1.3022)  data: 1.1064 (1.1064 -- 1.1064)  max mem: 27089
Epoch: [38]  [14/15]  eta: 0:00:00  lr: 0.000487  loss: 2087.4453 (2241.5484)  time: 0.4879 (0.3767 -- 1.3022)  data: 0.0741 (0.0001 -- 1.1064)  max mem: 27089
Epoch: [38] Total time: 0:00:07 (0.4880 s / it)
train step
Test:  [0/1]  eta: 0:00:00  loss: 2069.3625 (2069.3625)  geo_km: 212.1719 (212.1719)  time: 0.6144 (0.6144 -- 0.6144)  data: 0.5434 (0.5434 -- 0.5434)  max mem: 27089
Test: Total time: 0:00:00 (0.6148 s / it)
Test:  [0/1]  eta: 0:00:00  loss: 1746.6562 (1746.6562)  geo_km: 184.8429 (184.8429)  time: 0.7292 (0.7292 -- 0.7292)  data: 0.6436 (0.6436 -- 0.6436)  max mem: 27089
Test: Total time: 0:00:00 (0.7297 s / it)
eval step
start epoch39
Epoch: [39]  [ 0/15]  eta: 0:00:20  lr: 0.000487  loss: 2503.9531 (2503.9531)  time: 1.3389 (1.3389 -- 1.3389)  data: 1.1317 (1.1317 -- 1.1317)  max mem: 27089
Epoch: [39]  [14/15]  eta: 0:00:00  lr: 0.000486  loss: 2143.7656 (2159.2057)  time: 0.4799 (0.3782 -- 1.3389)  data: 0.0756 (0.0001 -- 1.1317)  max mem: 27089
Epoch: [39] Total time: 0:00:07 (0.4800 s / it)
train step
Test:  [0/1]  eta: 0:00:00  loss: 1598.5500 (1598.5500)  geo_km: 191.4740 (191.4740)  time: 0.6109 (0.6109 -- 0.6109)  data: 0.5397 (0.5397 -- 0.5397)  max mem: 27089
Test: Total time: 0:00:00 (0.6114 s / it)
Test:  [0/1]  eta: 0:00:00  loss: 1749.3750 (1749.3750)  geo_km: 187.1833 (187.1833)  time: 0.7296 (0.7296 -- 0.7296)  data: 0.6439 (0.6439 -- 0.6439)  max mem: 27089
Test: Total time: 0:00:00 (0.7300 s / it)
eval step
[INFO] Best checkpoint saved at /leonardo/home/userexternal/ddarmien/Demetra/moduli/videomae/output/checkpoint-tracking-best.pth
start epoch40
Epoch: [40]  [ 0/15]  eta: 0:00:18  lr: 0.000486  loss: 2180.7578 (2180.7578)  time: 1.2623 (1.2623 -- 1.2623)  data: 1.0576 (1.0576 -- 1.0576)  max mem: 27089
Epoch: [40]  [14/15]  eta: 0:00:00  lr: 0.000485  loss: 2256.8223 (2273.5469)  time: 0.4413 (0.3716 -- 1.2623)  data: 0.0706 (0.0001 -- 1.0576)  max mem: 27089
Epoch: [40] Total time: 0:00:06 (0.4414 s / it)
train step
Test:  [0/1]  eta: 0:00:00  loss: 1468.5375 (1468.5375)  geo_km: 174.6549 (174.6549)  time: 0.6059 (0.6059 -- 0.6059)  data: 0.5348 (0.5348 -- 0.5348)  max mem: 27089
Test: Total time: 0:00:00 (0.6063 s / it)
Test:  [0/1]  eta: 0:00:00  loss: 1832.2917 (1832.2917)  geo_km: 194.1791 (194.1791)  time: 0.7429 (0.7429 -- 0.7429)  data: 0.6567 (0.6567 -- 0.6567)  max mem: 27089
Test: Total time: 0:00:00 (0.7434 s / it)
eval step
[INFO] Best checkpoint saved at /leonardo/home/userexternal/ddarmien/Demetra/moduli/videomae/output/checkpoint-tracking-best.pth
start epoch41
Epoch: [41]  [ 0/15]  eta: 0:00:21  lr: 0.000485  loss: 1978.4922 (1978.4922)  time: 1.4607 (1.4607 -- 1.4607)  data: 1.2623 (1.2623 -- 1.2623)  max mem: 27089
Epoch: [41]  [14/15]  eta: 0:00:00  lr: 0.000484  loss: 1978.4922 (2028.9214)  time: 0.4523 (0.3723 -- 1.4607)  data: 0.0843 (0.0001 -- 1.2623)  max mem: 27089
Epoch: [41] Total time: 0:00:06 (0.4524 s / it)
train step
Test:  [0/1]  eta: 0:00:00  loss: 1296.6656 (1296.6656)  geo_km: 186.6755 (186.6755)  time: 0.6059 (0.6059 -- 0.6059)  data: 0.5349 (0.5349 -- 0.5349)  max mem: 27089
Test: Total time: 0:00:00 (0.6063 s / it)
Test:  [0/1]  eta: 0:00:00  loss: 1759.9271 (1759.9271)  geo_km: 181.7909 (181.7909)  time: 0.7342 (0.7342 -- 0.7342)  data: 0.6485 (0.6485 -- 0.6485)  max mem: 27089
Test: Total time: 0:00:00 (0.7347 s / it)
eval step
[INFO] Best checkpoint saved at /leonardo/home/userexternal/ddarmien/Demetra/moduli/videomae/output/checkpoint-tracking-best.pth
start epoch42
Epoch: [42]  [ 0/15]  eta: 0:00:20  lr: 0.000484  loss: 2352.7031 (2352.7031)  time: 1.3947 (1.3947 -- 1.3947)  data: 1.1921 (1.1921 -- 1.1921)  max mem: 27089
Epoch: [42]  [14/15]  eta: 0:00:00  lr: 0.000483  loss: 1987.9688 (1921.4883)  time: 0.4482 (0.3775 -- 1.3947)  data: 0.0796 (0.0001 -- 1.1921)  max mem: 27089
Epoch: [42] Total time: 0:00:06 (0.4483 s / it)
train step
Test:  [0/1]  eta: 0:00:00  loss: 997.2875 (997.2875)  geo_km: 156.3892 (156.3892)  time: 0.6017 (0.6017 -- 0.6017)  data: 0.5306 (0.5306 -- 0.5306)  max mem: 27089
Test: Total time: 0:00:00 (0.6021 s / it)
Test:  [0/1]  eta: 0:00:00  loss: 2004.6459 (2004.6459)  geo_km: 203.4929 (203.4929)  time: 0.7302 (0.7302 -- 0.7302)  data: 0.6444 (0.6444 -- 0.6444)  max mem: 27089
Test: Total time: 0:00:00 (0.7306 s / it)
eval step
[INFO] Best checkpoint saved at /leonardo/home/userexternal/ddarmien/Demetra/moduli/videomae/output/checkpoint-tracking-best.pth
start epoch43
Epoch: [43]  [ 0/15]  eta: 0:00:19  lr: 0.000483  loss: 1299.6699 (1299.6699)  time: 1.3151 (1.3151 -- 1.3151)  data: 1.1078 (1.1078 -- 1.1078)  max mem: 27089
Epoch: [43]  [14/15]  eta: 0:00:00  lr: 0.000483  loss: 1914.9141 (1932.3870)  time: 0.4452 (0.3719 -- 1.3151)  data: 0.0741 (0.0001 -- 1.1078)  max mem: 27089
Epoch: [43] Total time: 0:00:06 (0.4453 s / it)
train step
Test:  [0/1]  eta: 0:00:00  loss: 1168.8750 (1168.8750)  geo_km: 174.0685 (174.0685)  time: 0.6108 (0.6108 -- 0.6108)  data: 0.5398 (0.5398 -- 0.5398)  max mem: 27089
Test: Total time: 0:00:00 (0.6113 s / it)
Test:  [0/1]  eta: 0:00:00  loss: 1816.0105 (1816.0105)  geo_km: 188.6308 (188.6308)  time: 0.7412 (0.7412 -- 0.7412)  data: 0.6531 (0.6531 -- 0.6531)  max mem: 27089
Test: Total time: 0:00:00 (0.7416 s / it)
eval step
start epoch44
Epoch: [44]  [ 0/15]  eta: 0:00:17  lr: 0.000483  loss: 1737.7656 (1737.7656)  time: 1.1982 (1.1982 -- 1.1982)  data: 0.9866 (0.9866 -- 0.9866)  max mem: 27089
Epoch: [44]  [14/15]  eta: 0:00:00  lr: 0.000482  loss: 1645.1406 (1664.5529)  time: 0.4831 (0.3781 -- 1.1982)  data: 0.0659 (0.0001 -- 0.9866)  max mem: 27089
Epoch: [44] Total time: 0:00:07 (0.4832 s / it)
train step
Test:  [0/1]  eta: 0:00:00  loss: 1880.0751 (1880.0751)  geo_km: 210.0926 (210.0926)  time: 0.6145 (0.6145 -- 0.6145)  data: 0.5434 (0.5434 -- 0.5434)  max mem: 27089
Test: Total time: 0:00:00 (0.6150 s / it)
Test:  [0/1]  eta: 0:00:00  loss: 2083.4272 (2083.4272)  geo_km: 198.7004 (198.7004)  time: 0.7424 (0.7424 -- 0.7424)  data: 0.6566 (0.6566 -- 0.6566)  max mem: 27089
Test: Total time: 0:00:00 (0.7429 s / it)
eval step
start epoch45
Epoch: [45]  [ 0/15]  eta: 0:00:17  lr: 0.000482  loss: 1804.0078 (1804.0078)  time: 1.1974 (1.1974 -- 1.1974)  data: 0.9904 (0.9904 -- 0.9904)  max mem: 27089
Epoch: [45]  [14/15]  eta: 0:00:00  lr: 0.000481  loss: 1804.0078 (1839.2469)  time: 0.4820 (0.3777 -- 1.1974)  data: 0.0662 (0.0001 -- 0.9904)  max mem: 27089
Epoch: [45] Total time: 0:00:07 (0.4820 s / it)
train step
Test:  [0/1]  eta: 0:00:00  loss: 1372.1031 (1372.1031)  geo_km: 184.8672 (184.8672)  time: 0.6116 (0.6116 -- 0.6116)  data: 0.5405 (0.5405 -- 0.5405)  max mem: 27089
Test: Total time: 0:00:00 (0.6120 s / it)
Test:  [0/1]  eta: 0:00:00  loss: 1909.0105 (1909.0105)  geo_km: 203.4680 (203.4680)  time: 0.7309 (0.7309 -- 0.7309)  data: 0.6451 (0.6451 -- 0.6451)  max mem: 27089
Test: Total time: 0:00:00 (0.7314 s / it)
eval step
start epoch46
Epoch: [46]  [ 0/15]  eta: 0:00:19  lr: 0.000481  loss: 1443.2422 (1443.2422)  time: 1.3207 (1.3207 -- 1.3207)  data: 1.1165 (1.1165 -- 1.1165)  max mem: 27089
Epoch: [46]  [14/15]  eta: 0:00:00  lr: 0.000480  loss: 1443.2422 (1583.3382)  time: 0.4727 (0.3777 -- 1.3207)  data: 0.0746 (0.0001 -- 1.1165)  max mem: 27089
Epoch: [46] Total time: 0:00:07 (0.4727 s / it)
train step
Test:  [0/1]  eta: 0:00:00  loss: 1108.3187 (1108.3187)  geo_km: 175.7739 (175.7739)  time: 0.6116 (0.6116 -- 0.6116)  data: 0.5405 (0.5405 -- 0.5405)  max mem: 27089
Test: Total time: 0:00:00 (0.6120 s / it)
Test:  [0/1]  eta: 0:00:00  loss: 1857.0000 (1857.0000)  geo_km: 190.5048 (190.5048)  time: 0.7375 (0.7375 -- 0.7375)  data: 0.6515 (0.6515 -- 0.6515)  max mem: 27089
Test: Total time: 0:00:00 (0.7379 s / it)
eval step
start epoch47
Epoch: [47]  [ 0/15]  eta: 0:00:20  lr: 0.000480  loss: 1512.9766 (1512.9766)  time: 1.3975 (1.3975 -- 1.3975)  data: 1.1925 (1.1925 -- 1.1925)  max mem: 27089
Epoch: [47]  [14/15]  eta: 0:00:00  lr: 0.000479  loss: 1518.6875 (1559.8507)  time: 0.4747 (0.3780 -- 1.3975)  data: 0.0796 (0.0001 -- 1.1925)  max mem: 27089
Epoch: [47] Total time: 0:00:07 (0.4748 s / it)
train step
Test:  [0/1]  eta: 0:00:00  loss: 1531.0625 (1531.0625)  geo_km: 196.6524 (196.6524)  time: 0.6124 (0.6124 -- 0.6124)  data: 0.5412 (0.5412 -- 0.5412)  max mem: 27089
Test: Total time: 0:00:00 (0.6129 s / it)
Test:  [0/1]  eta: 0:00:00  loss: 1818.4792 (1818.4792)  geo_km: 186.7536 (186.7537)  time: 0.7392 (0.7392 -- 0.7392)  data: 0.6534 (0.6534 -- 0.6534)  max mem: 27089
Test: Total time: 0:00:00 (0.7396 s / it)
eval step
start epoch48
Epoch: [48]  [ 0/15]  eta: 0:00:19  lr: 0.000479  loss: 1270.4609 (1270.4609)  time: 1.3219 (1.3219 -- 1.3219)  data: 1.1134 (1.1134 -- 1.1134)  max mem: 27089
Epoch: [48]  [14/15]  eta: 0:00:00  lr: 0.000478  loss: 1503.4141 (1451.9493)  time: 0.4763 (0.3782 -- 1.3219)  data: 0.0744 (0.0001 -- 1.1134)  max mem: 27089
Epoch: [48] Total time: 0:00:07 (0.4764 s / it)
train step
Test:  [0/1]  eta: 0:00:00  loss: 1439.2125 (1439.2125)  geo_km: 191.7019 (191.7019)  time: 0.6128 (0.6128 -- 0.6128)  data: 0.5417 (0.5417 -- 0.5417)  max mem: 27089
Test: Total time: 0:00:00 (0.6132 s / it)
Test:  [0/1]  eta: 0:00:00  loss: 1984.0834 (1984.0834)  geo_km: 198.8820 (198.8820)  time: 0.7380 (0.7380 -- 0.7380)  data: 0.6521 (0.6521 -- 0.6521)  max mem: 27089
Test: Total time: 0:00:00 (0.7385 s / it)
eval step
start epoch49
Epoch: [49]  [ 0/15]  eta: 0:00:18  lr: 0.000478  loss: 1903.7031 (1903.7031)  time: 1.2602 (1.2602 -- 1.2602)  data: 1.0537 (1.0537 -- 1.0537)  max mem: 27089
Epoch: [49]  [14/15]  eta: 0:00:00  lr: 0.000477  loss: 1508.7031 (1527.6348)  time: 0.4745 (0.3784 -- 1.2602)  data: 0.0704 (0.0001 -- 1.0537)  max mem: 27089
Epoch: [49] Total time: 0:00:07 (0.4746 s / it)
train step
Test:  [0/1]  eta: 0:00:00  loss: 1503.5657 (1503.5657)  geo_km: 198.6513 (198.6513)  time: 0.6149 (0.6149 -- 0.6149)  data: 0.5437 (0.5437 -- 0.5437)  max mem: 27089
Test: Total time: 0:00:00 (0.6154 s / it)
Test:  [0/1]  eta: 0:00:00  loss: 1690.0521 (1690.0521)  geo_km: 195.1690 (195.1690)  time: 0.7319 (0.7319 -- 0.7319)  data: 0.6461 (0.6461 -- 0.6461)  max mem: 27089
Test: Total time: 0:00:00 (0.7323 s / it)
eval step
start epoch50
Epoch: [50]  [ 0/15]  eta: 0:00:20  lr: 0.000477  loss: 815.7676 (815.7676)  time: 1.3405 (1.3405 -- 1.3405)  data: 1.1279 (1.1279 -- 1.1279)  max mem: 27089
Epoch: [50]  [14/15]  eta: 0:00:00  lr: 0.000476  loss: 1252.6719 (1297.9568)  time: 0.4676 (0.3784 -- 1.3405)  data: 0.0753 (0.0001 -- 1.1279)  max mem: 27089
Epoch: [50] Total time: 0:00:07 (0.4677 s / it)
train step
Test:  [0/1]  eta: 0:00:00  loss: 1169.1125 (1169.1125)  geo_km: 178.3321 (178.3321)  time: 0.6145 (0.6145 -- 0.6145)  data: 0.5435 (0.5435 -- 0.5435)  max mem: 27089
Test: Total time: 0:00:00 (0.6150 s / it)
Test:  [0/1]  eta: 0:00:00  loss: 2322.8855 (2322.8855)  geo_km: 208.9669 (208.9669)  time: 0.7363 (0.7363 -- 0.7363)  data: 0.6504 (0.6504 -- 0.6504)  max mem: 27089
Test: Total time: 0:00:00 (0.7367 s / it)
eval step
start epoch51
Epoch: [51]  [ 0/15]  eta: 0:00:19  lr: 0.000476  loss: 1110.2344 (1110.2344)  time: 1.3033 (1.3033 -- 1.3033)  data: 1.1094 (1.1094 -- 1.1094)  max mem: 27089
Epoch: [51]  [14/15]  eta: 0:00:00  lr: 0.000475  loss: 1255.9688 (1295.3582)  time: 0.4789 (0.3779 -- 1.3033)  data: 0.0741 (0.0001 -- 1.1094)  max mem: 27089
Epoch: [51] Total time: 0:00:07 (0.4789 s / it)
train step
Test:  [0/1]  eta: 0:00:00  loss: 1675.6376 (1675.6376)  geo_km: 197.7200 (197.7200)  time: 0.6594 (0.6594 -- 0.6594)  data: 0.5882 (0.5882 -- 0.5882)  max mem: 27089
Test: Total time: 0:00:00 (0.6598 s / it)
Test:  [0/1]  eta: 0:00:00  loss: 1950.0105 (1950.0105)  geo_km: 205.1351 (205.1351)  time: 0.8637 (0.8637 -- 0.8637)  data: 0.7780 (0.7780 -- 0.7780)  max mem: 27089
Test: Total time: 0:00:00 (0.8642 s / it)
eval step
start epoch52
Epoch: [52]  [ 0/15]  eta: 0:00:18  lr: 0.000475  loss: 1260.3770 (1260.3770)  time: 1.2431 (1.2431 -- 1.2431)  data: 1.0493 (1.0493 -- 1.0493)  max mem: 27089
Epoch: [52]  [14/15]  eta: 0:00:00  lr: 0.000474  loss: 1072.9023 (1136.4272)  time: 0.4777 (0.3782 -- 1.2431)  data: 0.0707 (0.0001 -- 1.0493)  max mem: 27089
Epoch: [52] Total time: 0:00:07 (0.4778 s / it)
train step
Test:  [0/1]  eta: 0:00:00  loss: 1573.3563 (1573.3563)  geo_km: 198.5090 (198.5090)  time: 0.7328 (0.7328 -- 0.7328)  data: 0.6617 (0.6617 -- 0.6617)  max mem: 27089
Test: Total time: 0:00:00 (0.7333 s / it)
Test:  [0/1]  eta: 0:00:00  loss: 1914.7084 (1914.7084)  geo_km: 212.6346 (212.6346)  time: 0.8384 (0.8384 -- 0.8384)  data: 0.7527 (0.7527 -- 0.7527)  max mem: 27089
Test: Total time: 0:00:00 (0.8388 s / it)
eval step
start epoch53
Epoch: [53]  [ 0/15]  eta: 0:00:21  lr: 0.000474  loss: 1439.2051 (1439.2051)  time: 1.4302 (1.4302 -- 1.4302)  data: 1.2370 (1.2370 -- 1.2370)  max mem: 27089
Epoch: [53]  [14/15]  eta: 0:00:00  lr: 0.000473  loss: 1309.8477 (1321.5370)  time: 0.4755 (0.3780 -- 1.4302)  data: 0.0912 (0.0001 -- 1.2370)  max mem: 27089
Epoch: [53] Total time: 0:00:07 (0.4756 s / it)
train step
Test:  [0/1]  eta: 0:00:00  loss: 1045.2375 (1045.2375)  geo_km: 168.3577 (168.3577)  time: 0.6046 (0.6046 -- 0.6046)  data: 0.5336 (0.5336 -- 0.5336)  max mem: 27089
Test: Total time: 0:00:00 (0.6051 s / it)
Test:  [0/1]  eta: 0:00:00  loss: 1773.5834 (1773.5834)  geo_km: 178.1156 (178.1156)  time: 0.7324 (0.7324 -- 0.7324)  data: 0.6463 (0.6463 -- 0.6463)  max mem: 27089
Test: Total time: 0:00:00 (0.7329 s / it)
eval step
[INFO] Best checkpoint saved at /leonardo/home/userexternal/ddarmien/Demetra/moduli/videomae/output/checkpoint-tracking-best.pth
start epoch54
Epoch: [54]  [ 0/15]  eta: 0:00:19  lr: 0.000473  loss: 1024.1172 (1024.1172)  time: 1.2922 (1.2922 -- 1.2922)  data: 1.0931 (1.0931 -- 1.0931)  max mem: 27089
Epoch: [54]  [14/15]  eta: 0:00:00  lr: 0.000472  loss: 1024.1172 (963.1401)  time: 0.4418 (0.3736 -- 1.2922)  data: 0.0737 (0.0001 -- 1.0931)  max mem: 27089
Epoch: [54] Total time: 0:00:06 (0.4419 s / it)
train step
Test:  [0/1]  eta: 0:00:00  loss: 828.0031 (828.0031)  geo_km: 149.5305 (149.5305)  time: 0.6034 (0.6034 -- 0.6034)  data: 0.5323 (0.5323 -- 0.5323)  max mem: 27089
Test: Total time: 0:00:00 (0.6038 s / it)
Test:  [0/1]  eta: 0:00:00  loss: 2060.0730 (2060.0730)  geo_km: 215.3725 (215.3725)  time: 0.7323 (0.7323 -- 0.7323)  data: 0.6465 (0.6465 -- 0.6465)  max mem: 27089
Test: Total time: 0:00:00 (0.7327 s / it)
eval step
[INFO] Best checkpoint saved at /leonardo/home/userexternal/ddarmien/Demetra/moduli/videomae/output/checkpoint-tracking-best.pth
start epoch55
Epoch: [55]  [ 0/15]  eta: 0:00:19  lr: 0.000472  loss: 483.2153 (483.2153)  time: 1.2874 (1.2874 -- 1.2874)  data: 1.0839 (1.0839 -- 1.0839)  max mem: 27089
Epoch: [55]  [14/15]  eta: 0:00:00  lr: 0.000471  loss: 1034.8145 (1017.2079)  time: 0.4435 (0.3771 -- 1.2874)  data: 0.0748 (0.0001 -- 1.0839)  max mem: 27089
Epoch: [55] Total time: 0:00:06 (0.4436 s / it)
train step
Test:  [0/1]  eta: 0:00:00  loss: 1412.7750 (1412.7750)  geo_km: 194.3953 (194.3953)  time: 0.6142 (0.6142 -- 0.6142)  data: 0.5431 (0.5431 -- 0.5431)  max mem: 27089
Test: Total time: 0:00:00 (0.6147 s / it)
Test:  [0/1]  eta: 0:00:00  loss: 2239.0522 (2239.0522)  geo_km: 223.1390 (223.1390)  time: 0.7435 (0.7435 -- 0.7435)  data: 0.6572 (0.6572 -- 0.6572)  max mem: 27089
Test: Total time: 0:00:00 (0.7439 s / it)
eval step
start epoch56
Epoch: [56]  [ 0/15]  eta: 0:00:17  lr: 0.000471  loss: 638.1895 (638.1895)  time: 1.1729 (1.1729 -- 1.1729)  data: 0.9784 (0.9784 -- 0.9784)  max mem: 27089
Epoch: [56]  [14/15]  eta: 0:00:00  lr: 0.000469  loss: 855.1406 (938.9583)  time: 0.4821 (0.3787 -- 1.1729)  data: 0.0654 (0.0001 -- 0.9784)  max mem: 27089
Epoch: [56] Total time: 0:00:07 (0.4822 s / it)
train step
Test:  [0/1]  eta: 0:00:00  loss: 1214.3906 (1214.3906)  geo_km: 183.9816 (183.9815)  time: 0.6113 (0.6113 -- 0.6113)  data: 0.5402 (0.5402 -- 0.5402)  max mem: 27089
Test: Total time: 0:00:00 (0.6118 s / it)
Test:  [0/1]  eta: 0:00:00  loss: 1860.1146 (1860.1146)  geo_km: 204.7792 (204.7792)  time: 0.7417 (0.7417 -- 0.7417)  data: 0.6557 (0.6557 -- 0.6557)  max mem: 27089
Test: Total time: 0:00:00 (0.7422 s / it)
eval step
start epoch57
Epoch: [57]  [ 0/15]  eta: 0:00:17  lr: 0.000469  loss: 819.8027 (819.8027)  time: 1.1758 (1.1758 -- 1.1758)  data: 0.9804 (0.9804 -- 0.9804)  max mem: 27089
Epoch: [57]  [14/15]  eta: 0:00:00  lr: 0.000468  loss: 819.8027 (885.6706)  time: 0.4815 (0.3786 -- 1.1758)  data: 0.0675 (0.0001 -- 0.9804)  max mem: 27089
Epoch: [57] Total time: 0:00:07 (0.4816 s / it)
train step
Test:  [0/1]  eta: 0:00:00  loss: 959.1063 (959.1063)  geo_km: 162.7785 (162.7785)  time: 0.6139 (0.6139 -- 0.6139)  data: 0.5428 (0.5428 -- 0.5428)  max mem: 27089
Test: Total time: 0:00:00 (0.6143 s / it)
Test:  [0/1]  eta: 0:00:00  loss: 1722.8438 (1722.8438)  geo_km: 200.4787 (200.4787)  time: 0.7491 (0.7491 -- 0.7491)  data: 0.6631 (0.6631 -- 0.6631)  max mem: 27089
Test: Total time: 0:00:00 (0.7495 s / it)
eval step
start epoch58
Epoch: [58]  [ 0/15]  eta: 0:00:17  lr: 0.000468  loss: 643.4648 (643.4648)  time: 1.1678 (1.1678 -- 1.1678)  data: 0.9731 (0.9731 -- 0.9731)  max mem: 27089
Epoch: [58]  [14/15]  eta: 0:00:00  lr: 0.000467  loss: 758.0449 (824.6247)  time: 0.4824 (0.3780 -- 1.1678)  data: 0.0650 (0.0001 -- 0.9731)  max mem: 27089
Epoch: [58] Total time: 0:00:07 (0.4825 s / it)
train step
Test:  [0/1]  eta: 0:00:00  loss: 931.6437 (931.6437)  geo_km: 161.0647 (161.0647)  time: 0.6132 (0.6132 -- 0.6132)  data: 0.5417 (0.5417 -- 0.5417)  max mem: 27089
Test: Total time: 0:00:00 (0.6137 s / it)
Test:  [0/1]  eta: 0:00:00  loss: 1464.0000 (1464.0000)  geo_km: 171.7267 (171.7267)  time: 0.7402 (0.7402 -- 0.7402)  data: 0.6543 (0.6543 -- 0.6543)  max mem: 27089
Test: Total time: 0:00:00 (0.7407 s / it)
eval step
start epoch59
Epoch: [59]  [ 0/15]  eta: 0:00:18  lr: 0.000467  loss: 899.7090 (899.7090)  time: 1.2015 (1.2015 -- 1.2015)  data: 0.9812 (0.9812 -- 0.9812)  max mem: 27089
Epoch: [59]  [14/15]  eta: 0:00:00  lr: 0.000466  loss: 879.9922 (890.9108)  time: 0.4739 (0.3786 -- 1.2015)  data: 0.0662 (0.0001 -- 0.9812)  max mem: 27089
Epoch: [59] Total time: 0:00:07 (0.4740 s / it)
train step
Test:  [0/1]  eta: 0:00:00  loss: 1134.3812 (1134.3812)  geo_km: 170.3593 (170.3593)  time: 0.6077 (0.6077 -- 0.6077)  data: 0.5366 (0.5366 -- 0.5366)  max mem: 27089
Test: Total time: 0:00:00 (0.6081 s / it)
Test:  [0/1]  eta: 0:00:00  loss: 1624.0834 (1624.0834)  geo_km: 202.5308 (202.5308)  time: 0.7341 (0.7341 -- 0.7341)  data: 0.6483 (0.6483 -- 0.6483)  max mem: 27089
Test: Total time: 0:00:00 (0.7345 s / it)
eval step
start epoch60
Epoch: [60]  [ 0/15]  eta: 0:00:19  lr: 0.000466  loss: 791.1348 (791.1348)  time: 1.3254 (1.3254 -- 1.3254)  data: 1.1313 (1.1313 -- 1.1313)  max mem: 27089
Epoch: [60]  [14/15]  eta: 0:00:00  lr: 0.000465  loss: 791.1348 (754.9049)  time: 0.4726 (0.3781 -- 1.3254)  data: 0.0756 (0.0001 -- 1.1313)  max mem: 27089
Epoch: [60] Total time: 0:00:07 (0.4727 s / it)
train step
Test:  [0/1]  eta: 0:00:00  loss: 933.3969 (933.3969)  geo_km: 161.9019 (161.9018)  time: 0.6101 (0.6101 -- 0.6101)  data: 0.5390 (0.5390 -- 0.5390)  max mem: 27089
Test: Total time: 0:00:00 (0.6105 s / it)
Test:  [0/1]  eta: 0:00:00  loss: 1363.6146 (1363.6146)  geo_km: 173.9743 (173.9743)  time: 0.7373 (0.7373 -- 0.7373)  data: 0.6510 (0.6510 -- 0.6510)  max mem: 27089
Test: Total time: 0:00:00 (0.7377 s / it)
eval step
[INFO] Best checkpoint saved at /leonardo/home/userexternal/ddarmien/Demetra/moduli/videomae/output/checkpoint-tracking-best.pth
start epoch61
Epoch: [61]  [ 0/15]  eta: 0:00:18  lr: 0.000465  loss: 296.2891 (296.2891)  time: 1.2241 (1.2241 -- 1.2241)  data: 1.0177 (1.0177 -- 1.0177)  max mem: 27089
Epoch: [61]  [14/15]  eta: 0:00:00  lr: 0.000463  loss: 816.6250 (776.5624)  time: 0.4377 (0.3750 -- 1.2241)  data: 0.0734 (0.0001 -- 1.0177)  max mem: 27089
Epoch: [61] Total time: 0:00:06 (0.4378 s / it)
train step
Test:  [0/1]  eta: 0:00:00  loss: 1430.2782 (1430.2782)  geo_km: 182.3279 (182.3279)  time: 0.6070 (0.6070 -- 0.6070)  data: 0.5359 (0.5359 -- 0.5359)  max mem: 27089
Test: Total time: 0:00:00 (0.6074 s / it)
Test:  [0/1]  eta: 0:00:00  loss: 1762.6355 (1762.6355)  geo_km: 181.2905 (181.2905)  time: 0.7228 (0.7228 -- 0.7228)  data: 0.6370 (0.6370 -- 0.6370)  max mem: 27089
Test: Total time: 0:00:00 (0.7232 s / it)
eval step
start epoch62
Epoch: [62]  [ 0/15]  eta: 0:00:17  lr: 0.000463  loss: 1010.3223 (1010.3223)  time: 1.1774 (1.1774 -- 1.1774)  data: 0.9837 (0.9837 -- 0.9837)  max mem: 27089
Epoch: [62]  [14/15]  eta: 0:00:00  lr: 0.000462  loss: 840.1270 (835.8242)  time: 0.4843 (0.3778 -- 1.1774)  data: 0.0722 (0.0001 -- 0.9837)  max mem: 27089
Epoch: [62] Total time: 0:00:07 (0.4844 s / it)
train step
Test:  [0/1]  eta: 0:00:00  loss: 1123.6907 (1123.6907)  geo_km: 169.9042 (169.9042)  time: 0.6028 (0.6028 -- 0.6028)  data: 0.5317 (0.5317 -- 0.5317)  max mem: 27089
Test: Total time: 0:00:00 (0.6032 s / it)
Test:  [0/1]  eta: 0:00:00  loss: 1267.8646 (1267.8646)  geo_km: 174.8847 (174.8847)  time: 0.7363 (0.7363 -- 0.7363)  data: 0.6491 (0.6491 -- 0.6491)  max mem: 27089
Test: Total time: 0:00:00 (0.7367 s / it)
eval step
start epoch63
Epoch: [63]  [ 0/15]  eta: 0:00:19  lr: 0.000462  loss: 694.8555 (694.8555)  time: 1.3237 (1.3237 -- 1.3237)  data: 1.1312 (1.1312 -- 1.1312)  max mem: 27089
Epoch: [63]  [14/15]  eta: 0:00:00  lr: 0.000461  loss: 609.0781 (692.3558)  time: 0.4779 (0.3783 -- 1.3237)  data: 0.0755 (0.0001 -- 1.1312)  max mem: 27089
Epoch: [63] Total time: 0:00:07 (0.4780 s / it)
train step
Test:  [0/1]  eta: 0:00:00  loss: 966.2906 (966.2906)  geo_km: 154.3838 (154.3838)  time: 0.6076 (0.6076 -- 0.6076)  data: 0.5365 (0.5365 -- 0.5365)  max mem: 27089
Test: Total time: 0:00:00 (0.6080 s / it)
Test:  [0/1]  eta: 0:00:00  loss: 1181.2292 (1181.2292)  geo_km: 168.8602 (168.8602)  time: 0.7226 (0.7226 -- 0.7226)  data: 0.6368 (0.6368 -- 0.6368)  max mem: 27089
Test: Total time: 0:00:00 (0.7231 s / it)
eval step
start epoch64
Epoch: [64]  [ 0/15]  eta: 0:00:17  lr: 0.000461  loss: 541.8184 (541.8184)  time: 1.2000 (1.2000 -- 1.2000)  data: 1.0057 (1.0057 -- 1.0057)  max mem: 27089
Epoch: [64]  [14/15]  eta: 0:00:00  lr: 0.000460  loss: 796.7578 (867.5608)  time: 0.4723 (0.3784 -- 1.2000)  data: 0.0672 (0.0001 -- 1.0057)  max mem: 27089
Epoch: [64] Total time: 0:00:07 (0.4724 s / it)
train step
Test:  [0/1]  eta: 0:00:00  loss: 1267.5188 (1267.5188)  geo_km: 184.5210 (184.5210)  time: 0.6132 (0.6132 -- 0.6132)  data: 0.5419 (0.5419 -- 0.5419)  max mem: 27089
Test: Total time: 0:00:00 (0.6137 s / it)
Test:  [0/1]  eta: 0:00:00  loss: 1788.5209 (1788.5209)  geo_km: 193.4015 (193.4015)  time: 0.7373 (0.7373 -- 0.7373)  data: 0.6514 (0.6514 -- 0.6514)  max mem: 27089
Test: Total time: 0:00:00 (0.7378 s / it)
eval step
start epoch65
Epoch: [65]  [ 0/15]  eta: 0:00:18  lr: 0.000460  loss: 1265.4688 (1265.4688)  time: 1.2389 (1.2389 -- 1.2389)  data: 1.0422 (1.0422 -- 1.0422)  max mem: 27089
Epoch: [65]  [14/15]  eta: 0:00:00  lr: 0.000458  loss: 803.9629 (757.7068)  time: 0.4775 (0.3780 -- 1.2389)  data: 0.0696 (0.0001 -- 1.0422)  max mem: 27089
Epoch: [65] Total time: 0:00:07 (0.4776 s / it)
train step
Test:  [0/1]  eta: 0:00:00  loss: 1214.7626 (1214.7626)  geo_km: 173.0758 (173.0758)  time: 0.6089 (0.6089 -- 0.6089)  data: 0.5378 (0.5378 -- 0.5378)  max mem: 27089
Test: Total time: 0:00:00 (0.6093 s / it)
Test:  [0/1]  eta: 0:00:00  loss: 1922.0209 (1922.0209)  geo_km: 185.4198 (185.4198)  time: 0.7357 (0.7357 -- 0.7357)  data: 0.6498 (0.6498 -- 0.6498)  max mem: 27089
Test: Total time: 0:00:00 (0.7362 s / it)
eval step
start epoch66
Epoch: [66]  [ 0/15]  eta: 0:00:20  lr: 0.000458  loss: 427.2168 (427.2168)  time: 1.3723 (1.3723 -- 1.3723)  data: 1.1655 (1.1655 -- 1.1655)  max mem: 27089
Epoch: [66]  [14/15]  eta: 0:00:00  lr: 0.000457  loss: 550.8008 (606.8714)  time: 0.4772 (0.3779 -- 1.3723)  data: 0.0780 (0.0001 -- 1.1655)  max mem: 27089
Epoch: [66] Total time: 0:00:07 (0.4773 s / it)
train step
Test:  [0/1]  eta: 0:00:00  loss: 909.5906 (909.5906)  geo_km: 147.0611 (147.0611)  time: 0.6125 (0.6125 -- 0.6125)  data: 0.5413 (0.5413 -- 0.5413)  max mem: 27089
Test: Total time: 0:00:00 (0.6130 s / it)
Test:  [0/1]  eta: 0:00:00  loss: 1289.5834 (1289.5834)  geo_km: 168.9783 (168.9783)  time: 0.7295 (0.7295 -- 0.7295)  data: 0.6436 (0.6436 -- 0.6436)  max mem: 27089
Test: Total time: 0:00:00 (0.7299 s / it)
eval step
start epoch67
Epoch: [67]  [ 0/15]  eta: 0:00:20  lr: 0.000457  loss: 523.3501 (523.3501)  time: 1.3562 (1.3562 -- 1.3562)  data: 1.1636 (1.1636 -- 1.1636)  max mem: 27089
Epoch: [67]  [14/15]  eta: 0:00:00  lr: 0.000456  loss: 534.8457 (542.3841)  time: 0.4865 (0.3780 -- 1.3562)  data: 0.0779 (0.0001 -- 1.1636)  max mem: 27089
Epoch: [67] Total time: 0:00:07 (0.4866 s / it)
train step
Test:  [0/1]  eta: 0:00:00  loss: 939.8125 (939.8125)  geo_km: 146.8743 (146.8743)  time: 0.6165 (0.6165 -- 0.6165)  data: 0.5448 (0.5448 -- 0.5448)  max mem: 27089
Test: Total time: 0:00:00 (0.6169 s / it)
Test:  [0/1]  eta: 0:00:00  loss: 813.3438 (813.3438)  geo_km: 137.6231 (137.6231)  time: 0.7348 (0.7348 -- 0.7348)  data: 0.6489 (0.6489 -- 0.6489)  max mem: 27089
Test: Total time: 0:00:00 (0.7353 s / it)
eval step
start epoch68
Epoch: [68]  [ 0/15]  eta: 0:00:18  lr: 0.000456  loss: 639.1328 (639.1328)  time: 1.2629 (1.2629 -- 1.2629)  data: 1.0575 (1.0575 -- 1.0575)  max mem: 27089
Epoch: [68]  [14/15]  eta: 0:00:00  lr: 0.000454  loss: 599.4980 (566.2685)  time: 0.4777 (0.3786 -- 1.2629)  data: 0.0706 (0.0001 -- 1.0575)  max mem: 27089
Epoch: [68] Total time: 0:00:07 (0.4778 s / it)
train step
Test:  [0/1]  eta: 0:00:00  loss: 1078.5282 (1078.5282)  geo_km: 164.1556 (164.1556)  time: 0.6196 (0.6196 -- 0.6196)  data: 0.5485 (0.5485 -- 0.5485)  max mem: 27089
Test: Total time: 0:00:00 (0.6200 s / it)
Test:  [0/1]  eta: 0:00:00  loss: 1006.2917 (1006.2917)  geo_km: 156.4030 (156.4030)  time: 0.7402 (0.7402 -- 0.7402)  data: 0.6543 (0.6543 -- 0.6543)  max mem: 27089
Test: Total time: 0:00:00 (0.7406 s / it)
eval step
start epoch69
Epoch: [69]  [ 0/15]  eta: 0:00:17  lr: 0.000454  loss: 637.4543 (637.4543)  time: 1.1772 (1.1772 -- 1.1772)  data: 0.9809 (0.9809 -- 0.9809)  max mem: 27089
Epoch: [69]  [14/15]  eta: 0:00:00  lr: 0.000453  loss: 608.3262 (643.7231)  time: 0.4754 (0.3778 -- 1.1772)  data: 0.0659 (0.0001 -- 0.9809)  max mem: 27089
Epoch: [69] Total time: 0:00:07 (0.4755 s / it)
train step
Test:  [0/1]  eta: 0:00:00  loss: 1214.5781 (1214.5781)  geo_km: 166.2041 (166.2041)  time: 0.6112 (0.6112 -- 0.6112)  data: 0.5400 (0.5400 -- 0.5400)  max mem: 27089
Test: Total time: 0:00:00 (0.6116 s / it)
Test:  [0/1]  eta: 0:00:00  loss: 1704.8959 (1704.8959)  geo_km: 167.4815 (167.4815)  time: 0.7394 (0.7394 -- 0.7394)  data: 0.6534 (0.6534 -- 0.6534)  max mem: 27089
Test: Total time: 0:00:00 (0.7398 s / it)
eval step
start epoch70
Epoch: [70]  [ 0/15]  eta: 0:00:20  lr: 0.000453  loss: 791.4395 (791.4395)  time: 1.3956 (1.3956 -- 1.3956)  data: 1.2053 (1.2053 -- 1.2053)  max mem: 27089
Epoch: [70]  [14/15]  eta: 0:00:00  lr: 0.000452  loss: 551.4263 (566.2056)  time: 0.4773 (0.3784 -- 1.3956)  data: 0.0805 (0.0001 -- 1.2053)  max mem: 27089
Epoch: [70] Total time: 0:00:07 (0.4774 s / it)
train step
Test:  [0/1]  eta: 0:00:00  loss: 1021.2375 (1021.2375)  geo_km: 146.0055 (146.0055)  time: 0.6203 (0.6203 -- 0.6203)  data: 0.5490 (0.5490 -- 0.5490)  max mem: 27089
Test: Total time: 0:00:00 (0.6207 s / it)
Test:  [0/1]  eta: 0:00:00  loss: 875.8646 (875.8646)  geo_km: 148.6508 (148.6508)  time: 0.7384 (0.7384 -- 0.7384)  data: 0.6524 (0.6524 -- 0.6524)  max mem: 27089
Test: Total time: 0:00:00 (0.7388 s / it)
eval step
start epoch71
Epoch: [71]  [ 0/15]  eta: 0:00:18  lr: 0.000451  loss: 349.1426 (349.1426)  time: 1.2657 (1.2657 -- 1.2657)  data: 1.0565 (1.0565 -- 1.0565)  max mem: 27089
Epoch: [71]  [14/15]  eta: 0:00:00  lr: 0.000450  loss: 389.2695 (411.8789)  time: 0.4756 (0.3784 -- 1.2657)  data: 0.0706 (0.0001 -- 1.0565)  max mem: 27089
Epoch: [71] Total time: 0:00:07 (0.4757 s / it)
train step
Test:  [0/1]  eta: 0:00:00  loss: 1011.9250 (1011.9250)  geo_km: 141.8810 (141.8810)  time: 0.6147 (0.6147 -- 0.6147)  data: 0.5436 (0.5436 -- 0.5436)  max mem: 27089
Test: Total time: 0:00:00 (0.6152 s / it)
Test:  [0/1]  eta: 0:00:00  loss: 1197.2709 (1197.2709)  geo_km: 156.0524 (156.0524)  time: 0.7496 (0.7496 -- 0.7496)  data: 0.6624 (0.6624 -- 0.6624)  max mem: 27089
Test: Total time: 0:00:00 (0.7500 s / it)
eval step
start epoch72
Epoch: [72]  [ 0/15]  eta: 0:00:20  lr: 0.000450  loss: 671.0781 (671.0781)  time: 1.3787 (1.3787 -- 1.3787)  data: 1.1703 (1.1703 -- 1.1703)  max mem: 27089
Epoch: [72]  [14/15]  eta: 0:00:00  lr: 0.000449  loss: 533.0430 (520.4224)  time: 0.4818 (0.3784 -- 1.3787)  data: 0.0782 (0.0001 -- 1.1703)  max mem: 27089
Epoch: [72] Total time: 0:00:07 (0.4819 s / it)
train step
Test:  [0/1]  eta: 0:00:00  loss: 1230.4781 (1230.4781)  geo_km: 174.8170 (174.8170)  time: 0.6169 (0.6169 -- 0.6169)  data: 0.5458 (0.5458 -- 0.5458)  max mem: 27089
Test: Total time: 0:00:00 (0.6173 s / it)
Test:  [0/1]  eta: 0:00:00  loss: 1161.8542 (1161.8542)  geo_km: 162.6009 (162.6009)  time: 0.7374 (0.7374 -- 0.7374)  data: 0.6515 (0.6515 -- 0.6515)  max mem: 27089
Test: Total time: 0:00:00 (0.7378 s / it)
eval step
start epoch73
Epoch: [73]  [ 0/15]  eta: 0:00:19  lr: 0.000449  loss: 724.4395 (724.4395)  time: 1.3106 (1.3106 -- 1.3106)  data: 1.1150 (1.1150 -- 1.1150)  max mem: 27089
Epoch: [73]  [14/15]  eta: 0:00:00  lr: 0.000447  loss: 610.7070 (641.0700)  time: 0.4830 (0.3774 -- 1.3106)  data: 0.0745 (0.0001 -- 1.1150)  max mem: 27089
Epoch: [73] Total time: 0:00:07 (0.4831 s / it)
train step
Test:  [0/1]  eta: 0:00:00  loss: 913.2625 (913.2625)  geo_km: 148.1627 (148.1627)  time: 0.6156 (0.6156 -- 0.6156)  data: 0.5446 (0.5446 -- 0.5446)  max mem: 27089
Test: Total time: 0:00:00 (0.6161 s / it)
Test:  [0/1]  eta: 0:00:00  loss: 1270.5625 (1270.5625)  geo_km: 166.7828 (166.7828)  time: 0.7377 (0.7377 -- 0.7377)  data: 0.6518 (0.6518 -- 0.6518)  max mem: 27089
Test: Total time: 0:00:00 (0.7382 s / it)
eval step
start epoch74
Epoch: [74]  [ 0/15]  eta: 0:00:20  lr: 0.000447  loss: 422.5625 (422.5625)  time: 1.3561 (1.3561 -- 1.3561)  data: 1.1628 (1.1628 -- 1.1628)  max mem: 27089
Epoch: [74]  [14/15]  eta: 0:00:00  lr: 0.000446  loss: 422.5625 (459.8927)  time: 0.4824 (0.3782 -- 1.3561)  data: 0.0778 (0.0001 -- 1.1628)  max mem: 27089
Epoch: [74] Total time: 0:00:07 (0.4825 s / it)
train step
Test:  [0/1]  eta: 0:00:00  loss: 937.0688 (937.0688)  geo_km: 155.9921 (155.9921)  time: 0.6108 (0.6108 -- 0.6108)  data: 0.5397 (0.5397 -- 0.5397)  max mem: 27089
Test: Total time: 0:00:00 (0.6112 s / it)
Test:  [0/1]  eta: 0:00:00  loss: 1071.0730 (1071.0730)  geo_km: 145.9610 (145.9610)  time: 0.7341 (0.7341 -- 0.7341)  data: 0.6483 (0.6483 -- 0.6483)  max mem: 27089
Test: Total time: 0:00:00 (0.7345 s / it)
eval step
start epoch75
Epoch: [75]  [ 0/15]  eta: 0:00:18  lr: 0.000446  loss: 562.3945 (562.3945)  time: 1.2539 (1.2539 -- 1.2539)  data: 1.0557 (1.0557 -- 1.0557)  max mem: 27089
Epoch: [75]  [14/15]  eta: 0:00:00  lr: 0.000444  loss: 520.4513 (578.9053)  time: 0.4853 (0.3734 -- 1.2539)  data: 0.0714 (0.0001 -- 1.0557)  max mem: 27089
Epoch: [75] Total time: 0:00:07 (0.4854 s / it)
train step
Test:  [0/1]  eta: 0:00:00  loss: 1466.0032 (1466.0032)  geo_km: 182.1982 (182.1982)  time: 0.6160 (0.6160 -- 0.6160)  data: 0.5444 (0.5444 -- 0.5444)  max mem: 27089
Test: Total time: 0:00:00 (0.6164 s / it)
Test:  [0/1]  eta: 0:00:00  loss: 1165.5105 (1165.5105)  geo_km: 165.0306 (165.0306)  time: 0.7371 (0.7371 -- 0.7371)  data: 0.6512 (0.6512 -- 0.6512)  max mem: 27089
Test: Total time: 0:00:00 (0.7376 s / it)
eval step
start epoch76
Epoch: [76]  [ 0/15]  eta: 0:00:17  lr: 0.000444  loss: 774.9043 (774.9043)  time: 1.1832 (1.1832 -- 1.1832)  data: 0.9802 (0.9802 -- 0.9802)  max mem: 27089
Epoch: [76]  [14/15]  eta: 0:00:00  lr: 0.000443  loss: 684.2910 (649.6089)  time: 0.4845 (0.3781 -- 1.1832)  data: 0.0655 (0.0001 -- 0.9802)  max mem: 27089
Epoch: [76] Total time: 0:00:07 (0.4846 s / it)
train step
Test:  [0/1]  eta: 0:00:00  loss: 905.2062 (905.2062)  geo_km: 134.9689 (134.9690)  time: 0.6152 (0.6152 -- 0.6152)  data: 0.5439 (0.5439 -- 0.5439)  max mem: 27089
Test: Total time: 0:00:00 (0.6156 s / it)
Test:  [0/1]  eta: 0:00:00  loss: 773.2422 (773.2422)  geo_km: 130.6108 (130.6108)  time: 0.7341 (0.7341 -- 0.7341)  data: 0.6484 (0.6484 -- 0.6484)  max mem: 27089
Test: Total time: 0:00:00 (0.7346 s / it)
eval step
start epoch77
Epoch: [77]  [ 0/15]  eta: 0:00:17  lr: 0.000443  loss: 683.2407 (683.2407)  time: 1.1758 (1.1758 -- 1.1758)  data: 0.9814 (0.9814 -- 0.9814)  max mem: 27089
Epoch: [77]  [14/15]  eta: 0:00:00  lr: 0.000441  loss: 470.4360 (505.7320)  time: 0.4762 (0.3779 -- 1.1758)  data: 0.0656 (0.0001 -- 0.9814)  max mem: 27089
Epoch: [77] Total time: 0:00:07 (0.4763 s / it)
train step
Test:  [0/1]  eta: 0:00:00  loss: 674.2101 (674.2101)  geo_km: 128.6333 (128.6333)  time: 0.6164 (0.6164 -- 0.6164)  data: 0.5453 (0.5453 -- 0.5453)  max mem: 27089
Test: Total time: 0:00:00 (0.6168 s / it)
Test:  [0/1]  eta: 0:00:00  loss: 967.4506 (967.4506)  geo_km: 142.1832 (142.1832)  time: 0.7394 (0.7394 -- 0.7394)  data: 0.6533 (0.6533 -- 0.6533)  max mem: 27089
Test: Total time: 0:00:00 (0.7398 s / it)
eval step
[INFO] Best checkpoint saved at /leonardo/home/userexternal/ddarmien/Demetra/moduli/videomae/output/checkpoint-tracking-best.pth
start epoch78
Epoch: [78]  [ 0/15]  eta: 0:00:18  lr: 0.000441  loss: 614.0962 (614.0962)  time: 1.2495 (1.2495 -- 1.2495)  data: 1.0529 (1.0529 -- 1.0529)  max mem: 27089
Epoch: [78]  [14/15]  eta: 0:00:00  lr: 0.000440  loss: 614.0962 (606.2406)  time: 0.4416 (0.3723 -- 1.2495)  data: 0.0719 (0.0001 -- 1.0529)  max mem: 27089
Epoch: [78] Total time: 0:00:06 (0.4416 s / it)
train step
Test:  [0/1]  eta: 0:00:00  loss: 1293.3563 (1293.3563)  geo_km: 178.2882 (178.2882)  time: 0.6055 (0.6055 -- 0.6055)  data: 0.5343 (0.5343 -- 0.5343)  max mem: 27089
Test: Total time: 0:00:00 (0.6060 s / it)
Test:  [0/1]  eta: 0:00:00  loss: 996.4167 (996.4167)  geo_km: 143.8569 (143.8569)  time: 0.7321 (0.7321 -- 0.7321)  data: 0.6462 (0.6462 -- 0.6462)  max mem: 27089
Test: Total time: 0:00:00 (0.7325 s / it)
eval step
start epoch79
Epoch: [79]  [ 0/15]  eta: 0:00:18  lr: 0.000440  loss: 872.9727 (872.9727)  time: 1.2422 (1.2422 -- 1.2422)  data: 1.0470 (1.0470 -- 1.0470)  max mem: 27089
Epoch: [79]  [14/15]  eta: 0:00:00  lr: 0.000438  loss: 546.2285 (573.1071)  time: 0.4784 (0.3774 -- 1.2422)  data: 0.0699 (0.0001 -- 1.0470)  max mem: 27089
Epoch: [79] Total time: 0:00:07 (0.4785 s / it)
train step
Test:  [0/1]  eta: 0:00:00  loss: 787.2375 (787.2375)  geo_km: 147.0618 (147.0618)  time: 0.6092 (0.6092 -- 0.6092)  data: 0.5381 (0.5381 -- 0.5381)  max mem: 27089
Test: Total time: 0:00:00 (0.6096 s / it)
Test:  [0/1]  eta: 0:00:00  loss: 984.1484 (984.1484)  geo_km: 151.2336 (151.2336)  time: 0.7244 (0.7244 -- 0.7244)  data: 0.6388 (0.6388 -- 0.6388)  max mem: 27089
Test: Total time: 0:00:00 (0.7249 s / it)
eval step
start epoch80
Epoch: [80]  [ 0/15]  eta: 0:00:17  lr: 0.000438  loss: 706.6946 (706.6946)  time: 1.1689 (1.1689 -- 1.1689)  data: 0.9746 (0.9746 -- 0.9746)  max mem: 27089
Epoch: [80]  [14/15]  eta: 0:00:00  lr: 0.000437  loss: 536.9927 (560.1619)  time: 0.4855 (0.3779 -- 1.1689)  data: 0.0652 (0.0001 -- 0.9746)  max mem: 27089
Epoch: [80] Total time: 0:00:07 (0.4855 s / it)
train step
Test:  [0/1]  eta: 0:00:00  loss: 1196.7688 (1196.7688)  geo_km: 167.1632 (167.1632)  time: 0.6066 (0.6066 -- 0.6066)  data: 0.5355 (0.5355 -- 0.5355)  max mem: 27089
Test: Total time: 0:00:00 (0.6070 s / it)
Test:  [0/1]  eta: 0:00:00  loss: 936.1875 (936.1875)  geo_km: 134.9792 (134.9792)  time: 0.7388 (0.7388 -- 0.7388)  data: 0.6518 (0.6518 -- 0.6518)  max mem: 27089
Test: Total time: 0:00:00 (0.7392 s / it)
eval step
start epoch81
Epoch: [81]  [ 0/15]  eta: 0:00:18  lr: 0.000436  loss: 472.8657 (472.8657)  time: 1.2534 (1.2534 -- 1.2534)  data: 1.0538 (1.0538 -- 1.0538)  max mem: 27089
Epoch: [81]  [14/15]  eta: 0:00:00  lr: 0.000435  loss: 452.0342 (455.1977)  time: 0.4752 (0.3775 -- 1.2534)  data: 0.0704 (0.0001 -- 1.0538)  max mem: 27089
Epoch: [81] Total time: 0:00:07 (0.4753 s / it)
train step
Test:  [0/1]  eta: 0:00:00  loss: 1304.0406 (1304.0406)  geo_km: 170.2625 (170.2625)  time: 0.6144 (0.6144 -- 0.6144)  data: 0.5433 (0.5433 -- 0.5433)  max mem: 27089
Test: Total time: 0:00:00 (0.6148 s / it)
Test:  [0/1]  eta: 0:00:00  loss: 1121.8750 (1121.8750)  geo_km: 150.9624 (150.9624)  time: 0.7425 (0.7425 -- 0.7425)  data: 0.6558 (0.6558 -- 0.6558)  max mem: 27089
Test: Total time: 0:00:00 (0.7429 s / it)
eval step
start epoch82
Epoch: [82]  [ 0/15]  eta: 0:00:20  lr: 0.000435  loss: 523.8032 (523.8032)  time: 1.3693 (1.3693 -- 1.3693)  data: 1.1764 (1.1764 -- 1.1764)  max mem: 27089
Epoch: [82]  [14/15]  eta: 0:00:00  lr: 0.000433  loss: 816.7690 (870.9462)  time: 0.4735 (0.3778 -- 1.3693)  data: 0.0785 (0.0001 -- 1.1764)  max mem: 27089
Epoch: [82] Total time: 0:00:07 (0.4736 s / it)
train step
Test:  [0/1]  eta: 0:00:00  loss: 1334.9664 (1334.9664)  geo_km: 188.4208 (188.4208)  time: 0.6123 (0.6123 -- 0.6123)  data: 0.5413 (0.5413 -- 0.5413)  max mem: 27089
Test: Total time: 0:00:00 (0.6128 s / it)
Test:  [0/1]  eta: 0:00:00  loss: 1178.3984 (1178.3984)  geo_km: 165.8452 (165.8452)  time: 0.7355 (0.7355 -- 0.7355)  data: 0.6497 (0.6497 -- 0.6497)  max mem: 27089
Test: Total time: 0:00:00 (0.7359 s / it)
eval step
start epoch83
Epoch: [83]  [ 0/15]  eta: 0:00:17  lr: 0.000433  loss: 703.3770 (703.3770)  time: 1.1796 (1.1796 -- 1.1796)  data: 0.9845 (0.9845 -- 0.9845)  max mem: 27089
Epoch: [83]  [14/15]  eta: 0:00:00  lr: 0.000432  loss: 680.2715 (717.0189)  time: 0.4755 (0.3702 -- 1.1796)  data: 0.0712 (0.0001 -- 0.9845)  max mem: 27089
Epoch: [83] Total time: 0:00:07 (0.4756 s / it)
train step
Test:  [0/1]  eta: 0:00:00  loss: 845.2726 (845.2726)  geo_km: 145.2080 (145.2080)  time: 0.6158 (0.6158 -- 0.6158)  data: 0.5447 (0.5447 -- 0.5447)  max mem: 27089
Test: Total time: 0:00:00 (0.6162 s / it)
Test:  [0/1]  eta: 0:00:00  loss: 1263.9271 (1263.9271)  geo_km: 156.6500 (156.6500)  time: 0.7476 (0.7476 -- 0.7476)  data: 0.6618 (0.6618 -- 0.6618)  max mem: 27089
Test: Total time: 0:00:00 (0.7481 s / it)
eval step
start epoch84
Epoch: [84]  [ 0/15]  eta: 0:00:17  lr: 0.000432  loss: 422.5410 (422.5410)  time: 1.1887 (1.1887 -- 1.1887)  data: 0.9944 (0.9944 -- 0.9944)  max mem: 27089
Epoch: [84]  [14/15]  eta: 0:00:00  lr: 0.000430  loss: 537.3965 (565.8661)  time: 0.4790 (0.3777 -- 1.1887)  data: 0.0733 (0.0001 -- 0.9944)  max mem: 27089
Epoch: [84] Total time: 0:00:07 (0.4791 s / it)
train step
Test:  [0/1]  eta: 0:00:00  loss: 1335.8782 (1335.8782)  geo_km: 176.6409 (176.6409)  time: 0.6138 (0.6138 -- 0.6138)  data: 0.5428 (0.5428 -- 0.5428)  max mem: 27089
Test: Total time: 0:00:00 (0.6143 s / it)
Test:  [0/1]  eta: 0:00:00  loss: 2070.2605 (2070.2605)  geo_km: 180.3534 (180.3534)  time: 0.7378 (0.7378 -- 0.7378)  data: 0.6517 (0.6517 -- 0.6517)  max mem: 27089
Test: Total time: 0:00:00 (0.7383 s / it)
eval step
start epoch85
Epoch: [85]  [ 0/15]  eta: 0:00:17  lr: 0.000430  loss: 450.1816 (450.1816)  time: 1.1893 (1.1893 -- 1.1893)  data: 0.9874 (0.9874 -- 0.9874)  max mem: 27089
Epoch: [85]  [14/15]  eta: 0:00:00  lr: 0.000428  loss: 537.8926 (568.2097)  time: 0.4811 (0.3782 -- 1.1893)  data: 0.0660 (0.0001 -- 0.9874)  max mem: 27089
Epoch: [85] Total time: 0:00:07 (0.4811 s / it)
train step
Test:  [0/1]  eta: 0:00:00  loss: 890.8625 (890.8625)  geo_km: 143.0675 (143.0675)  time: 0.6119 (0.6119 -- 0.6119)  data: 0.5408 (0.5408 -- 0.5408)  max mem: 27089
Test: Total time: 0:00:00 (0.6123 s / it)
Test:  [0/1]  eta: 0:00:00  loss: 1124.5730 (1124.5730)  geo_km: 144.6106 (144.6106)  time: 0.7332 (0.7332 -- 0.7332)  data: 0.6474 (0.6474 -- 0.6474)  max mem: 27089
Test: Total time: 0:00:00 (0.7337 s / it)
eval step
start epoch86
Epoch: [86]  [ 0/15]  eta: 0:00:20  lr: 0.000428  loss: 491.3345 (491.3345)  time: 1.3855 (1.3855 -- 1.3855)  data: 1.1944 (1.1944 -- 1.1944)  max mem: 27089
Epoch: [86]  [14/15]  eta: 0:00:00  lr: 0.000427  loss: 477.6602 (515.1408)  time: 0.4787 (0.3779 -- 1.3855)  data: 0.0798 (0.0001 -- 1.1944)  max mem: 27089
Epoch: [86] Total time: 0:00:07 (0.4788 s / it)
train step
Test:  [0/1]  eta: 0:00:00  loss: 1170.3656 (1170.3656)  geo_km: 172.7286 (172.7286)  time: 0.6148 (0.6148 -- 0.6148)  data: 0.5437 (0.5437 -- 0.5437)  max mem: 27089
Test: Total time: 0:00:00 (0.6152 s / it)
Test:  [0/1]  eta: 0:00:00  loss: 918.8359 (918.8359)  geo_km: 132.9764 (132.9764)  time: 0.7376 (0.7376 -- 0.7376)  data: 0.6515 (0.6515 -- 0.6515)  max mem: 27089
Test: Total time: 0:00:00 (0.7380 s / it)
eval step
start epoch87
Epoch: [87]  [ 0/15]  eta: 0:00:17  lr: 0.000427  loss: 634.6309 (634.6309)  time: 1.1693 (1.1693 -- 1.1693)  data: 0.9741 (0.9741 -- 0.9741)  max mem: 27089
Epoch: [87]  [14/15]  eta: 0:00:00  lr: 0.000425  loss: 472.9629 (508.3268)  time: 0.4769 (0.3774 -- 1.1693)  data: 0.0654 (0.0001 -- 0.9741)  max mem: 27089
Epoch: [87] Total time: 0:00:07 (0.4769 s / it)
train step
Test:  [0/1]  eta: 0:00:00  loss: 969.3219 (969.3219)  geo_km: 150.5309 (150.5309)  time: 0.6100 (0.6100 -- 0.6100)  data: 0.5390 (0.5390 -- 0.5390)  max mem: 27089
Test: Total time: 0:00:00 (0.6105 s / it)
Test:  [0/1]  eta: 0:00:00  loss: 890.5417 (890.5417)  geo_km: 129.9089 (129.9089)  time: 0.7312 (0.7312 -- 0.7312)  data: 0.6454 (0.6454 -- 0.6454)  max mem: 27089
Test: Total time: 0:00:00 (0.7317 s / it)
eval step
start epoch88
Epoch: [88]  [ 0/15]  eta: 0:00:19  lr: 0.000425  loss: 472.7651 (472.7651)  time: 1.3037 (1.3037 -- 1.3037)  data: 1.1091 (1.1091 -- 1.1091)  max mem: 27089
Epoch: [88]  [14/15]  eta: 0:00:00  lr: 0.000423  loss: 399.4316 (381.6975)  time: 0.4720 (0.3778 -- 1.3037)  data: 0.0741 (0.0001 -- 1.1091)  max mem: 27089
Epoch: [88] Total time: 0:00:07 (0.4721 s / it)
train step
Test:  [0/1]  eta: 0:00:00  loss: 852.8219 (852.8219)  geo_km: 143.7851 (143.7851)  time: 0.6098 (0.6098 -- 0.6098)  data: 0.5388 (0.5388 -- 0.5388)  max mem: 27089
Test: Total time: 0:00:00 (0.6103 s / it)
Test:  [0/1]  eta: 0:00:00  loss: 841.2552 (841.2552)  geo_km: 129.7711 (129.7711)  time: 0.7452 (0.7452 -- 0.7452)  data: 0.6592 (0.6592 -- 0.6592)  max mem: 27089
Test: Total time: 0:00:00 (0.7456 s / it)
eval step
start epoch89
Epoch: [89]  [ 0/15]  eta: 0:00:19  lr: 0.000423  loss: 467.3931 (467.3931)  time: 1.3037 (1.3037 -- 1.3037)  data: 1.1117 (1.1117 -- 1.1117)  max mem: 27089
Epoch: [89]  [14/15]  eta: 0:00:00  lr: 0.000422  loss: 363.7856 (384.7797)  time: 0.4744 (0.3777 -- 1.3037)  data: 0.0743 (0.0001 -- 1.1117)  max mem: 27089
Epoch: [89] Total time: 0:00:07 (0.4745 s / it)
train step
Test:  [0/1]  eta: 0:00:00  loss: 707.8375 (707.8375)  geo_km: 142.0675 (142.0675)  time: 0.6143 (0.6143 -- 0.6143)  data: 0.5433 (0.5433 -- 0.5433)  max mem: 27089
Test: Total time: 0:00:00 (0.6148 s / it)
Test:  [0/1]  eta: 0:00:00  loss: 1284.4506 (1284.4506)  geo_km: 158.6385 (158.6385)  time: 0.7467 (0.7467 -- 0.7467)  data: 0.6607 (0.6607 -- 0.6607)  max mem: 27089
Test: Total time: 0:00:00 (0.7472 s / it)
eval step
start epoch90
Epoch: [90]  [ 0/15]  eta: 0:00:19  lr: 0.000422  loss: 378.4785 (378.4785)  time: 1.2787 (1.2787 -- 1.2787)  data: 1.0566 (1.0566 -- 1.0566)  max mem: 27089
Epoch: [90]  [14/15]  eta: 0:00:00  lr: 0.000420  loss: 465.2070 (494.3935)  time: 0.4747 (0.3780 -- 1.2787)  data: 0.0707 (0.0001 -- 1.0566)  max mem: 27089
Epoch: [90] Total time: 0:00:07 (0.4747 s / it)
train step
Test:  [0/1]  eta: 0:00:00  loss: 929.8063 (929.8063)  geo_km: 141.0665 (141.0665)  time: 0.6108 (0.6108 -- 0.6108)  data: 0.5396 (0.5396 -- 0.5396)  max mem: 27089
Test: Total time: 0:00:00 (0.6112 s / it)
Test:  [0/1]  eta: 0:00:00  loss: 875.7734 (875.7734)  geo_km: 133.5095 (133.5095)  time: 0.7404 (0.7404 -- 0.7404)  data: 0.6547 (0.6547 -- 0.6547)  max mem: 27089
Test: Total time: 0:00:00 (0.7409 s / it)
eval step
start epoch91
Epoch: [91]  [ 0/15]  eta: 0:00:17  lr: 0.000420  loss: 242.5239 (242.5239)  time: 1.1772 (1.1772 -- 1.1772)  data: 0.9833 (0.9833 -- 0.9833)  max mem: 27089
Epoch: [91]  [14/15]  eta: 0:00:00  lr: 0.000418  loss: 321.2734 (361.8250)  time: 0.4769 (0.3774 -- 1.1772)  data: 0.0688 (0.0001 -- 0.9833)  max mem: 27089
Epoch: [91] Total time: 0:00:07 (0.4770 s / it)
train step
Test:  [0/1]  eta: 0:00:00  loss: 997.7719 (997.7719)  geo_km: 157.0263 (157.0263)  time: 0.6104 (0.6104 -- 0.6104)  data: 0.5393 (0.5393 -- 0.5393)  max mem: 27089
Test: Total time: 0:00:00 (0.6109 s / it)
Test:  [0/1]  eta: 0:00:00  loss: 1211.4297 (1211.4297)  geo_km: 151.0381 (151.0381)  time: 0.7378 (0.7378 -- 0.7378)  data: 0.6519 (0.6519 -- 0.6519)  max mem: 27089
Test: Total time: 0:00:00 (0.7382 s / it)
eval step
start epoch92
Epoch: [92]  [ 0/15]  eta: 0:00:18  lr: 0.000418  loss: 334.0605 (334.0605)  time: 1.2014 (1.2014 -- 1.2014)  data: 0.9887 (0.9887 -- 0.9887)  max mem: 27089
Epoch: [92]  [14/15]  eta: 0:00:00  lr: 0.000416  loss: 334.0605 (356.0961)  time: 0.4760 (0.3782 -- 1.2014)  data: 0.0687 (0.0001 -- 0.9887)  max mem: 27089
Epoch: [92] Total time: 0:00:07 (0.4760 s / it)
train step
Test:  [0/1]  eta: 0:00:00  loss: 801.3844 (801.3844)  geo_km: 136.5364 (136.5364)  time: 0.6162 (0.6162 -- 0.6162)  data: 0.5448 (0.5448 -- 0.5448)  max mem: 27089
Test: Total time: 0:00:00 (0.6166 s / it)
Test:  [0/1]  eta: 0:00:00  loss: 676.2188 (676.2188)  geo_km: 119.3817 (119.3817)  time: 0.7365 (0.7365 -- 0.7365)  data: 0.6507 (0.6507 -- 0.6507)  max mem: 27089
Test: Total time: 0:00:00 (0.7370 s / it)
eval step
start epoch93
Epoch: [93]  [ 0/15]  eta: 0:00:18  lr: 0.000416  loss: 514.1465 (514.1465)  time: 1.2431 (1.2431 -- 1.2431)  data: 1.0437 (1.0437 -- 1.0437)  max mem: 27089
Epoch: [93]  [14/15]  eta: 0:00:00  lr: 0.000415  loss: 377.0039 (389.9982)  time: 0.4858 (0.3777 -- 1.2431)  data: 0.0698 (0.0001 -- 1.0437)  max mem: 27089
Epoch: [93] Total time: 0:00:07 (0.4859 s / it)
train step
Test:  [0/1]  eta: 0:00:00  loss: 631.3312 (631.3312)  geo_km: 115.2052 (115.2052)  time: 0.6116 (0.6116 -- 0.6116)  data: 0.5406 (0.5406 -- 0.5406)  max mem: 27089
Test: Total time: 0:00:00 (0.6121 s / it)
Test:  [0/1]  eta: 0:00:00  loss: 857.9401 (857.9401)  geo_km: 126.2847 (126.2847)  time: 0.7346 (0.7346 -- 0.7346)  data: 0.6489 (0.6489 -- 0.6489)  max mem: 27089
Test: Total time: 0:00:00 (0.7351 s / it)
eval step
[INFO] Best checkpoint saved at /leonardo/home/userexternal/ddarmien/Demetra/moduli/videomae/output/checkpoint-tracking-best.pth
start epoch94
Epoch: [94]  [ 0/15]  eta: 0:00:20  lr: 0.000415  loss: 300.7930 (300.7930)  time: 1.3688 (1.3688 -- 1.3688)  data: 1.1651 (1.1651 -- 1.1651)  max mem: 27089
Epoch: [94]  [14/15]  eta: 0:00:00  lr: 0.000413  loss: 303.7090 (331.1979)  time: 0.4476 (0.3774 -- 1.3688)  data: 0.0829 (0.0001 -- 1.1651)  max mem: 27089
Epoch: [94] Total time: 0:00:06 (0.4477 s / it)
train step
Test:  [0/1]  eta: 0:00:00  loss: 1144.5219 (1144.5219)  geo_km: 160.4152 (160.4152)  time: 0.6084 (0.6084 -- 0.6084)  data: 0.5374 (0.5374 -- 0.5374)  max mem: 27089
Test: Total time: 0:00:00 (0.6088 s / it)
Test:  [0/1]  eta: 0:00:00  loss: 1838.9297 (1838.9297)  geo_km: 169.3320 (169.3320)  time: 0.7308 (0.7308 -- 0.7308)  data: 0.6449 (0.6449 -- 0.6449)  max mem: 27089
Test: Total time: 0:00:00 (0.7312 s / it)
eval step
start epoch95
Epoch: [95]  [ 0/15]  eta: 0:00:17  lr: 0.000413  loss: 667.9473 (667.9473)  time: 1.1879 (1.1879 -- 1.1879)  data: 0.9849 (0.9849 -- 0.9849)  max mem: 27089
Epoch: [95]  [14/15]  eta: 0:00:00  lr: 0.000411  loss: 359.5352 (368.7248)  time: 0.4810 (0.3777 -- 1.1879)  data: 0.0658 (0.0001 -- 0.9849)  max mem: 27089
Epoch: [95] Total time: 0:00:07 (0.4811 s / it)
train step
Test:  [0/1]  eta: 0:00:00  loss: 1160.6321 (1160.6321)  geo_km: 168.2418 (168.2418)  time: 0.6133 (0.6133 -- 0.6133)  data: 0.5421 (0.5421 -- 0.5421)  max mem: 27089
Test: Total time: 0:00:00 (0.6137 s / it)
Test:  [0/1]  eta: 0:00:00  loss: 1027.0834 (1027.0834)  geo_km: 132.9726 (132.9726)  time: 0.7331 (0.7331 -- 0.7331)  data: 0.6469 (0.6469 -- 0.6469)  max mem: 27089
Test: Total time: 0:00:00 (0.7335 s / it)
eval step
start epoch96
Epoch: [96]  [ 0/15]  eta: 0:00:18  lr: 0.000411  loss: 458.5527 (458.5527)  time: 1.2473 (1.2473 -- 1.2473)  data: 1.0543 (1.0543 -- 1.0543)  max mem: 27089
Epoch: [96]  [14/15]  eta: 0:00:00  lr: 0.000409  loss: 315.8442 (355.6364)  time: 0.4691 (0.3773 -- 1.2473)  data: 0.0713 (0.0001 -- 1.0543)  max mem: 27089
Epoch: [96] Total time: 0:00:07 (0.4692 s / it)
train step
Test:  [0/1]  eta: 0:00:00  loss: 1113.0914 (1113.0914)  geo_km: 167.4274 (167.4274)  time: 0.6091 (0.6091 -- 0.6091)  data: 0.5378 (0.5378 -- 0.5378)  max mem: 27089
Test: Total time: 0:00:00 (0.6095 s / it)
Test:  [0/1]  eta: 0:00:00  loss: 1625.4506 (1625.4506)  geo_km: 157.2589 (157.2589)  time: 0.7295 (0.7295 -- 0.7295)  data: 0.6437 (0.6437 -- 0.6437)  max mem: 27089
Test: Total time: 0:00:00 (0.7300 s / it)
eval step
start epoch97
Epoch: [97]  [ 0/15]  eta: 0:00:17  lr: 0.000409  loss: 292.1875 (292.1875)  time: 1.1567 (1.1567 -- 1.1567)  data: 0.9592 (0.9592 -- 0.9592)  max mem: 27089
Epoch: [97]  [14/15]  eta: 0:00:00  lr: 0.000408  loss: 292.1875 (321.0159)  time: 0.4696 (0.3773 -- 1.1567)  data: 0.0641 (0.0001 -- 0.9592)  max mem: 27089
Epoch: [97] Total time: 0:00:07 (0.4697 s / it)
train step
Test:  [0/1]  eta: 0:00:00  loss: 895.1821 (895.1821)  geo_km: 147.6900 (147.6900)  time: 0.6121 (0.6121 -- 0.6121)  data: 0.5409 (0.5409 -- 0.5409)  max mem: 27089
Test: Total time: 0:00:00 (0.6126 s / it)
Test:  [0/1]  eta: 0:00:00  loss: 1232.4792 (1232.4792)  geo_km: 134.4996 (134.4996)  time: 0.7434 (0.7434 -- 0.7434)  data: 0.6568 (0.6568 -- 0.6568)  max mem: 27089
Test: Total time: 0:00:00 (0.7439 s / it)
eval step
start epoch98
Epoch: [98]  [ 0/15]  eta: 0:00:17  lr: 0.000407  loss: 356.6621 (356.6621)  time: 1.1579 (1.1579 -- 1.1579)  data: 0.9649 (0.9649 -- 0.9649)  max mem: 27089
Epoch: [98]  [14/15]  eta: 0:00:00  lr: 0.000406  loss: 378.2930 (403.9437)  time: 0.4835 (0.3775 -- 1.1579)  data: 0.0696 (0.0001 -- 0.9649)  max mem: 27089
Epoch: [98] Total time: 0:00:07 (0.4836 s / it)
train step
Test:  [0/1]  eta: 0:00:00  loss: 1215.8187 (1215.8187)  geo_km: 166.2713 (166.2713)  time: 0.6096 (0.6096 -- 0.6096)  data: 0.5386 (0.5386 -- 0.5386)  max mem: 27089
Test: Total time: 0:00:00 (0.6101 s / it)
Test:  [0/1]  eta: 0:00:00  loss: 890.1146 (890.1146)  geo_km: 129.4650 (129.4650)  time: 0.7397 (0.7397 -- 0.7397)  data: 0.6537 (0.6537 -- 0.6537)  max mem: 27089
Test: Total time: 0:00:00 (0.7402 s / it)
eval step
start epoch99
Epoch: [99]  [ 0/15]  eta: 0:00:17  lr: 0.000406  loss: 347.3223 (347.3223)  time: 1.1800 (1.1800 -- 1.1800)  data: 0.9850 (0.9850 -- 0.9850)  max mem: 27089
Epoch: [99]  [14/15]  eta: 0:00:00  lr: 0.000404  loss: 419.0039 (456.0677)  time: 0.4732 (0.3774 -- 1.1800)  data: 0.0715 (0.0001 -- 0.9850)  max mem: 27089
Epoch: [99] Total time: 0:00:07 (0.4733 s / it)
train step
Test:  [0/1]  eta: 0:00:00  loss: 777.1344 (777.1344)  geo_km: 149.4974 (149.4974)  time: 0.6110 (0.6110 -- 0.6110)  data: 0.5399 (0.5399 -- 0.5399)  max mem: 27089
Test: Total time: 0:00:00 (0.6114 s / it)
Test:  [0/1]  eta: 0:00:00  loss: 1331.0938 (1331.0938)  geo_km: 175.3747 (175.3747)  time: 0.7384 (0.7384 -- 0.7384)  data: 0.6527 (0.6527 -- 0.6527)  max mem: 27089
Test: Total time: 0:00:00 (0.7389 s / it)
eval step
start epoch100
Epoch: [100]  [ 0/15]  eta: 0:00:17  lr: 0.000404  loss: 679.2603 (679.2603)  time: 1.1373 (1.1373 -- 1.1373)  data: 0.9435 (0.9435 -- 0.9435)  max mem: 27089
Epoch: [100]  [14/15]  eta: 0:00:00  lr: 0.000402  loss: 738.0352 (682.2267)  time: 0.4794 (0.3777 -- 1.1373)  data: 0.0676 (0.0001 -- 0.9435)  max mem: 27089
Epoch: [100] Total time: 0:00:07 (0.4795 s / it)
train step
Test:  [0/1]  eta: 0:00:00  loss: 1216.9219 (1216.9219)  geo_km: 168.5574 (168.5574)  time: 0.6142 (0.6142 -- 0.6142)  data: 0.5430 (0.5430 -- 0.5430)  max mem: 27089
Test: Total time: 0:00:00 (0.6147 s / it)
Test:  [0/1]  eta: 0:00:00  loss: 928.6250 (928.6250)  geo_km: 138.9299 (138.9299)  time: 0.7302 (0.7302 -- 0.7302)  data: 0.6444 (0.6444 -- 0.6444)  max mem: 27089
Test: Total time: 0:00:00 (0.7306 s / it)
eval step
start epoch101
Epoch: [101]  [ 0/15]  eta: 0:00:17  lr: 0.000402  loss: 482.4785 (482.4785)  time: 1.1880 (1.1880 -- 1.1880)  data: 0.9855 (0.9855 -- 0.9855)  max mem: 27089
Epoch: [101]  [14/15]  eta: 0:00:00  lr: 0.000400  loss: 496.5913 (512.0662)  time: 0.4765 (0.3774 -- 1.1880)  data: 0.0659 (0.0001 -- 0.9855)  max mem: 27089
Epoch: [101] Total time: 0:00:07 (0.4766 s / it)
train step
Test:  [0/1]  eta: 0:00:00  loss: 864.3219 (864.3219)  geo_km: 142.8888 (142.8888)  time: 0.6067 (0.6067 -- 0.6067)  data: 0.5356 (0.5356 -- 0.5356)  max mem: 27089
Test: Total time: 0:00:00 (0.6071 s / it)
Test:  [0/1]  eta: 0:00:00  loss: 814.6693 (814.6693)  geo_km: 132.7343 (132.7342)  time: 0.7444 (0.7444 -- 0.7444)  data: 0.6584 (0.6584 -- 0.6584)  max mem: 27089
Test: Total time: 0:00:00 (0.7449 s / it)
eval step
start epoch102
Epoch: [102]  [ 0/15]  eta: 0:00:17  lr: 0.000400  loss: 612.0625 (612.0625)  time: 1.1863 (1.1863 -- 1.1863)  data: 0.9819 (0.9819 -- 0.9819)  max mem: 27089
Epoch: [102]  [14/15]  eta: 0:00:00  lr: 0.000398  loss: 460.7993 (487.2014)  time: 0.4782 (0.3776 -- 1.1863)  data: 0.0673 (0.0001 -- 0.9819)  max mem: 27089
Epoch: [102] Total time: 0:00:07 (0.4783 s / it)
train step
Test:  [0/1]  eta: 0:00:00  loss: 1201.9352 (1201.9352)  geo_km: 177.8266 (177.8266)  time: 0.6205 (0.6205 -- 0.6205)  data: 0.5494 (0.5494 -- 0.5494)  max mem: 27089
Test: Total time: 0:00:00 (0.6209 s / it)
Test:  [0/1]  eta: 0:00:00  loss: 973.6901 (973.6901)  geo_km: 145.0080 (145.0080)  time: 0.7394 (0.7394 -- 0.7394)  data: 0.6537 (0.6537 -- 0.6537)  max mem: 27089
Test: Total time: 0:00:00 (0.7398 s / it)
eval step
start epoch103
Epoch: [103]  [ 0/15]  eta: 0:00:20  lr: 0.000398  loss: 583.9146 (583.9146)  time: 1.3799 (1.3799 -- 1.3799)  data: 1.1882 (1.1882 -- 1.1882)  max mem: 27089
Epoch: [103]  [14/15]  eta: 0:00:00  lr: 0.000396  loss: 502.8853 (511.3523)  time: 0.4806 (0.3775 -- 1.3799)  data: 0.0793 (0.0001 -- 1.1882)  max mem: 27089
Epoch: [103] Total time: 0:00:07 (0.4807 s / it)
train step
Test:  [0/1]  eta: 0:00:00  loss: 900.7438 (900.7438)  geo_km: 152.5731 (152.5731)  time: 0.6109 (0.6109 -- 0.6109)  data: 0.5397 (0.5397 -- 0.5397)  max mem: 27089
Test: Total time: 0:00:00 (0.6113 s / it)
Test:  [0/1]  eta: 0:00:00  loss: 803.4506 (803.4506)  geo_km: 133.8889 (133.8889)  time: 0.7443 (0.7443 -- 0.7443)  data: 0.6571 (0.6571 -- 0.6571)  max mem: 27089
Test: Total time: 0:00:00 (0.7447 s / it)
eval step
start epoch104
Epoch: [104]  [ 0/15]  eta: 0:00:19  lr: 0.000396  loss: 621.2617 (621.2617)  time: 1.3288 (1.3288 -- 1.3288)  data: 1.1321 (1.1321 -- 1.1321)  max mem: 27089
Epoch: [104]  [14/15]  eta: 0:00:00  lr: 0.000394  loss: 382.5801 (409.3160)  time: 0.4734 (0.3774 -- 1.3288)  data: 0.0757 (0.0001 -- 1.1321)  max mem: 27089
Epoch: [104] Total time: 0:00:07 (0.4734 s / it)
train step
Test:  [0/1]  eta: 0:00:00  loss: 696.4469 (696.4469)  geo_km: 131.1225 (131.1225)  time: 0.6131 (0.6131 -- 0.6131)  data: 0.5420 (0.5420 -- 0.5420)  max mem: 27089
Test: Total time: 0:00:00 (0.6136 s / it)
Test:  [0/1]  eta: 0:00:00  loss: 963.0990 (963.0990)  geo_km: 135.1039 (135.1039)  time: 0.7413 (0.7413 -- 0.7413)  data: 0.6547 (0.6547 -- 0.6547)  max mem: 27089
Test: Total time: 0:00:00 (0.7418 s / it)
eval step
start epoch105
Epoch: [105]  [ 0/15]  eta: 0:00:20  lr: 0.000394  loss: 257.4492 (257.4492)  time: 1.3846 (1.3846 -- 1.3846)  data: 1.1947 (1.1947 -- 1.1947)  max mem: 27089
Epoch: [105]  [14/15]  eta: 0:00:00  lr: 0.000393  loss: 344.8164 (346.1824)  time: 0.4777 (0.3775 -- 1.3846)  data: 0.0798 (0.0001 -- 1.1947)  max mem: 27089
Epoch: [105] Total time: 0:00:07 (0.4778 s / it)
train step
Test:  [0/1]  eta: 0:00:00  loss: 1226.8851 (1226.8851)  geo_km: 169.2082 (169.2082)  time: 0.6114 (0.6114 -- 0.6114)  data: 0.5404 (0.5404 -- 0.5404)  max mem: 27089
Test: Total time: 0:00:00 (0.6119 s / it)
Test:  [0/1]  eta: 0:00:00  loss: 687.3256 (687.3256)  geo_km: 116.6475 (116.6475)  time: 0.7382 (0.7382 -- 0.7382)  data: 0.6520 (0.6520 -- 0.6520)  max mem: 27089
Test: Total time: 0:00:00 (0.7386 s / it)
eval step
start epoch106
Epoch: [106]  [ 0/15]  eta: 0:00:19  lr: 0.000392  loss: 431.8828 (431.8828)  time: 1.3295 (1.3295 -- 1.3295)  data: 1.1145 (1.1145 -- 1.1145)  max mem: 27089
Epoch: [106]  [14/15]  eta: 0:00:00  lr: 0.000391  loss: 413.7178 (433.5058)  time: 0.4759 (0.3775 -- 1.3295)  data: 0.0745 (0.0001 -- 1.1145)  max mem: 27089
Epoch: [106] Total time: 0:00:07 (0.4759 s / it)
train step
Test:  [0/1]  eta: 0:00:00  loss: 699.6719 (699.6719)  geo_km: 132.0112 (132.0112)  time: 0.6095 (0.6095 -- 0.6095)  data: 0.5385 (0.5385 -- 0.5385)  max mem: 27089
Test: Total time: 0:00:00 (0.6100 s / it)
Test:  [0/1]  eta: 0:00:00  loss: 835.5209 (835.5209)  geo_km: 136.8169 (136.8169)  time: 0.7379 (0.7379 -- 0.7379)  data: 0.6521 (0.6521 -- 0.6521)  max mem: 27089
Test: Total time: 0:00:00 (0.7384 s / it)
eval step
[INFO] Best checkpoint saved at /leonardo/home/userexternal/ddarmien/Demetra/moduli/videomae/output/checkpoint-tracking-best.pth
start epoch107
Epoch: [107]  [ 0/15]  eta: 0:00:18  lr: 0.000390  loss: 402.4399 (402.4399)  time: 1.2619 (1.2619 -- 1.2619)  data: 1.0549 (1.0549 -- 1.0549)  max mem: 27089
Epoch: [107]  [14/15]  eta: 0:00:00  lr: 0.000389  loss: 570.8008 (660.1390)  time: 0.4418 (0.3770 -- 1.2619)  data: 0.0760 (0.0001 -- 1.0549)  max mem: 27089
Epoch: [107] Total time: 0:00:06 (0.4419 s / it)
train step
Test:  [0/1]  eta: 0:00:00  loss: 890.1633 (890.1633)  geo_km: 159.5717 (159.5716)  time: 0.6132 (0.6132 -- 0.6132)  data: 0.5420 (0.5420 -- 0.5420)  max mem: 27089
Test: Total time: 0:00:00 (0.6136 s / it)
Test:  [0/1]  eta: 0:00:00  loss: 1226.0312 (1226.0312)  geo_km: 177.1831 (177.1831)  time: 0.7358 (0.7358 -- 0.7358)  data: 0.6499 (0.6499 -- 0.6499)  max mem: 27089
Test: Total time: 0:00:00 (0.7363 s / it)
eval step
start epoch108
Epoch: [108]  [ 0/15]  eta: 0:00:20  lr: 0.000389  loss: 660.6973 (660.6973)  time: 1.3836 (1.3836 -- 1.3836)  data: 1.1779 (1.1779 -- 1.1779)  max mem: 27089
Epoch: [108]  [14/15]  eta: 0:00:00  lr: 0.000387  loss: 669.7305 (676.9013)  time: 0.4776 (0.3771 -- 1.3836)  data: 0.0788 (0.0001 -- 1.1779)  max mem: 27089
Epoch: [108] Total time: 0:00:07 (0.4777 s / it)
train step
Test:  [0/1]  eta: 0:00:00  loss: 979.4344 (979.4344)  geo_km: 153.3820 (153.3820)  time: 0.6057 (0.6057 -- 0.6057)  data: 0.5346 (0.5346 -- 0.5346)  max mem: 27089
Test: Total time: 0:00:00 (0.6061 s / it)
Test:  [0/1]  eta: 0:00:00  loss: 887.2240 (887.2240)  geo_km: 135.4995 (135.4995)  time: 0.7310 (0.7310 -- 0.7310)  data: 0.6452 (0.6452 -- 0.6452)  max mem: 27089
Test: Total time: 0:00:00 (0.7314 s / it)
eval step
start epoch109
Epoch: [109]  [ 0/15]  eta: 0:00:17  lr: 0.000387  loss: 885.3418 (885.3418)  time: 1.1789 (1.1789 -- 1.1789)  data: 0.9846 (0.9846 -- 0.9846)  max mem: 27089
Epoch: [109]  [14/15]  eta: 0:00:00  lr: 0.000385  loss: 513.4102 (649.6272)  time: 0.4730 (0.3775 -- 1.1789)  data: 0.0712 (0.0001 -- 0.9846)  max mem: 27089
Epoch: [109] Total time: 0:00:07 (0.4731 s / it)
train step
Test:  [0/1]  eta: 0:00:00  loss: 2304.4250 (2304.4250)  geo_km: 236.4034 (236.4034)  time: 0.6089 (0.6089 -- 0.6089)  data: 0.5379 (0.5379 -- 0.5379)  max mem: 27089
Test: Total time: 0:00:00 (0.6093 s / it)
Test:  [0/1]  eta: 0:00:00  loss: 1606.8021 (1606.8021)  geo_km: 179.4014 (179.4014)  time: 0.7333 (0.7333 -- 0.7333)  data: 0.6473 (0.6473 -- 0.6473)  max mem: 27089
Test: Total time: 0:00:00 (0.7337 s / it)
eval step
start epoch110
Epoch: [110]  [ 0/15]  eta: 0:00:19  lr: 0.000385  loss: 1301.9453 (1301.9453)  time: 1.2855 (1.2855 -- 1.2855)  data: 1.0771 (1.0771 -- 1.0771)  max mem: 27089
Epoch: [110]  [14/15]  eta: 0:00:00  lr: 0.000383  loss: 1186.1602 (1111.7500)  time: 0.4661 (0.3769 -- 1.2855)  data: 0.0720 (0.0001 -- 1.0771)  max mem: 27089
Epoch: [110] Total time: 0:00:06 (0.4662 s / it)
train step
Test:  [0/1]  eta: 0:00:00  loss: 1166.3031 (1166.3031)  geo_km: 170.5983 (170.5983)  time: 0.6137 (0.6137 -- 0.6137)  data: 0.5427 (0.5427 -- 0.5427)  max mem: 27089
Test: Total time: 0:00:00 (0.6141 s / it)
Test:  [0/1]  eta: 0:00:00  loss: 1614.0209 (1614.0209)  geo_km: 192.8239 (192.8238)  time: 0.7420 (0.7420 -- 0.7420)  data: 0.6562 (0.6562 -- 0.6562)  max mem: 27089
Test: Total time: 0:00:00 (0.7424 s / it)
eval step
start epoch111
Epoch: [111]  [ 0/15]  eta: 0:00:21  lr: 0.000383  loss: 1367.6191 (1367.6191)  time: 1.4057 (1.4057 -- 1.4057)  data: 1.2029 (1.2029 -- 1.2029)  max mem: 27089
Epoch: [111]  [14/15]  eta: 0:00:00  lr: 0.000381  loss: 964.4238 (1003.6201)  time: 0.4796 (0.3771 -- 1.4057)  data: 0.0803 (0.0001 -- 1.2029)  max mem: 27089
Epoch: [111] Total time: 0:00:07 (0.4797 s / it)
train step
Test:  [0/1]  eta: 0:00:00  loss: 1571.0250 (1571.0250)  geo_km: 199.9758 (199.9758)  time: 0.6143 (0.6143 -- 0.6143)  data: 0.5433 (0.5433 -- 0.5433)  max mem: 27089
Test: Total time: 0:00:00 (0.6147 s / it)
Test:  [0/1]  eta: 0:00:00  loss: 1597.6355 (1597.6355)  geo_km: 187.4152 (187.4152)  time: 0.7357 (0.7357 -- 0.7357)  data: 0.6501 (0.6501 -- 0.6501)  max mem: 27089
Test: Total time: 0:00:00 (0.7362 s / it)
eval step
start epoch112
Epoch: [112]  [ 0/15]  eta: 0:00:18  lr: 0.000381  loss: 781.0020 (781.0020)  time: 1.2547 (1.2547 -- 1.2547)  data: 1.0561 (1.0561 -- 1.0561)  max mem: 27089
Epoch: [112]  [14/15]  eta: 0:00:00  lr: 0.000379  loss: 494.2461 (523.1340)  time: 0.4808 (0.3769 -- 1.2547)  data: 0.0705 (0.0001 -- 1.0561)  max mem: 27089
Epoch: [112] Total time: 0:00:07 (0.4809 s / it)
train step
Test:  [0/1]  eta: 0:00:00  loss: 971.8469 (971.8469)  geo_km: 153.8823 (153.8823)  time: 0.6153 (0.6153 -- 0.6153)  data: 0.5442 (0.5442 -- 0.5442)  max mem: 27089
Test: Total time: 0:00:00 (0.6157 s / it)
Test:  [0/1]  eta: 0:00:00  loss: 844.5521 (844.5521)  geo_km: 130.6330 (130.6330)  time: 0.7423 (0.7423 -- 0.7423)  data: 0.6560 (0.6560 -- 0.6560)  max mem: 27089
Test: Total time: 0:00:00 (0.7428 s / it)
eval step
start epoch113
Epoch: [113]  [ 0/15]  eta: 0:00:18  lr: 0.000379  loss: 693.3105 (693.3105)  time: 1.2514 (1.2514 -- 1.2514)  data: 1.0460 (1.0460 -- 1.0460)  max mem: 27089
Epoch: [113]  [14/15]  eta: 0:00:00  lr: 0.000377  loss: 477.6113 (475.5049)  time: 0.4818 (0.3774 -- 1.2514)  data: 0.0699 (0.0001 -- 1.0460)  max mem: 27089
Epoch: [113] Total time: 0:00:07 (0.4819 s / it)
train step
Test:  [0/1]  eta: 0:00:00  loss: 1134.4032 (1134.4032)  geo_km: 162.2665 (162.2665)  time: 0.6126 (0.6126 -- 0.6126)  data: 0.5415 (0.5415 -- 0.5415)  max mem: 27089
Test: Total time: 0:00:00 (0.6130 s / it)
Test:  [0/1]  eta: 0:00:00  loss: 895.4688 (895.4688)  geo_km: 135.9865 (135.9865)  time: 0.7350 (0.7350 -- 0.7350)  data: 0.6494 (0.6494 -- 0.6494)  max mem: 27089
Test: Total time: 0:00:00 (0.7355 s / it)
eval step
start epoch114
Epoch: [114]  [ 0/15]  eta: 0:00:17  lr: 0.000377  loss: 607.5605 (607.5605)  time: 1.1795 (1.1795 -- 1.1795)  data: 0.9766 (0.9766 -- 0.9766)  max mem: 27089
Epoch: [114]  [14/15]  eta: 0:00:00  lr: 0.000375  loss: 406.9785 (404.1389)  time: 0.4838 (0.3775 -- 1.1795)  data: 0.0654 (0.0001 -- 0.9766)  max mem: 27089
Epoch: [114] Total time: 0:00:07 (0.4839 s / it)
train step
Test:  [0/1]  eta: 0:00:00  loss: 876.0219 (876.0219)  geo_km: 151.4902 (151.4902)  time: 0.6200 (0.6200 -- 0.6200)  data: 0.5489 (0.5489 -- 0.5489)  max mem: 27089
Test: Total time: 0:00:00 (0.6204 s / it)
Test:  [0/1]  eta: 0:00:00  loss: 764.5209 (764.5209)  geo_km: 135.6795 (135.6795)  time: 0.7300 (0.7300 -- 0.7300)  data: 0.6443 (0.6443 -- 0.6443)  max mem: 27089
Test: Total time: 0:00:00 (0.7305 s / it)
eval step
start epoch115
Epoch: [115]  [ 0/15]  eta: 0:00:17  lr: 0.000375  loss: 255.3125 (255.3125)  time: 1.1953 (1.1953 -- 1.1953)  data: 0.9833 (0.9833 -- 0.9833)  max mem: 27089
Epoch: [115]  [14/15]  eta: 0:00:00  lr: 0.000373  loss: 278.8169 (281.1316)  time: 0.4766 (0.3771 -- 1.1953)  data: 0.0657 (0.0001 -- 0.9833)  max mem: 27089
Epoch: [115] Total time: 0:00:07 (0.4767 s / it)
train step
Test:  [0/1]  eta: 0:00:00  loss: 847.8664 (847.8664)  geo_km: 140.5848 (140.5848)  time: 0.6138 (0.6138 -- 0.6138)  data: 0.5427 (0.5427 -- 0.5427)  max mem: 27089
Test: Total time: 0:00:00 (0.6143 s / it)
Test:  [0/1]  eta: 0:00:00  loss: 678.9297 (678.9297)  geo_km: 120.5181 (120.5181)  time: 0.7395 (0.7395 -- 0.7395)  data: 0.6538 (0.6538 -- 0.6538)  max mem: 27089
Test: Total time: 0:00:00 (0.7399 s / it)
eval step
start epoch116
Epoch: [116]  [ 0/15]  eta: 0:00:20  lr: 0.000373  loss: 136.9336 (136.9336)  time: 1.3645 (1.3645 -- 1.3645)  data: 1.1738 (1.1738 -- 1.1738)  max mem: 27089
Epoch: [116]  [14/15]  eta: 0:00:00  lr: 0.000371  loss: 325.9786 (321.4825)  time: 0.4791 (0.3770 -- 1.3645)  data: 0.0784 (0.0001 -- 1.1738)  max mem: 27089
Epoch: [116] Total time: 0:00:07 (0.4791 s / it)
train step
Test:  [0/1]  eta: 0:00:00  loss: 1299.6656 (1299.6656)  geo_km: 171.8969 (171.8969)  time: 0.6151 (0.6151 -- 0.6151)  data: 0.5440 (0.5440 -- 0.5440)  max mem: 27089
Test: Total time: 0:00:00 (0.6155 s / it)
Test:  [0/1]  eta: 0:00:00  loss: 849.0104 (849.0104)  geo_km: 121.7253 (121.7253)  time: 0.7402 (0.7402 -- 0.7402)  data: 0.6546 (0.6546 -- 0.6546)  max mem: 27089
Test: Total time: 0:00:00 (0.7407 s / it)
eval step
start epoch117
Epoch: [117]  [ 0/15]  eta: 0:00:18  lr: 0.000371  loss: 409.8555 (409.8555)  time: 1.2572 (1.2572 -- 1.2572)  data: 1.0638 (1.0638 -- 1.0638)  max mem: 27089
Epoch: [117]  [14/15]  eta: 0:00:00  lr: 0.000369  loss: 236.3911 (266.8263)  time: 0.4739 (0.3772 -- 1.2572)  data: 0.0714 (0.0001 -- 1.0638)  max mem: 27089
Epoch: [117] Total time: 0:00:07 (0.4740 s / it)
train step
Test:  [0/1]  eta: 0:00:00  loss: 1069.8969 (1069.8969)  geo_km: 158.6350 (158.6350)  time: 0.6144 (0.6144 -- 0.6144)  data: 0.5432 (0.5432 -- 0.5432)  max mem: 27089
Test: Total time: 0:00:00 (0.6148 s / it)
Test:  [0/1]  eta: 0:00:00  loss: 849.1797 (849.1797)  geo_km: 124.5089 (124.5089)  time: 0.7370 (0.7370 -- 0.7370)  data: 0.6513 (0.6513 -- 0.6513)  max mem: 27089
Test: Total time: 0:00:00 (0.7375 s / it)
eval step
start epoch118
Epoch: [118]  [ 0/15]  eta: 0:00:20  lr: 0.000369  loss: 264.0063 (264.0063)  time: 1.3738 (1.3738 -- 1.3738)  data: 1.1803 (1.1803 -- 1.1803)  max mem: 27089
Epoch: [118]  [14/15]  eta: 0:00:00  lr: 0.000367  loss: 339.8506 (342.2083)  time: 0.4863 (0.3774 -- 1.3738)  data: 0.0788 (0.0001 -- 1.1803)  max mem: 27089
Epoch: [118] Total time: 0:00:07 (0.4864 s / it)
train step
Test:  [0/1]  eta: 0:00:00  loss: 806.1782 (806.1782)  geo_km: 144.8015 (144.8015)  time: 0.6079 (0.6079 -- 0.6079)  data: 0.5368 (0.5368 -- 0.5368)  max mem: 27089
Test: Total time: 0:00:00 (0.6084 s / it)
Test:  [0/1]  eta: 0:00:00  loss: 761.6354 (761.6354)  geo_km: 129.5363 (129.5363)  time: 0.7342 (0.7342 -- 0.7342)  data: 0.6486 (0.6486 -- 0.6486)  max mem: 27089
Test: Total time: 0:00:00 (0.7347 s / it)
eval step
start epoch119
Epoch: [119]  [ 0/15]  eta: 0:00:17  lr: 0.000367  loss: 271.2305 (271.2305)  time: 1.1729 (1.1729 -- 1.1729)  data: 0.9793 (0.9793 -- 0.9793)  max mem: 27089
Epoch: [119]  [14/15]  eta: 0:00:00  lr: 0.000365  loss: 372.5479 (358.6295)  time: 0.4769 (0.3771 -- 1.1729)  data: 0.0779 (0.0001 -- 0.9793)  max mem: 27089
Epoch: [119] Total time: 0:00:07 (0.4770 s / it)
train step
Test:  [0/1]  eta: 0:00:00  loss: 946.7070 (946.7070)  geo_km: 155.0386 (155.0386)  time: 0.6111 (0.6111 -- 0.6111)  data: 0.5399 (0.5399 -- 0.5399)  max mem: 27089
Test: Total time: 0:00:00 (0.6115 s / it)
Test:  [0/1]  eta: 0:00:00  loss: 985.5000 (985.5000)  geo_km: 135.4428 (135.4428)  time: 0.7375 (0.7375 -- 0.7375)  data: 0.6517 (0.6517 -- 0.6517)  max mem: 27089
Test: Total time: 0:00:00 (0.7380 s / it)
eval step
start epoch120
Epoch: [120]  [ 0/15]  eta: 0:00:17  lr: 0.000365  loss: 707.3730 (707.3730)  time: 1.1738 (1.1738 -- 1.1738)  data: 0.9760 (0.9760 -- 0.9760)  max mem: 27089
Epoch: [120]  [14/15]  eta: 0:00:00  lr: 0.000363  loss: 352.2227 (389.4692)  time: 0.4827 (0.3771 -- 1.1738)  data: 0.0663 (0.0001 -- 0.9760)  max mem: 27089
Epoch: [120] Total time: 0:00:07 (0.4828 s / it)
train step
Test:  [0/1]  eta: 0:00:00  loss: 1096.5165 (1096.5165)  geo_km: 166.9387 (166.9387)  time: 0.6142 (0.6142 -- 0.6142)  data: 0.5430 (0.5430 -- 0.5430)  max mem: 27089
Test: Total time: 0:00:00 (0.6147 s / it)
Test:  [0/1]  eta: 0:00:00  loss: 761.9688 (761.9688)  geo_km: 127.4567 (127.4567)  time: 0.7451 (0.7451 -- 0.7451)  data: 0.6582 (0.6582 -- 0.6582)  max mem: 27089
Test: Total time: 0:00:00 (0.7455 s / it)
eval step
start epoch121
Epoch: [121]  [ 0/15]  eta: 0:00:20  lr: 0.000362  loss: 216.8853 (216.8853)  time: 1.3805 (1.3805 -- 1.3805)  data: 1.1898 (1.1898 -- 1.1898)  max mem: 27089
Epoch: [121]  [14/15]  eta: 0:00:00  lr: 0.000361  loss: 282.1426 (328.5781)  time: 0.4700 (0.3774 -- 1.3805)  data: 0.0795 (0.0001 -- 1.1898)  max mem: 27089
Epoch: [121] Total time: 0:00:07 (0.4700 s / it)
train step
Test:  [0/1]  eta: 0:00:00  loss: 762.6688 (762.6688)  geo_km: 145.0732 (145.0732)  time: 0.6110 (0.6110 -- 0.6110)  data: 0.5400 (0.5400 -- 0.5400)  max mem: 27089
Test: Total time: 0:00:00 (0.6114 s / it)
Test:  [0/1]  eta: 0:00:00  loss: 965.2969 (965.2969)  geo_km: 144.3089 (144.3089)  time: 0.7460 (0.7460 -- 0.7460)  data: 0.6590 (0.6590 -- 0.6590)  max mem: 27089
Test: Total time: 0:00:00 (0.7464 s / it)
eval step
start epoch122
Epoch: [122]  [ 0/15]  eta: 0:00:21  lr: 0.000360  loss: 362.0879 (362.0879)  time: 1.4334 (1.4334 -- 1.4334)  data: 1.2269 (1.2269 -- 1.2269)  max mem: 27089
Epoch: [122]  [14/15]  eta: 0:00:00  lr: 0.000358  loss: 348.7832 (334.1111)  time: 0.4787 (0.3772 -- 1.4334)  data: 0.0822 (0.0001 -- 1.2269)  max mem: 27089
Epoch: [122] Total time: 0:00:07 (0.4788 s / it)
train step
Test:  [0/1]  eta: 0:00:00  loss: 1178.5062 (1178.5062)  geo_km: 175.1438 (175.1438)  time: 0.6195 (0.6195 -- 0.6195)  data: 0.5485 (0.5485 -- 0.5485)  max mem: 27089
Test: Total time: 0:00:00 (0.6200 s / it)
Test:  [0/1]  eta: 0:00:00  loss: 799.1354 (799.1354)  geo_km: 114.7040 (114.7040)  time: 0.7364 (0.7364 -- 0.7364)  data: 0.6504 (0.6504 -- 0.6504)  max mem: 27089
Test: Total time: 0:00:00 (0.7369 s / it)
eval step
start epoch123
Epoch: [123]  [ 0/15]  eta: 0:00:17  lr: 0.000358  loss: 261.7051 (261.7051)  time: 1.1919 (1.1919 -- 1.1919)  data: 0.9847 (0.9847 -- 0.9847)  max mem: 27089
Epoch: [123]  [14/15]  eta: 0:00:00  lr: 0.000356  loss: 267.3926 (296.8181)  time: 0.4807 (0.3776 -- 1.1919)  data: 0.0658 (0.0001 -- 0.9847)  max mem: 27089
Epoch: [123] Total time: 0:00:07 (0.4807 s / it)
train step
Test:  [0/1]  eta: 0:00:00  loss: 1068.9250 (1068.9250)  geo_km: 150.2446 (150.2446)  time: 0.6148 (0.6148 -- 0.6148)  data: 0.5437 (0.5437 -- 0.5437)  max mem: 27089
Test: Total time: 0:00:00 (0.6152 s / it)
Test:  [0/1]  eta: 0:00:00  loss: 795.2761 (795.2761)  geo_km: 122.5699 (122.5699)  time: 0.7437 (0.7437 -- 0.7437)  data: 0.6579 (0.6579 -- 0.6579)  max mem: 27089
Test: Total time: 0:00:00 (0.7442 s / it)
eval step
start epoch124
Epoch: [124]  [ 0/15]  eta: 0:00:20  lr: 0.000356  loss: 370.4004 (370.4004)  time: 1.3915 (1.3915 -- 1.3915)  data: 1.2005 (1.2005 -- 1.2005)  max mem: 27089
Epoch: [124]  [14/15]  eta: 0:00:00  lr: 0.000354  loss: 292.4434 (296.2636)  time: 0.4783 (0.3773 -- 1.3915)  data: 0.0802 (0.0001 -- 1.2005)  max mem: 27089
Epoch: [124] Total time: 0:00:07 (0.4784 s / it)
train step
Test:  [0/1]  eta: 0:00:00  loss: 1011.6830 (1011.6830)  geo_km: 152.3227 (152.3227)  time: 0.6193 (0.6193 -- 0.6193)  data: 0.5478 (0.5478 -- 0.5478)  max mem: 27089
Test: Total time: 0:00:00 (0.6197 s / it)
Test:  [0/1]  eta: 0:00:00  loss: 778.9531 (778.9531)  geo_km: 124.0470 (124.0470)  time: 0.7431 (0.7431 -- 0.7431)  data: 0.6575 (0.6575 -- 0.6575)  max mem: 27089
Test: Total time: 0:00:00 (0.7436 s / it)
eval step
[INFO] Best checkpoint saved at /leonardo/home/userexternal/ddarmien/Demetra/moduli/videomae/output/checkpoint-tracking-best.pth
start epoch125
Epoch: [125]  [ 0/15]  eta: 0:00:21  lr: 0.000354  loss: 292.7646 (292.7646)  time: 1.4015 (1.4015 -- 1.4015)  data: 1.2031 (1.2031 -- 1.2031)  max mem: 27089
Epoch: [125]  [14/15]  eta: 0:00:00  lr: 0.000352  loss: 281.5332 (279.9661)  time: 0.4486 (0.3767 -- 1.4015)  data: 0.0811 (0.0001 -- 1.2031)  max mem: 27089
Epoch: [125] Total time: 0:00:06 (0.4487 s / it)
train step
Test:  [0/1]  eta: 0:00:00  loss: 931.2016 (931.2016)  geo_km: 154.5706 (154.5706)  time: 0.6046 (0.6046 -- 0.6046)  data: 0.5336 (0.5336 -- 0.5336)  max mem: 27089
Test: Total time: 0:00:00 (0.6050 s / it)
Test:  [0/1]  eta: 0:00:00  loss: 608.3672 (608.3672)  geo_km: 108.5601 (108.5601)  time: 0.7454 (0.7454 -- 0.7454)  data: 0.6588 (0.6588 -- 0.6588)  max mem: 27089
Test: Total time: 0:00:00 (0.7458 s / it)
eval step
start epoch126
Epoch: [126]  [ 0/15]  eta: 0:00:19  lr: 0.000352  loss: 194.6689 (194.6689)  time: 1.3196 (1.3196 -- 1.3196)  data: 1.1271 (1.1271 -- 1.1271)  max mem: 27089
Epoch: [126]  [14/15]  eta: 0:00:00  lr: 0.000350  loss: 200.8184 (215.0514)  time: 0.4803 (0.3769 -- 1.3196)  data: 0.0753 (0.0001 -- 1.1271)  max mem: 27089
Epoch: [126] Total time: 0:00:07 (0.4804 s / it)
train step
Test:  [0/1]  eta: 0:00:00  loss: 748.2726 (748.2726)  geo_km: 129.1837 (129.1837)  time: 0.6128 (0.6128 -- 0.6128)  data: 0.5418 (0.5418 -- 0.5418)  max mem: 27089
Test: Total time: 0:00:00 (0.6133 s / it)
Test:  [0/1]  eta: 0:00:00  loss: 834.9818 (834.9818)  geo_km: 126.8422 (126.8422)  time: 0.7351 (0.7351 -- 0.7351)  data: 0.6495 (0.6495 -- 0.6495)  max mem: 27089
Test: Total time: 0:00:00 (0.7356 s / it)
eval step
[INFO] Best checkpoint saved at /leonardo/home/userexternal/ddarmien/Demetra/moduli/videomae/output/checkpoint-tracking-best.pth
start epoch127
Epoch: [127]  [ 0/15]  eta: 0:00:18  lr: 0.000350  loss: 126.2246 (126.2246)  time: 1.2209 (1.2209 -- 1.2209)  data: 1.0099 (1.0099 -- 1.0099)  max mem: 27089
Epoch: [127]  [14/15]  eta: 0:00:00  lr: 0.000348  loss: 183.4856 (206.7543)  time: 0.4375 (0.3708 -- 1.2209)  data: 0.0714 (0.0001 -- 1.0099)  max mem: 27089
Epoch: [127] Total time: 0:00:06 (0.4376 s / it)
train step
Test:  [0/1]  eta: 0:00:00  loss: 978.4664 (978.4664)  geo_km: 160.5874 (160.5874)  time: 0.6101 (0.6101 -- 0.6101)  data: 0.5391 (0.5391 -- 0.5391)  max mem: 27089
Test: Total time: 0:00:00 (0.6106 s / it)
Test:  [0/1]  eta: 0:00:00  loss: 853.0834 (853.0834)  geo_km: 125.6956 (125.6956)  time: 0.7485 (0.7485 -- 0.7485)  data: 0.6627 (0.6627 -- 0.6627)  max mem: 27089
Test: Total time: 0:00:00 (0.7489 s / it)
eval step
start epoch128
Epoch: [128]  [ 0/15]  eta: 0:00:19  lr: 0.000348  loss: 212.2676 (212.2676)  time: 1.2724 (1.2724 -- 1.2724)  data: 1.0593 (1.0593 -- 1.0593)  max mem: 27089
Epoch: [128]  [14/15]  eta: 0:00:00  lr: 0.000346  loss: 212.2676 (217.1671)  time: 0.4784 (0.3771 -- 1.2724)  data: 0.0708 (0.0001 -- 1.0593)  max mem: 27089
Epoch: [128] Total time: 0:00:07 (0.4785 s / it)
train step
Test:  [0/1]  eta: 0:00:00  loss: 1012.5187 (1012.5187)  geo_km: 150.6382 (150.6382)  time: 0.6078 (0.6078 -- 0.6078)  data: 0.5367 (0.5367 -- 0.5367)  max mem: 27089
Test: Total time: 0:00:00 (0.6082 s / it)
Test:  [0/1]  eta: 0:00:00  loss: 1113.7500 (1113.7500)  geo_km: 143.1415 (143.1415)  time: 0.7386 (0.7386 -- 0.7386)  data: 0.6527 (0.6527 -- 0.6527)  max mem: 27089
Test: Total time: 0:00:00 (0.7391 s / it)
eval step
start epoch129
Epoch: [129]  [ 0/15]  eta: 0:00:17  lr: 0.000346  loss: 308.5688 (308.5688)  time: 1.1616 (1.1616 -- 1.1616)  data: 0.9673 (0.9673 -- 0.9673)  max mem: 27089
Epoch: [129]  [14/15]  eta: 0:00:00  lr: 0.000344  loss: 207.0195 (221.2270)  time: 0.4726 (0.3772 -- 1.1616)  data: 0.0658 (0.0001 -- 0.9673)  max mem: 27089
Epoch: [129] Total time: 0:00:07 (0.4727 s / it)
train step
Test:  [0/1]  eta: 0:00:00  loss: 688.7602 (688.7602)  geo_km: 135.9108 (135.9108)  time: 0.6085 (0.6085 -- 0.6085)  data: 0.5373 (0.5373 -- 0.5373)  max mem: 27089
Test: Total time: 0:00:00 (0.6089 s / it)
Test:  [0/1]  eta: 0:00:00  loss: 921.8594 (921.8594)  geo_km: 139.9007 (139.9007)  time: 0.7367 (0.7367 -- 0.7367)  data: 0.6507 (0.6507 -- 0.6507)  max mem: 27089
Test: Total time: 0:00:00 (0.7371 s / it)
eval step
start epoch130
Epoch: [130]  [ 0/15]  eta: 0:00:20  lr: 0.000344  loss: 307.5967 (307.5967)  time: 1.3718 (1.3718 -- 1.3718)  data: 1.1834 (1.1834 -- 1.1834)  max mem: 27089
Epoch: [130]  [14/15]  eta: 0:00:00  lr: 0.000342  loss: 307.0063 (316.6564)  time: 0.4748 (0.3771 -- 1.3718)  data: 0.0790 (0.0001 -- 1.1834)  max mem: 27089
Epoch: [130] Total time: 0:00:07 (0.4749 s / it)
train step
Test:  [0/1]  eta: 0:00:00  loss: 1235.1454 (1235.1454)  geo_km: 183.2698 (183.2698)  time: 0.6107 (0.6107 -- 0.6107)  data: 0.5396 (0.5396 -- 0.5396)  max mem: 27089
Test: Total time: 0:00:00 (0.6112 s / it)
Test:  [0/1]  eta: 0:00:00  loss: 938.0026 (938.0026)  geo_km: 135.9923 (135.9923)  time: 0.7404 (0.7404 -- 0.7404)  data: 0.6546 (0.6546 -- 0.6546)  max mem: 27089
Test: Total time: 0:00:00 (0.7408 s / it)
eval step
start epoch131
Epoch: [131]  [ 0/15]  eta: 0:00:17  lr: 0.000342  loss: 420.7588 (420.7588)  time: 1.1686 (1.1686 -- 1.1686)  data: 0.9733 (0.9733 -- 0.9733)  max mem: 27089
Epoch: [131]  [14/15]  eta: 0:00:00  lr: 0.000340  loss: 356.5078 (389.2344)  time: 0.4766 (0.3769 -- 1.1686)  data: 0.0651 (0.0001 -- 0.9733)  max mem: 27089
Epoch: [131] Total time: 0:00:07 (0.4767 s / it)
train step
Test:  [0/1]  eta: 0:00:00  loss: 1067.9844 (1067.9844)  geo_km: 160.4068 (160.4068)  time: 0.6082 (0.6082 -- 0.6082)  data: 0.5370 (0.5370 -- 0.5370)  max mem: 27089
Test: Total time: 0:00:00 (0.6086 s / it)
Test:  [0/1]  eta: 0:00:00  loss: 682.0729 (682.0729)  geo_km: 111.9109 (111.9109)  time: 0.7395 (0.7395 -- 0.7395)  data: 0.6530 (0.6530 -- 0.6530)  max mem: 27089
Test: Total time: 0:00:00 (0.7399 s / it)
eval step
start epoch132
Epoch: [132]  [ 0/15]  eta: 0:00:19  lr: 0.000339  loss: 312.5508 (312.5508)  time: 1.2974 (1.2974 -- 1.2974)  data: 1.0988 (1.0988 -- 1.0988)  max mem: 27089
Epoch: [132]  [14/15]  eta: 0:00:00  lr: 0.000337  loss: 291.3989 (287.5504)  time: 0.4823 (0.3774 -- 1.2974)  data: 0.0734 (0.0001 -- 1.0988)  max mem: 27089
Epoch: [132] Total time: 0:00:07 (0.4824 s / it)
train step
Test:  [0/1]  eta: 0:00:00  loss: 780.2908 (780.2908)  geo_km: 132.4515 (132.4515)  time: 0.6289 (0.6289 -- 0.6289)  data: 0.5575 (0.5575 -- 0.5575)  max mem: 27089
Test: Total time: 0:00:00 (0.6294 s / it)
Test:  [0/1]  eta: 0:00:00  loss: 755.7734 (755.7734)  geo_km: 119.8611 (119.8611)  time: 0.7435 (0.7435 -- 0.7435)  data: 0.6577 (0.6577 -- 0.6577)  max mem: 27089
Test: Total time: 0:00:00 (0.7439 s / it)
eval step
start epoch133
Epoch: [133]  [ 0/15]  eta: 0:00:20  lr: 0.000337  loss: 314.7993 (314.7993)  time: 1.3853 (1.3853 -- 1.3853)  data: 1.1942 (1.1942 -- 1.1942)  max mem: 27089
Epoch: [133]  [14/15]  eta: 0:00:00  lr: 0.000335  loss: 242.9849 (249.7422)  time: 0.4801 (0.3779 -- 1.3853)  data: 0.0797 (0.0001 -- 1.1942)  max mem: 27089
Epoch: [133] Total time: 0:00:07 (0.4802 s / it)
train step
Test:  [0/1]  eta: 0:00:00  loss: 931.1656 (931.1656)  geo_km: 151.4384 (151.4383)  time: 0.6271 (0.6271 -- 0.6271)  data: 0.5562 (0.5562 -- 0.5562)  max mem: 27089
Test: Total time: 0:00:00 (0.6276 s / it)
Test:  [0/1]  eta: 0:00:00  loss: 579.1667 (579.1667)  geo_km: 103.2992 (103.2992)  time: 0.7444 (0.7444 -- 0.7444)  data: 0.6579 (0.6579 -- 0.6579)  max mem: 27089
Test: Total time: 0:00:00 (0.7449 s / it)
eval step
start epoch134
Epoch: [134]  [ 0/15]  eta: 0:00:17  lr: 0.000335  loss: 197.0322 (197.0322)  time: 1.1791 (1.1791 -- 1.1791)  data: 0.9844 (0.9844 -- 0.9844)  max mem: 27089
Epoch: [134]  [14/15]  eta: 0:00:00  lr: 0.000333  loss: 179.4085 (187.8574)  time: 0.4788 (0.3762 -- 1.1791)  data: 0.0661 (0.0001 -- 0.9844)  max mem: 27089
Epoch: [134] Total time: 0:00:07 (0.4788 s / it)
train step
Test:  [0/1]  eta: 0:00:00  loss: 683.2719 (683.2719)  geo_km: 130.7638 (130.7638)  time: 0.6181 (0.6181 -- 0.6181)  data: 0.5469 (0.5469 -- 0.5469)  max mem: 27089
Test: Total time: 0:00:00 (0.6185 s / it)
Test:  [0/1]  eta: 0:00:00  loss: 720.8151 (720.8151)  geo_km: 116.3033 (116.3033)  time: 0.7505 (0.7505 -- 0.7505)  data: 0.6644 (0.6644 -- 0.6644)  max mem: 27089
Test: Total time: 0:00:00 (0.7509 s / it)
eval step
start epoch135
Epoch: [135]  [ 0/15]  eta: 0:00:21  lr: 0.000333  loss: 184.1906 (184.1906)  time: 1.4168 (1.4168 -- 1.4168)  data: 1.2262 (1.2262 -- 1.2262)  max mem: 27089
Epoch: [135]  [14/15]  eta: 0:00:00  lr: 0.000331  loss: 204.7617 (195.4856)  time: 0.4819 (0.3774 -- 1.4168)  data: 0.0819 (0.0001 -- 1.2262)  max mem: 27089
Epoch: [135] Total time: 0:00:07 (0.4820 s / it)
train step
Test:  [0/1]  eta: 0:00:00  loss: 842.7726 (842.7726)  geo_km: 143.7913 (143.7913)  time: 0.6161 (0.6161 -- 0.6161)  data: 0.5451 (0.5451 -- 0.5451)  max mem: 27089
Test: Total time: 0:00:00 (0.6165 s / it)
Test:  [0/1]  eta: 0:00:00  loss: 687.8881 (687.8881)  geo_km: 112.1660 (112.1660)  time: 0.7409 (0.7409 -- 0.7409)  data: 0.6547 (0.6547 -- 0.6547)  max mem: 27089
Test: Total time: 0:00:00 (0.7414 s / it)
eval step
[INFO] Best checkpoint saved at /leonardo/home/userexternal/ddarmien/Demetra/moduli/videomae/output/checkpoint-tracking-best.pth
start epoch136
Epoch: [136]  [ 0/15]  eta: 0:00:20  lr: 0.000331  loss: 126.3228 (126.3228)  time: 1.3457 (1.3457 -- 1.3457)  data: 1.1421 (1.1421 -- 1.1421)  max mem: 27089
Epoch: [136]  [14/15]  eta: 0:00:00  lr: 0.000329  loss: 166.3120 (184.2919)  time: 0.4443 (0.3718 -- 1.3457)  data: 0.0763 (0.0001 -- 1.1421)  max mem: 27089
Epoch: [136] Total time: 0:00:06 (0.4444 s / it)
train step
Test:  [0/1]  eta: 0:00:00  loss: 722.0250 (722.0250)  geo_km: 129.3594 (129.3594)  time: 0.6090 (0.6090 -- 0.6090)  data: 0.5379 (0.5379 -- 0.5379)  max mem: 27089
Test: Total time: 0:00:00 (0.6094 s / it)
Test:  [0/1]  eta: 0:00:00  loss: 609.9688 (609.9688)  geo_km: 109.6511 (109.6511)  time: 0.7407 (0.7407 -- 0.7407)  data: 0.6549 (0.6549 -- 0.6549)  max mem: 27089
Test: Total time: 0:00:00 (0.7411 s / it)
eval step
start epoch137
Epoch: [137]  [ 0/15]  eta: 0:00:20  lr: 0.000329  loss: 119.7114 (119.7114)  time: 1.3691 (1.3691 -- 1.3691)  data: 1.1768 (1.1768 -- 1.1768)  max mem: 27089
Epoch: [137]  [14/15]  eta: 0:00:00  lr: 0.000327  loss: 150.9355 (163.0598)  time: 0.4790 (0.3770 -- 1.3691)  data: 0.0786 (0.0001 -- 1.1768)  max mem: 27089
Epoch: [137] Total time: 0:00:07 (0.4791 s / it)
train step
Test:  [0/1]  eta: 0:00:00  loss: 699.2641 (699.2641)  geo_km: 131.0920 (131.0920)  time: 0.6103 (0.6103 -- 0.6103)  data: 0.5393 (0.5393 -- 0.5393)  max mem: 27089
Test: Total time: 0:00:00 (0.6108 s / it)
Test:  [0/1]  eta: 0:00:00  loss: 697.5938 (697.5938)  geo_km: 112.1706 (112.1706)  time: 0.7396 (0.7396 -- 0.7396)  data: 0.6529 (0.6529 -- 0.6529)  max mem: 27089
Test: Total time: 0:00:00 (0.7401 s / it)
eval step
start epoch138
Epoch: [138]  [ 0/15]  eta: 0:00:17  lr: 0.000327  loss: 152.7109 (152.7109)  time: 1.1845 (1.1845 -- 1.1845)  data: 0.9796 (0.9796 -- 0.9796)  max mem: 27089
Epoch: [138]  [14/15]  eta: 0:00:00  lr: 0.000325  loss: 152.7109 (166.5364)  time: 0.4719 (0.3766 -- 1.1845)  data: 0.0654 (0.0001 -- 0.9796)  max mem: 27089
Epoch: [138] Total time: 0:00:07 (0.4720 s / it)
train step
Test:  [0/1]  eta: 0:00:00  loss: 839.4008 (839.4008)  geo_km: 145.3664 (145.3664)  time: 0.6020 (0.6020 -- 0.6020)  data: 0.5310 (0.5310 -- 0.5310)  max mem: 27089
Test: Total time: 0:00:00 (0.6025 s / it)
Test:  [0/1]  eta: 0:00:00  loss: 684.7526 (684.7526)  geo_km: 116.2879 (116.2879)  time: 0.7413 (0.7413 -- 0.7413)  data: 0.6543 (0.6543 -- 0.6543)  max mem: 27089
Test: Total time: 0:00:00 (0.7418 s / it)
eval step
start epoch139
Epoch: [139]  [ 0/15]  eta: 0:00:18  lr: 0.000324  loss: 121.1489 (121.1489)  time: 1.2329 (1.2329 -- 1.2329)  data: 1.0367 (1.0367 -- 1.0367)  max mem: 27089
Epoch: [139]  [14/15]  eta: 0:00:00  lr: 0.000322  loss: 149.8945 (152.3096)  time: 0.4753 (0.3768 -- 1.2329)  data: 0.0692 (0.0001 -- 1.0367)  max mem: 27089
Epoch: [139] Total time: 0:00:07 (0.4754 s / it)
train step
Test:  [0/1]  eta: 0:00:00  loss: 860.7656 (860.7656)  geo_km: 141.5574 (141.5574)  time: 0.6155 (0.6155 -- 0.6155)  data: 0.5443 (0.5443 -- 0.5443)  max mem: 27089
Test: Total time: 0:00:00 (0.6159 s / it)
Test:  [0/1]  eta: 0:00:00  loss: 689.4948 (689.4948)  geo_km: 123.8957 (123.8957)  time: 0.7483 (0.7483 -- 0.7483)  data: 0.6614 (0.6614 -- 0.6614)  max mem: 27089
Test: Total time: 0:00:00 (0.7488 s / it)
eval step
start epoch140
Epoch: [140]  [ 0/15]  eta: 0:00:19  lr: 0.000322  loss: 114.6080 (114.6080)  time: 1.3149 (1.3149 -- 1.3149)  data: 1.1223 (1.1223 -- 1.1223)  max mem: 27089
Epoch: [140]  [14/15]  eta: 0:00:00  lr: 0.000320  loss: 139.2227 (141.9195)  time: 0.4786 (0.3767 -- 1.3149)  data: 0.0756 (0.0001 -- 1.1223)  max mem: 27089
Epoch: [140] Total time: 0:00:07 (0.4786 s / it)
train step
Test:  [0/1]  eta: 0:00:00  loss: 690.8610 (690.8610)  geo_km: 125.6734 (125.6734)  time: 0.6139 (0.6139 -- 0.6139)  data: 0.5429 (0.5429 -- 0.5429)  max mem: 27089
Test: Total time: 0:00:00 (0.6143 s / it)
Test:  [0/1]  eta: 0:00:00  loss: 866.1562 (866.1562)  geo_km: 127.9160 (127.9160)  time: 0.7495 (0.7495 -- 0.7495)  data: 0.6625 (0.6625 -- 0.6625)  max mem: 27089
Test: Total time: 0:00:00 (0.7500 s / it)
eval step
start epoch141
Epoch: [141]  [ 0/15]  eta: 0:00:21  lr: 0.000320  loss: 175.0396 (175.0396)  time: 1.4113 (1.4113 -- 1.4113)  data: 1.2069 (1.2069 -- 1.2069)  max mem: 27089
Epoch: [141]  [14/15]  eta: 0:00:00  lr: 0.000318  loss: 131.6719 (125.2656)  time: 0.4877 (0.3773 -- 1.4113)  data: 0.0806 (0.0001 -- 1.2069)  max mem: 27089
Epoch: [141] Total time: 0:00:07 (0.4878 s / it)
train step
Test:  [0/1]  eta: 0:00:00  loss: 834.9266 (834.9266)  geo_km: 150.4011 (150.4011)  time: 0.6160 (0.6160 -- 0.6160)  data: 0.5449 (0.5449 -- 0.5449)  max mem: 27089
Test: Total time: 0:00:00 (0.6164 s / it)
Test:  [0/1]  eta: 0:00:00  loss: 858.8776 (858.8776)  geo_km: 122.0007 (122.0007)  time: 0.7539 (0.7539 -- 0.7539)  data: 0.6668 (0.6668 -- 0.6668)  max mem: 27089
Test: Total time: 0:00:00 (0.7544 s / it)
eval step
start epoch142
Epoch: [142]  [ 0/15]  eta: 0:00:18  lr: 0.000318  loss: 141.2482 (141.2482)  time: 1.2114 (1.2114 -- 1.2114)  data: 1.0173 (1.0173 -- 1.0173)  max mem: 27089
Epoch: [142]  [14/15]  eta: 0:00:00  lr: 0.000316  loss: 124.5831 (124.1950)  time: 0.4833 (0.3771 -- 1.2114)  data: 0.0680 (0.0001 -- 1.0173)  max mem: 27089
Epoch: [142] Total time: 0:00:07 (0.4834 s / it)
train step
Test:  [0/1]  eta: 0:00:00  loss: 893.5610 (893.5610)  geo_km: 155.1929 (155.1929)  time: 0.6112 (0.6112 -- 0.6112)  data: 0.5402 (0.5402 -- 0.5402)  max mem: 27089
Test: Total time: 0:00:00 (0.6116 s / it)
Test:  [0/1]  eta: 0:00:00  loss: 670.7526 (670.7526)  geo_km: 110.7965 (110.7965)  time: 0.7425 (0.7425 -- 0.7425)  data: 0.6561 (0.6561 -- 0.6561)  max mem: 27089
Test: Total time: 0:00:00 (0.7430 s / it)
eval step
[INFO] Best checkpoint saved at /leonardo/home/userexternal/ddarmien/Demetra/moduli/videomae/output/checkpoint-tracking-best.pth
start epoch143
Epoch: [143]  [ 0/15]  eta: 0:00:19  lr: 0.000316  loss: 120.9521 (120.9521)  time: 1.2693 (1.2693 -- 1.2693)  data: 1.0594 (1.0594 -- 1.0594)  max mem: 27089
Epoch: [143]  [14/15]  eta: 0:00:00  lr: 0.000314  loss: 115.0392 (115.7642)  time: 0.4424 (0.3753 -- 1.2693)  data: 0.0746 (0.0001 -- 1.0594)  max mem: 27089
Epoch: [143] Total time: 0:00:06 (0.4425 s / it)
train step
Test:  [0/1]  eta: 0:00:00  loss: 702.4313 (702.4313)  geo_km: 131.1742 (131.1742)  time: 0.6086 (0.6086 -- 0.6086)  data: 0.5373 (0.5373 -- 0.5373)  max mem: 27089
Test: Total time: 0:00:00 (0.6090 s / it)
Test:  [0/1]  eta: 0:00:00  loss: 583.8750 (583.8750)  geo_km: 106.7238 (106.7238)  time: 0.7400 (0.7400 -- 0.7400)  data: 0.6528 (0.6528 -- 0.6528)  max mem: 27089
Test: Total time: 0:00:00 (0.7405 s / it)
eval step
[INFO] Best checkpoint saved at /leonardo/home/userexternal/ddarmien/Demetra/moduli/videomae/output/checkpoint-tracking-best.pth
start epoch144
Epoch: [144]  [ 0/15]  eta: 0:00:18  lr: 0.000314  loss: 82.4844 (82.4844)  time: 1.2634 (1.2634 -- 1.2634)  data: 1.0594 (1.0594 -- 1.0594)  max mem: 27089
Epoch: [144]  [14/15]  eta: 0:00:00  lr: 0.000312  loss: 108.9192 (111.6839)  time: 0.4398 (0.3759 -- 1.2634)  data: 0.0729 (0.0001 -- 1.0594)  max mem: 27089
Epoch: [144] Total time: 0:00:06 (0.4399 s / it)
train step
Test:  [0/1]  eta: 0:00:00  loss: 799.5549 (799.5549)  geo_km: 145.0294 (145.0295)  time: 0.6122 (0.6122 -- 0.6122)  data: 0.5410 (0.5410 -- 0.5410)  max mem: 27089
Test: Total time: 0:00:00 (0.6127 s / it)
Test:  [0/1]  eta: 0:00:00  loss: 700.5964 (700.5964)  geo_km: 114.9261 (114.9261)  time: 0.7489 (0.7489 -- 0.7489)  data: 0.6631 (0.6631 -- 0.6631)  max mem: 27089
Test: Total time: 0:00:00 (0.7494 s / it)
eval step
start epoch145
Epoch: [145]  [ 0/15]  eta: 0:00:17  lr: 0.000311  loss: 95.1665 (95.1665)  time: 1.1685 (1.1685 -- 1.1685)  data: 0.9637 (0.9637 -- 0.9637)  max mem: 27089
Epoch: [145]  [14/15]  eta: 0:00:00  lr: 0.000309  loss: 86.4238 (97.3472)  time: 0.4786 (0.3774 -- 1.1685)  data: 0.0690 (0.0001 -- 0.9637)  max mem: 27089
Epoch: [145] Total time: 0:00:07 (0.4787 s / it)
train step
Test:  [0/1]  eta: 0:00:00  loss: 833.8508 (833.8508)  geo_km: 144.2391 (144.2391)  time: 0.6235 (0.6235 -- 0.6235)  data: 0.5513 (0.5513 -- 0.5513)  max mem: 27089
Test: Total time: 0:00:00 (0.6239 s / it)
Test:  [0/1]  eta: 0:00:00  loss: 661.5756 (661.5756)  geo_km: 107.6064 (107.6064)  time: 0.7464 (0.7464 -- 0.7464)  data: 0.6599 (0.6599 -- 0.6599)  max mem: 27089
Test: Total time: 0:00:00 (0.7468 s / it)
eval step
start epoch146
Epoch: [146]  [ 0/15]  eta: 0:00:20  lr: 0.000309  loss: 123.5312 (123.5312)  time: 1.3384 (1.3384 -- 1.3384)  data: 1.1261 (1.1261 -- 1.1261)  max mem: 27089
Epoch: [146]  [14/15]  eta: 0:00:00  lr: 0.000307  loss: 147.1094 (173.4417)  time: 0.4833 (0.3770 -- 1.3384)  data: 0.0752 (0.0001 -- 1.1261)  max mem: 27089
Epoch: [146] Total time: 0:00:07 (0.4834 s / it)
train step
Test:  [0/1]  eta: 0:00:00  loss: 773.2188 (773.2188)  geo_km: 134.1149 (134.1149)  time: 0.6194 (0.6194 -- 0.6194)  data: 0.5483 (0.5483 -- 0.5483)  max mem: 27089
Test: Total time: 0:00:00 (0.6199 s / it)
Test:  [0/1]  eta: 0:00:00  loss: 886.0312 (886.0312)  geo_km: 128.6486 (128.6486)  time: 0.7464 (0.7464 -- 0.7464)  data: 0.6607 (0.6607 -- 0.6607)  max mem: 27089
Test: Total time: 0:00:00 (0.7469 s / it)
eval step
start epoch147
Epoch: [147]  [ 0/15]  eta: 0:00:17  lr: 0.000307  loss: 249.7472 (249.7472)  time: 1.1682 (1.1682 -- 1.1682)  data: 0.9728 (0.9728 -- 0.9728)  max mem: 27089
Epoch: [147]  [14/15]  eta: 0:00:00  lr: 0.000305  loss: 192.5742 (201.5383)  time: 0.4725 (0.3771 -- 1.1682)  data: 0.0651 (0.0001 -- 0.9728)  max mem: 27089
Epoch: [147] Total time: 0:00:07 (0.4726 s / it)
train step
Test:  [0/1]  eta: 0:00:00  loss: 1145.4789 (1145.4789)  geo_km: 165.9245 (165.9245)  time: 0.6167 (0.6167 -- 0.6167)  data: 0.5457 (0.5457 -- 0.5457)  max mem: 27089
Test: Total time: 0:00:00 (0.6171 s / it)
Test:  [0/1]  eta: 0:00:00  loss: 1097.9584 (1097.9584)  geo_km: 139.6819 (139.6819)  time: 0.7364 (0.7364 -- 0.7364)  data: 0.6505 (0.6505 -- 0.6505)  max mem: 27089
Test: Total time: 0:00:00 (0.7369 s / it)
eval step
start epoch148
Epoch: [148]  [ 0/15]  eta: 0:00:17  lr: 0.000305  loss: 276.0547 (276.0547)  time: 1.1684 (1.1684 -- 1.1684)  data: 0.9751 (0.9751 -- 0.9751)  max mem: 27089
Epoch: [148]  [14/15]  eta: 0:00:00  lr: 0.000303  loss: 276.0547 (295.2127)  time: 0.4740 (0.3766 -- 1.1684)  data: 0.0721 (0.0001 -- 0.9751)  max mem: 27089
Epoch: [148] Total time: 0:00:07 (0.4741 s / it)
train step
Test:  [0/1]  eta: 0:00:00  loss: 972.9969 (972.9969)  geo_km: 142.3115 (142.3115)  time: 0.6157 (0.6157 -- 0.6157)  data: 0.5446 (0.5446 -- 0.5446)  max mem: 27089
Test: Total time: 0:00:00 (0.6161 s / it)
Test:  [0/1]  eta: 0:00:00  loss: 851.6354 (851.6354)  geo_km: 121.3894 (121.3894)  time: 0.7357 (0.7357 -- 0.7357)  data: 0.6497 (0.6497 -- 0.6497)  max mem: 27089
Test: Total time: 0:00:00 (0.7362 s / it)
eval step
start epoch149
Epoch: [149]  [ 0/15]  eta: 0:00:18  lr: 0.000303  loss: 286.8555 (286.8555)  time: 1.2368 (1.2368 -- 1.2368)  data: 1.0396 (1.0396 -- 1.0396)  max mem: 27089
Epoch: [149]  [14/15]  eta: 0:00:00  lr: 0.000301  loss: 277.8071 (293.8410)  time: 0.4752 (0.3771 -- 1.2368)  data: 0.0719 (0.0001 -- 1.0396)  max mem: 27089
Epoch: [149] Total time: 0:00:07 (0.4753 s / it)
train step
Test:  [0/1]  eta: 0:00:00  loss: 626.4695 (626.4695)  geo_km: 123.7463 (123.7463)  time: 0.6137 (0.6137 -- 0.6137)  data: 0.5427 (0.5427 -- 0.5427)  max mem: 27089
Test: Total time: 0:00:00 (0.6141 s / it)
Test:  [0/1]  eta: 0:00:00  loss: 713.1875 (713.1875)  geo_km: 118.5331 (118.5331)  time: 0.7339 (0.7339 -- 0.7339)  data: 0.6482 (0.6482 -- 0.6482)  max mem: 27089
Test: Total time: 0:00:00 (0.7343 s / it)
eval step
start epoch150
Epoch: [150]  [ 0/15]  eta: 0:00:19  lr: 0.000300  loss: 328.7173 (328.7173)  time: 1.2899 (1.2899 -- 1.2899)  data: 1.0973 (1.0973 -- 1.0973)  max mem: 27089
Epoch: [150]  [14/15]  eta: 0:00:00  lr: 0.000298  loss: 167.3477 (193.6690)  time: 0.4782 (0.3770 -- 1.2899)  data: 0.0733 (0.0001 -- 1.0973)  max mem: 27089
Epoch: [150] Total time: 0:00:07 (0.4783 s / it)
train step
Test:  [0/1]  eta: 0:00:00  loss: 734.4562 (734.4562)  geo_km: 136.6626 (136.6626)  time: 0.6180 (0.6180 -- 0.6180)  data: 0.5470 (0.5470 -- 0.5470)  max mem: 27089
Test: Total time: 0:00:00 (0.6185 s / it)
Test:  [0/1]  eta: 0:00:00  loss: 638.1771 (638.1771)  geo_km: 117.1625 (117.1625)  time: 0.7415 (0.7415 -- 0.7415)  data: 0.6558 (0.6558 -- 0.6558)  max mem: 27089
Test: Total time: 0:00:00 (0.7419 s / it)
eval step
start epoch151
Epoch: [151]  [ 0/15]  eta: 0:00:20  lr: 0.000298  loss: 121.4707 (121.4707)  time: 1.3391 (1.3391 -- 1.3391)  data: 1.1268 (1.1268 -- 1.1268)  max mem: 27089
Epoch: [151]  [14/15]  eta: 0:00:00  lr: 0.000296  loss: 122.4619 (125.5376)  time: 0.4805 (0.3769 -- 1.3391)  data: 0.0753 (0.0001 -- 1.1268)  max mem: 27089
Epoch: [151] Total time: 0:00:07 (0.4806 s / it)
train step
Test:  [0/1]  eta: 0:00:00  loss: 758.4763 (758.4763)  geo_km: 131.8202 (131.8202)  time: 0.6155 (0.6155 -- 0.6155)  data: 0.5444 (0.5444 -- 0.5444)  max mem: 27089
Test: Total time: 0:00:00 (0.6159 s / it)
Test:  [0/1]  eta: 0:00:00  loss: 551.2084 (551.2084)  geo_km: 101.3395 (101.3395)  time: 0.7359 (0.7359 -- 0.7359)  data: 0.6502 (0.6502 -- 0.6502)  max mem: 27089
Test: Total time: 0:00:00 (0.7364 s / it)
eval step
start epoch152
Epoch: [152]  [ 0/15]  eta: 0:00:20  lr: 0.000296  loss: 107.2578 (107.2578)  time: 1.3811 (1.3811 -- 1.3811)  data: 1.1895 (1.1895 -- 1.1895)  max mem: 27089
Epoch: [152]  [14/15]  eta: 0:00:00  lr: 0.000294  loss: 111.1846 (112.4241)  time: 0.4790 (0.3767 -- 1.3811)  data: 0.0794 (0.0001 -- 1.1895)  max mem: 27089
Epoch: [152] Total time: 0:00:07 (0.4791 s / it)
train step
Test:  [0/1]  eta: 0:00:00  loss: 654.4539 (654.4539)  geo_km: 118.2819 (118.2819)  time: 0.6128 (0.6128 -- 0.6128)  data: 0.5416 (0.5416 -- 0.5416)  max mem: 27089
Test: Total time: 0:00:00 (0.6132 s / it)
Test:  [0/1]  eta: 0:00:00  loss: 839.6667 (839.6667)  geo_km: 118.6784 (118.6784)  time: 0.7329 (0.7329 -- 0.7329)  data: 0.6472 (0.6472 -- 0.6472)  max mem: 27089
Test: Total time: 0:00:00 (0.7334 s / it)
eval step
start epoch153
Epoch: [153]  [ 0/15]  eta: 0:00:20  lr: 0.000294  loss: 107.5356 (107.5356)  time: 1.3499 (1.3499 -- 1.3499)  data: 1.1550 (1.1550 -- 1.1550)  max mem: 27089
Epoch: [153]  [14/15]  eta: 0:00:00  lr: 0.000292  loss: 117.7129 (137.6873)  time: 0.4716 (0.3768 -- 1.3499)  data: 0.0771 (0.0001 -- 1.1550)  max mem: 27089
Epoch: [153] Total time: 0:00:07 (0.4716 s / it)
train step
Test:  [0/1]  eta: 0:00:00  loss: 499.8393 (499.8393)  geo_km: 111.4221 (111.4221)  time: 0.6196 (0.6196 -- 0.6196)  data: 0.5485 (0.5485 -- 0.5485)  max mem: 27089
Test: Total time: 0:00:00 (0.6201 s / it)
Test:  [0/1]  eta: 0:00:00  loss: 585.4506 (585.4506)  geo_km: 104.5661 (104.5661)  time: 0.7411 (0.7411 -- 0.7411)  data: 0.6552 (0.6552 -- 0.6552)  max mem: 27089
Test: Total time: 0:00:00 (0.7416 s / it)
eval step
[INFO] Best checkpoint saved at /leonardo/home/userexternal/ddarmien/Demetra/moduli/videomae/output/checkpoint-tracking-best.pth
start epoch154
Epoch: [154]  [ 0/15]  eta: 0:00:19  lr: 0.000292  loss: 110.8560 (110.8560)  time: 1.3081 (1.3081 -- 1.3081)  data: 1.0980 (1.0980 -- 1.0980)  max mem: 27089
Epoch: [154]  [14/15]  eta: 0:00:00  lr: 0.000290  loss: 136.3672 (140.0984)  time: 0.4424 (0.3728 -- 1.3081)  data: 0.0733 (0.0001 -- 1.0980)  max mem: 27089
Epoch: [154] Total time: 0:00:06 (0.4425 s / it)
train step
Test:  [0/1]  eta: 0:00:00  loss: 683.0320 (683.0320)  geo_km: 126.5600 (126.5600)  time: 0.6079 (0.6079 -- 0.6079)  data: 0.5368 (0.5368 -- 0.5368)  max mem: 27089
Test: Total time: 0:00:00 (0.6083 s / it)
Test:  [0/1]  eta: 0:00:00  loss: 569.8542 (569.8542)  geo_km: 104.5501 (104.5501)  time: 0.7327 (0.7327 -- 0.7327)  data: 0.6471 (0.6471 -- 0.6471)  max mem: 27089
Test: Total time: 0:00:00 (0.7331 s / it)
eval step
start epoch155
Epoch: [155]  [ 0/15]  eta: 0:00:20  lr: 0.000290  loss: 85.8032 (85.8032)  time: 1.3778 (1.3778 -- 1.3778)  data: 1.1859 (1.1859 -- 1.1859)  max mem: 27089
Epoch: [155]  [14/15]  eta: 0:00:00  lr: 0.000288  loss: 120.2803 (117.9741)  time: 0.4744 (0.3772 -- 1.3778)  data: 0.0792 (0.0001 -- 1.1859)  max mem: 27089
Epoch: [155] Total time: 0:00:07 (0.4744 s / it)
train step
Test:  [0/1]  eta: 0:00:00  loss: 737.3703 (737.3703)  geo_km: 136.1764 (136.1764)  time: 0.6092 (0.6092 -- 0.6092)  data: 0.5383 (0.5383 -- 0.5383)  max mem: 27089
Test: Total time: 0:00:00 (0.6097 s / it)
Test:  [0/1]  eta: 0:00:00  loss: 666.2084 (666.2084)  geo_km: 106.0299 (106.0299)  time: 0.7402 (0.7402 -- 0.7402)  data: 0.6536 (0.6536 -- 0.6536)  max mem: 27089
Test: Total time: 0:00:00 (0.7407 s / it)
eval step
start epoch156
Epoch: [156]  [ 0/15]  eta: 0:00:20  lr: 0.000287  loss: 118.7764 (118.7764)  time: 1.3657 (1.3657 -- 1.3657)  data: 1.1750 (1.1750 -- 1.1750)  max mem: 27089
Epoch: [156]  [14/15]  eta: 0:00:00  lr: 0.000285  loss: 121.7349 (126.4801)  time: 0.4830 (0.3771 -- 1.3657)  data: 0.0785 (0.0001 -- 1.1750)  max mem: 27089
Epoch: [156] Total time: 0:00:07 (0.4831 s / it)
train step
Test:  [0/1]  eta: 0:00:00  loss: 656.0493 (656.0493)  geo_km: 123.7850 (123.7850)  time: 0.6024 (0.6024 -- 0.6024)  data: 0.5314 (0.5314 -- 0.5314)  max mem: 27089
Test: Total time: 0:00:00 (0.6028 s / it)
Test:  [0/1]  eta: 0:00:00  loss: 728.2292 (728.2292)  geo_km: 112.8188 (112.8188)  time: 0.7311 (0.7311 -- 0.7311)  data: 0.6454 (0.6454 -- 0.6454)  max mem: 27089
Test: Total time: 0:00:00 (0.7316 s / it)
eval step
start epoch157
Epoch: [157]  [ 0/15]  eta: 0:00:20  lr: 0.000285  loss: 192.6138 (192.6138)  time: 1.3393 (1.3393 -- 1.3393)  data: 1.1372 (1.1372 -- 1.1372)  max mem: 27089
Epoch: [157]  [14/15]  eta: 0:00:00  lr: 0.000283  loss: 158.4048 (168.7392)  time: 0.4758 (0.3770 -- 1.3393)  data: 0.0759 (0.0001 -- 1.1372)  max mem: 27089
Epoch: [157] Total time: 0:00:07 (0.4759 s / it)
train step
Test:  [0/1]  eta: 0:00:00  loss: 662.4308 (662.4308)  geo_km: 128.0196 (128.0196)  time: 0.6193 (0.6193 -- 0.6193)  data: 0.5481 (0.5481 -- 0.5481)  max mem: 27089
Test: Total time: 0:00:00 (0.6197 s / it)
Test:  [0/1]  eta: 0:00:00  loss: 533.2500 (533.2500)  geo_km: 99.4400 (99.4400)  time: 0.7404 (0.7404 -- 0.7404)  data: 0.6539 (0.6539 -- 0.6539)  max mem: 27089
Test: Total time: 0:00:00 (0.7409 s / it)
eval step
start epoch158
Epoch: [158]  [ 0/15]  eta: 0:00:20  lr: 0.000283  loss: 177.2178 (177.2178)  time: 1.3391 (1.3391 -- 1.3391)  data: 1.1393 (1.1393 -- 1.1393)  max mem: 27089
Epoch: [158]  [14/15]  eta: 0:00:00  lr: 0.000281  loss: 123.0801 (136.0570)  time: 0.4741 (0.3770 -- 1.3391)  data: 0.0761 (0.0001 -- 1.1393)  max mem: 27089
Epoch: [158] Total time: 0:00:07 (0.4742 s / it)
train step
Test:  [0/1]  eta: 0:00:00  loss: 696.9360 (696.9360)  geo_km: 121.9106 (121.9106)  time: 0.6129 (0.6129 -- 0.6129)  data: 0.5417 (0.5417 -- 0.5417)  max mem: 27089
Test: Total time: 0:00:00 (0.6133 s / it)
Test:  [0/1]  eta: 0:00:00  loss: 949.8854 (949.8854)  geo_km: 117.4441 (117.4441)  time: 0.7391 (0.7391 -- 0.7391)  data: 0.6533 (0.6533 -- 0.6533)  max mem: 27089
Test: Total time: 0:00:00 (0.7395 s / it)
eval step
start epoch159
Epoch: [159]  [ 0/15]  eta: 0:00:17  lr: 0.000281  loss: 118.6426 (118.6426)  time: 1.1917 (1.1917 -- 1.1917)  data: 0.9903 (0.9903 -- 0.9903)  max mem: 27089
Epoch: [159]  [14/15]  eta: 0:00:00  lr: 0.000279  loss: 102.8916 (109.2703)  time: 0.4767 (0.3770 -- 1.1917)  data: 0.0661 (0.0001 -- 0.9903)  max mem: 27089
Epoch: [159] Total time: 0:00:07 (0.4767 s / it)
train step
Test:  [0/1]  eta: 0:00:00  loss: 867.4463 (867.4463)  geo_km: 140.5145 (140.5145)  time: 0.6179 (0.6179 -- 0.6179)  data: 0.5467 (0.5467 -- 0.5467)  max mem: 27089
Test: Total time: 0:00:00 (0.6183 s / it)
Test:  [0/1]  eta: 0:00:00  loss: 732.9922 (732.9922)  geo_km: 113.3248 (113.3248)  time: 0.7467 (0.7467 -- 0.7467)  data: 0.6603 (0.6603 -- 0.6603)  max mem: 27089
Test: Total time: 0:00:00 (0.7472 s / it)
eval step
start epoch160
Epoch: [160]  [ 0/15]  eta: 0:00:21  lr: 0.000279  loss: 72.8190 (72.8190)  time: 1.4040 (1.4040 -- 1.4040)  data: 1.2128 (1.2128 -- 1.2128)  max mem: 27089
Epoch: [160]  [14/15]  eta: 0:00:00  lr: 0.000277  loss: 87.2383 (91.8027)  time: 0.4777 (0.3772 -- 1.4040)  data: 0.0810 (0.0001 -- 1.2128)  max mem: 27089
Epoch: [160] Total time: 0:00:07 (0.4778 s / it)
train step
Test:  [0/1]  eta: 0:00:00  loss: 886.3799 (886.3799)  geo_km: 141.1953 (141.1953)  time: 0.6114 (0.6114 -- 0.6114)  data: 0.5404 (0.5404 -- 0.5404)  max mem: 27089
Test: Total time: 0:00:00 (0.6118 s / it)
Test:  [0/1]  eta: 0:00:00  loss: 740.2734 (740.2734)  geo_km: 114.3863 (114.3863)  time: 0.7476 (0.7476 -- 0.7476)  data: 0.6605 (0.6605 -- 0.6605)  max mem: 27089
Test: Total time: 0:00:00 (0.7481 s / it)
eval step
start epoch161
Epoch: [161]  [ 0/15]  eta: 0:00:20  lr: 0.000276  loss: 87.7642 (87.7642)  time: 1.3450 (1.3450 -- 1.3450)  data: 1.1317 (1.1317 -- 1.1317)  max mem: 27089
Epoch: [161]  [14/15]  eta: 0:00:00  lr: 0.000274  loss: 84.9224 (90.0932)  time: 0.4801 (0.3770 -- 1.3450)  data: 0.0764 (0.0001 -- 1.1317)  max mem: 27089
Epoch: [161] Total time: 0:00:07 (0.4802 s / it)
train step
Test:  [0/1]  eta: 0:00:00  loss: 628.2446 (628.2446)  geo_km: 127.9319 (127.9319)  time: 0.6188 (0.6188 -- 0.6188)  data: 0.5479 (0.5479 -- 0.5479)  max mem: 27089
Test: Total time: 0:00:00 (0.6192 s / it)
Test:  [0/1]  eta: 0:00:00  loss: 935.4609 (935.4609)  geo_km: 118.3657 (118.3657)  time: 0.7459 (0.7459 -- 0.7459)  data: 0.6588 (0.6588 -- 0.6588)  max mem: 27089
Test: Total time: 0:00:00 (0.7464 s / it)
eval step
start epoch162
Epoch: [162]  [ 0/15]  eta: 0:00:19  lr: 0.000274  loss: 147.7368 (147.7368)  time: 1.2909 (1.2909 -- 1.2909)  data: 1.0979 (1.0979 -- 1.0979)  max mem: 27089
Epoch: [162]  [14/15]  eta: 0:00:00  lr: 0.000272  loss: 85.3652 (97.1800)  time: 0.4823 (0.3766 -- 1.2909)  data: 0.0733 (0.0001 -- 1.0979)  max mem: 27089
Epoch: [162] Total time: 0:00:07 (0.4823 s / it)
train step
Test:  [0/1]  eta: 0:00:00  loss: 587.3633 (587.3633)  geo_km: 121.3030 (121.3030)  time: 0.6256 (0.6256 -- 0.6256)  data: 0.5547 (0.5547 -- 0.5547)  max mem: 27089
Test: Total time: 0:00:00 (0.6261 s / it)
Test:  [0/1]  eta: 0:00:00  loss: 771.1589 (771.1589)  geo_km: 105.6846 (105.6846)  time: 0.7389 (0.7389 -- 0.7389)  data: 0.6526 (0.6526 -- 0.6526)  max mem: 27089
Test: Total time: 0:00:00 (0.7394 s / it)
eval step
start epoch163
Epoch: [163]  [ 0/15]  eta: 0:00:17  lr: 0.000272  loss: 90.1470 (90.1470)  time: 1.1877 (1.1877 -- 1.1877)  data: 0.9770 (0.9770 -- 0.9770)  max mem: 27089
Epoch: [163]  [14/15]  eta: 0:00:00  lr: 0.000270  loss: 79.6347 (78.1940)  time: 0.4806 (0.3769 -- 1.1877)  data: 0.0662 (0.0001 -- 0.9770)  max mem: 27089
Epoch: [163] Total time: 0:00:07 (0.4807 s / it)
train step
Test:  [0/1]  eta: 0:00:00  loss: 696.5625 (696.5625)  geo_km: 129.8462 (129.8462)  time: 0.6192 (0.6192 -- 0.6192)  data: 0.5482 (0.5482 -- 0.5482)  max mem: 27089
Test: Total time: 0:00:00 (0.6197 s / it)
Test:  [0/1]  eta: 0:00:00  loss: 870.7214 (870.7214)  geo_km: 113.5731 (113.5731)  time: 0.7372 (0.7372 -- 0.7372)  data: 0.6515 (0.6515 -- 0.6515)  max mem: 27089
Test: Total time: 0:00:00 (0.7377 s / it)
eval step
start epoch164
Epoch: [164]  [ 0/15]  eta: 0:00:19  lr: 0.000270  loss: 84.8579 (84.8579)  time: 1.3053 (1.3053 -- 1.3053)  data: 1.1122 (1.1122 -- 1.1122)  max mem: 27089
Epoch: [164]  [14/15]  eta: 0:00:00  lr: 0.000268  loss: 91.7324 (98.4430)  time: 0.4793 (0.3768 -- 1.3053)  data: 0.0743 (0.0001 -- 1.1122)  max mem: 27089
Epoch: [164] Total time: 0:00:07 (0.4794 s / it)
train step
Test:  [0/1]  eta: 0:00:00  loss: 609.8594 (609.8594)  geo_km: 115.8822 (115.8822)  time: 0.6215 (0.6215 -- 0.6215)  data: 0.5505 (0.5505 -- 0.5505)  max mem: 27089
Test: Total time: 0:00:00 (0.6219 s / it)
Test:  [0/1]  eta: 0:00:00  loss: 858.6250 (858.6250)  geo_km: 121.3687 (121.3687)  time: 0.7377 (0.7377 -- 0.7377)  data: 0.6519 (0.6519 -- 0.6519)  max mem: 27089
Test: Total time: 0:00:00 (0.7381 s / it)
eval step
start epoch165
Epoch: [165]  [ 0/15]  eta: 0:00:19  lr: 0.000268  loss: 128.5728 (128.5728)  time: 1.2780 (1.2780 -- 1.2780)  data: 1.0843 (1.0843 -- 1.0843)  max mem: 27089
Epoch: [165]  [14/15]  eta: 0:00:00  lr: 0.000266  loss: 113.6899 (109.0395)  time: 0.4755 (0.3772 -- 1.2780)  data: 0.0724 (0.0001 -- 1.0843)  max mem: 27089
Epoch: [165] Total time: 0:00:07 (0.4755 s / it)
train step
Test:  [0/1]  eta: 0:00:00  loss: 752.2539 (752.2539)  geo_km: 131.8869 (131.8869)  time: 0.6179 (0.6179 -- 0.6179)  data: 0.5469 (0.5469 -- 0.5469)  max mem: 27089
Test: Total time: 0:00:00 (0.6183 s / it)
Test:  [0/1]  eta: 0:00:00  loss: 680.0312 (680.0312)  geo_km: 106.2267 (106.2267)  time: 0.7367 (0.7367 -- 0.7367)  data: 0.6510 (0.6510 -- 0.6510)  max mem: 27089
Test: Total time: 0:00:00 (0.7371 s / it)
eval step
start epoch166
Epoch: [166]  [ 0/15]  eta: 0:00:18  lr: 0.000266  loss: 91.1826 (91.1826)  time: 1.2492 (1.2492 -- 1.2492)  data: 1.0478 (1.0478 -- 1.0478)  max mem: 27089
Epoch: [166]  [14/15]  eta: 0:00:00  lr: 0.000264  loss: 87.9004 (79.5817)  time: 0.4758 (0.3767 -- 1.2492)  data: 0.0700 (0.0001 -- 1.0478)  max mem: 27089
Epoch: [166] Total time: 0:00:07 (0.4759 s / it)
train step
Test:  [0/1]  eta: 0:00:00  loss: 427.4682 (427.4682)  geo_km: 105.4001 (105.4001)  time: 0.6199 (0.6199 -- 0.6199)  data: 0.5489 (0.5489 -- 0.5489)  max mem: 27089
Test: Total time: 0:00:00 (0.6203 s / it)
Test:  [0/1]  eta: 0:00:00  loss: 617.6406 (617.6406)  geo_km: 110.2882 (110.2882)  time: 0.7328 (0.7328 -- 0.7328)  data: 0.6472 (0.6472 -- 0.6472)  max mem: 27089
Test: Total time: 0:00:00 (0.7333 s / it)
eval step
start epoch167
Epoch: [167]  [ 0/15]  eta: 0:00:17  lr: 0.000263  loss: 117.2969 (117.2969)  time: 1.1741 (1.1741 -- 1.1741)  data: 0.9795 (0.9795 -- 0.9795)  max mem: 27089
Epoch: [167]  [14/15]  eta: 0:00:00  lr: 0.000261  loss: 101.5356 (96.7080)  time: 0.4782 (0.3770 -- 1.1741)  data: 0.0654 (0.0001 -- 0.9795)  max mem: 27089
Epoch: [167] Total time: 0:00:07 (0.4783 s / it)
train step
Test:  [0/1]  eta: 0:00:00  loss: 637.6354 (637.6354)  geo_km: 128.2858 (128.2858)  time: 0.6186 (0.6186 -- 0.6186)  data: 0.5476 (0.5476 -- 0.5476)  max mem: 27089
Test: Total time: 0:00:00 (0.6190 s / it)
Test:  [0/1]  eta: 0:00:00  loss: 452.8047 (452.8047)  geo_km: 86.3979 (86.3979)  time: 0.7372 (0.7372 -- 0.7372)  data: 0.6514 (0.6514 -- 0.6514)  max mem: 27089
Test: Total time: 0:00:00 (0.7376 s / it)
eval step
start epoch168
Epoch: [168]  [ 0/15]  eta: 0:00:19  lr: 0.000261  loss: 70.2848 (70.2848)  time: 1.2692 (1.2692 -- 1.2692)  data: 1.0634 (1.0634 -- 1.0634)  max mem: 27089
Epoch: [168]  [14/15]  eta: 0:00:00  lr: 0.000259  loss: 87.4570 (86.2600)  time: 0.4855 (0.3769 -- 1.2692)  data: 0.0710 (0.0001 -- 1.0634)  max mem: 27089
Epoch: [168] Total time: 0:00:07 (0.4856 s / it)
train step
Test:  [0/1]  eta: 0:00:00  loss: 727.2338 (727.2338)  geo_km: 131.8708 (131.8708)  time: 0.6185 (0.6185 -- 0.6185)  data: 0.5474 (0.5474 -- 0.5474)  max mem: 27089
Test: Total time: 0:00:00 (0.6189 s / it)
Test:  [0/1]  eta: 0:00:00  loss: 548.0339 (548.0339)  geo_km: 99.7350 (99.7350)  time: 0.7374 (0.7374 -- 0.7374)  data: 0.6515 (0.6515 -- 0.6515)  max mem: 27089
Test: Total time: 0:00:00 (0.7378 s / it)
eval step
start epoch169
Epoch: [169]  [ 0/15]  eta: 0:00:20  lr: 0.000259  loss: 115.9990 (115.9990)  time: 1.3817 (1.3817 -- 1.3817)  data: 1.1925 (1.1925 -- 1.1925)  max mem: 27089
Epoch: [169]  [14/15]  eta: 0:00:00  lr: 0.000257  loss: 98.4308 (95.5255)  time: 0.4760 (0.3772 -- 1.3817)  data: 0.0796 (0.0001 -- 1.1925)  max mem: 27089
Epoch: [169] Total time: 0:00:07 (0.4760 s / it)
train step
Test:  [0/1]  eta: 0:00:00  loss: 728.5695 (728.5695)  geo_km: 135.9532 (135.9532)  time: 0.6117 (0.6117 -- 0.6117)  data: 0.5405 (0.5405 -- 0.5405)  max mem: 27089
Test: Total time: 0:00:00 (0.6121 s / it)
Test:  [0/1]  eta: 0:00:00  loss: 675.2500 (675.2500)  geo_km: 107.1731 (107.1731)  time: 0.7345 (0.7345 -- 0.7345)  data: 0.6488 (0.6488 -- 0.6488)  max mem: 27089
Test: Total time: 0:00:00 (0.7349 s / it)
eval step
start epoch170
Epoch: [170]  [ 0/15]  eta: 0:00:18  lr: 0.000257  loss: 94.5645 (94.5645)  time: 1.2107 (1.2107 -- 1.2107)  data: 0.9825 (0.9825 -- 0.9825)  max mem: 27089
Epoch: [170]  [14/15]  eta: 0:00:00  lr: 0.000255  loss: 78.2620 (76.8181)  time: 0.4779 (0.3768 -- 1.2107)  data: 0.0671 (0.0001 -- 0.9825)  max mem: 27089
Epoch: [170] Total time: 0:00:07 (0.4779 s / it)
train step
Test:  [0/1]  eta: 0:00:00  loss: 451.5549 (451.5549)  geo_km: 103.5008 (103.5008)  time: 0.6094 (0.6094 -- 0.6094)  data: 0.5383 (0.5383 -- 0.5383)  max mem: 27089
Test: Total time: 0:00:00 (0.6099 s / it)
Test:  [0/1]  eta: 0:00:00  loss: 627.4089 (627.4089)  geo_km: 110.3478 (110.3478)  time: 0.7418 (0.7418 -- 0.7418)  data: 0.6551 (0.6551 -- 0.6551)  max mem: 27089
Test: Total time: 0:00:00 (0.7422 s / it)
eval step
start epoch171
Epoch: [171]  [ 0/15]  eta: 0:00:17  lr: 0.000255  loss: 69.2500 (69.2500)  time: 1.1660 (1.1660 -- 1.1660)  data: 0.9719 (0.9719 -- 0.9719)  max mem: 27089
Epoch: [171]  [14/15]  eta: 0:00:00  lr: 0.000253  loss: 73.2266 (78.2222)  time: 0.4807 (0.3773 -- 1.1660)  data: 0.0654 (0.0001 -- 0.9719)  max mem: 27089
Epoch: [171] Total time: 0:00:07 (0.4808 s / it)
train step
Test:  [0/1]  eta: 0:00:00  loss: 493.0758 (493.0758)  geo_km: 115.3474 (115.3474)  time: 0.6129 (0.6129 -- 0.6129)  data: 0.5419 (0.5419 -- 0.5419)  max mem: 27089
Test: Total time: 0:00:00 (0.6134 s / it)
Test:  [0/1]  eta: 0:00:00  loss: 568.6979 (568.6979)  geo_km: 101.0410 (101.0410)  time: 0.7362 (0.7362 -- 0.7362)  data: 0.6504 (0.6504 -- 0.6504)  max mem: 27089
Test: Total time: 0:00:00 (0.7366 s / it)
eval step
start epoch172
Epoch: [172]  [ 0/15]  eta: 0:00:20  lr: 0.000253  loss: 50.1079 (50.1079)  time: 1.3358 (1.3358 -- 1.3358)  data: 1.1262 (1.1262 -- 1.1262)  max mem: 27089
Epoch: [172]  [14/15]  eta: 0:00:00  lr: 0.000251  loss: 76.8340 (71.8704)  time: 0.4768 (0.3768 -- 1.3358)  data: 0.0754 (0.0001 -- 1.1262)  max mem: 27089
Epoch: [172] Total time: 0:00:07 (0.4769 s / it)
train step
Test:  [0/1]  eta: 0:00:00  loss: 627.1250 (627.1250)  geo_km: 123.4062 (123.4062)  time: 0.6123 (0.6123 -- 0.6123)  data: 0.5414 (0.5414 -- 0.5414)  max mem: 27089
Test: Total time: 0:00:00 (0.6128 s / it)
Test:  [0/1]  eta: 0:00:00  loss: 666.1875 (666.1875)  geo_km: 106.6179 (106.6179)  time: 0.7424 (0.7424 -- 0.7424)  data: 0.6556 (0.6556 -- 0.6556)  max mem: 27089
Test: Total time: 0:00:00 (0.7428 s / it)
eval step
start epoch173
Epoch: [173]  [ 0/15]  eta: 0:00:21  lr: 0.000251  loss: 74.2664 (74.2664)  time: 1.4022 (1.4022 -- 1.4022)  data: 1.2116 (1.2116 -- 1.2116)  max mem: 27089
Epoch: [173]  [14/15]  eta: 0:00:00  lr: 0.000249  loss: 87.3595 (91.2533)  time: 0.4772 (0.3771 -- 1.4022)  data: 0.0809 (0.0001 -- 1.2116)  max mem: 27089
Epoch: [173] Total time: 0:00:07 (0.4773 s / it)
train step
Test:  [0/1]  eta: 0:00:00  loss: 559.1008 (559.1008)  geo_km: 113.8864 (113.8864)  time: 0.6188 (0.6188 -- 0.6188)  data: 0.5477 (0.5477 -- 0.5477)  max mem: 27089
Test: Total time: 0:00:00 (0.6193 s / it)
Test:  [0/1]  eta: 0:00:00  loss: 551.6641 (551.6641)  geo_km: 96.4963 (96.4963)  time: 0.7460 (0.7460 -- 0.7460)  data: 0.6591 (0.6591 -- 0.6591)  max mem: 27089
Test: Total time: 0:00:00 (0.7465 s / it)
eval step
start epoch174
Epoch: [174]  [ 0/15]  eta: 0:00:18  lr: 0.000248  loss: 86.3678 (86.3678)  time: 1.2034 (1.2034 -- 1.2034)  data: 0.9839 (0.9839 -- 0.9839)  max mem: 27089
Epoch: [174]  [14/15]  eta: 0:00:00  lr: 0.000246  loss: 84.4648 (90.1499)  time: 0.4770 (0.3774 -- 1.2034)  data: 0.0657 (0.0001 -- 0.9839)  max mem: 27089
Epoch: [174] Total time: 0:00:07 (0.4771 s / it)
train step
Test:  [0/1]  eta: 0:00:00  loss: 625.3613 (625.3613)  geo_km: 112.8578 (112.8578)  time: 0.6100 (0.6100 -- 0.6100)  data: 0.5390 (0.5390 -- 0.5390)  max mem: 27089
Test: Total time: 0:00:00 (0.6104 s / it)
Test:  [0/1]  eta: 0:00:00  loss: 534.7318 (534.7318)  geo_km: 93.3761 (93.3761)  time: 0.7349 (0.7349 -- 0.7349)  data: 0.6492 (0.6492 -- 0.6492)  max mem: 27089
Test: Total time: 0:00:00 (0.7353 s / it)
eval step
start epoch175
Epoch: [175]  [ 0/15]  eta: 0:00:18  lr: 0.000246  loss: 100.6270 (100.6270)  time: 1.2548 (1.2548 -- 1.2548)  data: 1.0600 (1.0600 -- 1.0600)  max mem: 27089
Epoch: [175]  [14/15]  eta: 0:00:00  lr: 0.000244  loss: 76.5693 (80.0710)  time: 0.4792 (0.3771 -- 1.2548)  data: 0.0729 (0.0001 -- 1.0600)  max mem: 27089
Epoch: [175] Total time: 0:00:07 (0.4793 s / it)
train step
Test:  [0/1]  eta: 0:00:00  loss: 605.8289 (605.8289)  geo_km: 122.2244 (122.2244)  time: 0.6109 (0.6109 -- 0.6109)  data: 0.5397 (0.5397 -- 0.5397)  max mem: 27089
Test: Total time: 0:00:00 (0.6113 s / it)
Test:  [0/1]  eta: 0:00:00  loss: 438.9642 (438.9642)  geo_km: 83.9655 (83.9655)  time: 0.7394 (0.7394 -- 0.7394)  data: 0.6529 (0.6529 -- 0.6529)  max mem: 27089
Test: Total time: 0:00:00 (0.7399 s / it)
eval step
start epoch176
Epoch: [176]  [ 0/15]  eta: 0:00:17  lr: 0.000244  loss: 84.1388 (84.1388)  time: 1.1912 (1.1912 -- 1.1912)  data: 0.9846 (0.9846 -- 0.9846)  max mem: 27089
Epoch: [176]  [14/15]  eta: 0:00:00  lr: 0.000242  loss: 65.1060 (66.3626)  time: 0.4789 (0.3769 -- 1.1912)  data: 0.0718 (0.0001 -- 0.9846)  max mem: 27089
Epoch: [176] Total time: 0:00:07 (0.4790 s / it)
train step
Test:  [0/1]  eta: 0:00:00  loss: 545.6446 (545.6446)  geo_km: 110.0770 (110.0770)  time: 0.6168 (0.6168 -- 0.6168)  data: 0.5456 (0.5456 -- 0.5456)  max mem: 27089
Test: Total time: 0:00:00 (0.6172 s / it)
Test:  [0/1]  eta: 0:00:00  loss: 468.7109 (468.7109)  geo_km: 89.7891 (89.7891)  time: 0.7393 (0.7393 -- 0.7393)  data: 0.6535 (0.6535 -- 0.6535)  max mem: 27089
Test: Total time: 0:00:00 (0.7398 s / it)
eval step
start epoch177
Epoch: [177]  [ 0/15]  eta: 0:00:21  lr: 0.000242  loss: 64.3199 (64.3199)  time: 1.4129 (1.4129 -- 1.4129)  data: 1.2078 (1.2078 -- 1.2078)  max mem: 27089
Epoch: [177]  [14/15]  eta: 0:00:00  lr: 0.000240  loss: 68.8756 (70.1428)  time: 0.4765 (0.3764 -- 1.4129)  data: 0.0807 (0.0001 -- 1.2078)  max mem: 27089
Epoch: [177] Total time: 0:00:07 (0.4765 s / it)
train step
Test:  [0/1]  eta: 0:00:00  loss: 556.5883 (556.5883)  geo_km: 118.3062 (118.3061)  time: 0.6141 (0.6141 -- 0.6141)  data: 0.5432 (0.5432 -- 0.5432)  max mem: 27089
Test: Total time: 0:00:00 (0.6146 s / it)
Test:  [0/1]  eta: 0:00:00  loss: 490.9948 (490.9948)  geo_km: 92.9649 (92.9649)  time: 0.7466 (0.7466 -- 0.7466)  data: 0.6597 (0.6597 -- 0.6597)  max mem: 27089
Test: Total time: 0:00:00 (0.7471 s / it)
eval step
start epoch178
Epoch: [178]  [ 0/15]  eta: 0:00:17  lr: 0.000240  loss: 72.5901 (72.5901)  time: 1.1871 (1.1871 -- 1.1871)  data: 0.9780 (0.9780 -- 0.9780)  max mem: 27089
Epoch: [178]  [14/15]  eta: 0:00:00  lr: 0.000238  loss: 60.5127 (68.4833)  time: 0.4750 (0.3768 -- 1.1871)  data: 0.0653 (0.0001 -- 0.9780)  max mem: 27089
Epoch: [178] Total time: 0:00:07 (0.4751 s / it)
train step
Test:  [0/1]  eta: 0:00:00  loss: 551.8221 (551.8221)  geo_km: 113.5071 (113.5071)  time: 0.6194 (0.6194 -- 0.6194)  data: 0.5485 (0.5485 -- 0.5485)  max mem: 27089
Test: Total time: 0:00:00 (0.6199 s / it)
Test:  [0/1]  eta: 0:00:00  loss: 528.9375 (528.9375)  geo_km: 92.2030 (92.2030)  time: 0.7362 (0.7362 -- 0.7362)  data: 0.6506 (0.6506 -- 0.6506)  max mem: 27089
Test: Total time: 0:00:00 (0.7367 s / it)
eval step
start epoch179
Epoch: [179]  [ 0/15]  eta: 0:00:20  lr: 0.000238  loss: 60.9113 (60.9113)  time: 1.3518 (1.3518 -- 1.3518)  data: 1.1411 (1.1411 -- 1.1411)  max mem: 27089
Epoch: [179]  [14/15]  eta: 0:00:00  lr: 0.000236  loss: 60.9113 (64.2880)  time: 0.4793 (0.3767 -- 1.3518)  data: 0.0762 (0.0001 -- 1.1411)  max mem: 27089
Epoch: [179] Total time: 0:00:07 (0.4793 s / it)
train step
Test:  [0/1]  eta: 0:00:00  loss: 659.1877 (659.1877)  geo_km: 127.4024 (127.4023)  time: 0.6084 (0.6084 -- 0.6084)  data: 0.5374 (0.5374 -- 0.5374)  max mem: 27089
Test: Total time: 0:00:00 (0.6088 s / it)
Test:  [0/1]  eta: 0:00:00  loss: 729.9375 (729.9375)  geo_km: 113.2558 (113.2558)  time: 0.7288 (0.7288 -- 0.7288)  data: 0.6430 (0.6430 -- 0.6430)  max mem: 27089
Test: Total time: 0:00:00 (0.7292 s / it)
eval step
start epoch180
Epoch: [180]  [ 0/15]  eta: 0:00:17  lr: 0.000236  loss: 46.1178 (46.1178)  time: 1.1678 (1.1678 -- 1.1678)  data: 0.9725 (0.9725 -- 0.9725)  max mem: 27089
Epoch: [180]  [14/15]  eta: 0:00:00  lr: 0.000234  loss: 62.7441 (62.9635)  time: 0.4740 (0.3765 -- 1.1678)  data: 0.0651 (0.0001 -- 0.9725)  max mem: 27089
Epoch: [180] Total time: 0:00:07 (0.4741 s / it)
train step
Test:  [0/1]  eta: 0:00:00  loss: 525.8852 (525.8852)  geo_km: 115.9361 (115.9361)  time: 0.6235 (0.6235 -- 0.6235)  data: 0.5526 (0.5526 -- 0.5526)  max mem: 27089
Test: Total time: 0:00:00 (0.6239 s / it)
Test:  [0/1]  eta: 0:00:00  loss: 451.8646 (451.8646)  geo_km: 90.3544 (90.3544)  time: 0.7336 (0.7336 -- 0.7336)  data: 0.6480 (0.6480 -- 0.6480)  max mem: 27089
Test: Total time: 0:00:00 (0.7341 s / it)
eval step
start epoch181
Epoch: [181]  [ 0/15]  eta: 0:00:17  lr: 0.000234  loss: 67.3750 (67.3750)  time: 1.1779 (1.1779 -- 1.1779)  data: 0.9763 (0.9763 -- 0.9763)  max mem: 27089
Epoch: [181]  [14/15]  eta: 0:00:00  lr: 0.000232  loss: 67.3091 (64.9514)  time: 0.4813 (0.3771 -- 1.1779)  data: 0.0652 (0.0001 -- 0.9763)  max mem: 27089
Epoch: [181] Total time: 0:00:07 (0.4814 s / it)
train step
Test:  [0/1]  eta: 0:00:00  loss: 583.8627 (583.8627)  geo_km: 120.3398 (120.3398)  time: 0.6157 (0.6157 -- 0.6157)  data: 0.5447 (0.5447 -- 0.5447)  max mem: 27089
Test: Total time: 0:00:00 (0.6162 s / it)
Test:  [0/1]  eta: 0:00:00  loss: 530.6276 (530.6276)  geo_km: 96.6936 (96.6936)  time: 0.7258 (0.7258 -- 0.7258)  data: 0.6400 (0.6400 -- 0.6400)  max mem: 27089
Test: Total time: 0:00:00 (0.7263 s / it)
eval step
start epoch182
Epoch: [182]  [ 0/15]  eta: 0:00:17  lr: 0.000232  loss: 64.7954 (64.7954)  time: 1.1721 (1.1721 -- 1.1721)  data: 0.9782 (0.9782 -- 0.9782)  max mem: 27089
Epoch: [182]  [14/15]  eta: 0:00:00  lr: 0.000230  loss: 54.0742 (56.8270)  time: 0.4728 (0.3665 -- 1.1721)  data: 0.0673 (0.0001 -- 0.9782)  max mem: 27089
Epoch: [182] Total time: 0:00:07 (0.4729 s / it)
train step
Test:  [0/1]  eta: 0:00:00  loss: 656.9570 (656.9570)  geo_km: 132.6686 (132.6686)  time: 0.6217 (0.6217 -- 0.6217)  data: 0.5495 (0.5495 -- 0.5495)  max mem: 27089
Test: Total time: 0:00:00 (0.6221 s / it)
Test:  [0/1]  eta: 0:00:00  loss: 604.2734 (604.2734)  geo_km: 101.3949 (101.3949)  time: 0.7415 (0.7415 -- 0.7415)  data: 0.6559 (0.6559 -- 0.6559)  max mem: 27089
Test: Total time: 0:00:00 (0.7420 s / it)
eval step
start epoch183
Epoch: [183]  [ 0/15]  eta: 0:00:18  lr: 0.000230  loss: 56.9531 (56.9531)  time: 1.2571 (1.2571 -- 1.2571)  data: 1.0517 (1.0517 -- 1.0517)  max mem: 27089
Epoch: [183]  [14/15]  eta: 0:00:00  lr: 0.000228  loss: 59.3330 (59.2213)  time: 0.4805 (0.3769 -- 1.2571)  data: 0.0702 (0.0001 -- 1.0517)  max mem: 27089
Epoch: [183] Total time: 0:00:07 (0.4806 s / it)
train step
Test:  [0/1]  eta: 0:00:00  loss: 584.2658 (584.2658)  geo_km: 117.1608 (117.1608)  time: 0.6176 (0.6176 -- 0.6176)  data: 0.5462 (0.5462 -- 0.5462)  max mem: 27089
Test: Total time: 0:00:00 (0.6180 s / it)
Test:  [0/1]  eta: 0:00:00  loss: 609.5521 (609.5521)  geo_km: 105.8469 (105.8469)  time: 0.7434 (0.7434 -- 0.7434)  data: 0.6576 (0.6576 -- 0.6576)  max mem: 27089
Test: Total time: 0:00:00 (0.7439 s / it)
eval step
start epoch184
Epoch: [184]  [ 0/15]  eta: 0:00:18  lr: 0.000228  loss: 33.6895 (33.6895)  time: 1.2356 (1.2356 -- 1.2356)  data: 1.0416 (1.0416 -- 1.0416)  max mem: 27089
Epoch: [184]  [14/15]  eta: 0:00:00  lr: 0.000226  loss: 42.7075 (47.0521)  time: 0.4806 (0.3773 -- 1.2356)  data: 0.0696 (0.0001 -- 1.0416)  max mem: 27089
Epoch: [184] Total time: 0:00:07 (0.4806 s / it)
train step
Test:  [0/1]  eta: 0:00:00  loss: 710.5602 (710.5602)  geo_km: 130.6013 (130.6013)  time: 0.6128 (0.6128 -- 0.6128)  data: 0.5416 (0.5416 -- 0.5416)  max mem: 27089
Test: Total time: 0:00:00 (0.6132 s / it)
Test:  [0/1]  eta: 0:00:00  loss: 588.1459 (588.1459)  geo_km: 100.7341 (100.7341)  time: 0.7379 (0.7379 -- 0.7379)  data: 0.6520 (0.6520 -- 0.6520)  max mem: 27089
Test: Total time: 0:00:00 (0.7383 s / it)
eval step
start epoch185
Epoch: [185]  [ 0/15]  eta: 0:00:21  lr: 0.000225  loss: 69.9473 (69.9473)  time: 1.4358 (1.4358 -- 1.4358)  data: 1.2400 (1.2400 -- 1.2400)  max mem: 27089
Epoch: [185]  [14/15]  eta: 0:00:00  lr: 0.000224  loss: 49.1724 (55.8555)  time: 0.4874 (0.3771 -- 1.4358)  data: 0.0828 (0.0001 -- 1.2400)  max mem: 27089
Epoch: [185] Total time: 0:00:07 (0.4875 s / it)
train step
Test:  [0/1]  eta: 0:00:00  loss: 635.6071 (635.6071)  geo_km: 124.2435 (124.2435)  time: 0.6122 (0.6122 -- 0.6122)  data: 0.5412 (0.5412 -- 0.5412)  max mem: 27089
Test: Total time: 0:00:00 (0.6126 s / it)
Test:  [0/1]  eta: 0:00:00  loss: 613.8594 (613.8594)  geo_km: 105.0188 (105.0188)  time: 0.7404 (0.7404 -- 0.7404)  data: 0.6546 (0.6546 -- 0.6546)  max mem: 27089
Test: Total time: 0:00:00 (0.7409 s / it)
eval step
start epoch186
Epoch: [186]  [ 0/15]  eta: 0:00:20  lr: 0.000223  loss: 16.0723 (16.0723)  time: 1.3338 (1.3338 -- 1.3338)  data: 1.1347 (1.1347 -- 1.1347)  max mem: 27089
Epoch: [186]  [14/15]  eta: 0:00:00  lr: 0.000222  loss: 55.4824 (54.9969)  time: 0.4778 (0.3772 -- 1.3338)  data: 0.0758 (0.0001 -- 1.1347)  max mem: 27089
Epoch: [186] Total time: 0:00:07 (0.4779 s / it)
train step
Test:  [0/1]  eta: 0:00:00  loss: 551.4102 (551.4102)  geo_km: 125.6520 (125.6520)  time: 0.6120 (0.6120 -- 0.6120)  data: 0.5407 (0.5407 -- 0.5407)  max mem: 27089
Test: Total time: 0:00:00 (0.6125 s / it)
Test:  [0/1]  eta: 0:00:00  loss: 739.3256 (739.3256)  geo_km: 117.1559 (117.1559)  time: 0.7319 (0.7319 -- 0.7319)  data: 0.6463 (0.6463 -- 0.6463)  max mem: 27089
Test: Total time: 0:00:00 (0.7324 s / it)
eval step
start epoch187
Epoch: [187]  [ 0/15]  eta: 0:00:20  lr: 0.000221  loss: 65.5195 (65.5195)  time: 1.3709 (1.3709 -- 1.3709)  data: 1.1794 (1.1794 -- 1.1794)  max mem: 27089
Epoch: [187]  [14/15]  eta: 0:00:00  lr: 0.000219  loss: 67.3380 (73.5087)  time: 0.4721 (0.3773 -- 1.3709)  data: 0.0788 (0.0001 -- 1.1794)  max mem: 27089
Epoch: [187] Total time: 0:00:07 (0.4721 s / it)
train step
Test:  [0/1]  eta: 0:00:00  loss: 614.8539 (614.8539)  geo_km: 125.8328 (125.8328)  time: 0.6145 (0.6145 -- 0.6145)  data: 0.5434 (0.5434 -- 0.5434)  max mem: 27089
Test: Total time: 0:00:00 (0.6150 s / it)
Test:  [0/1]  eta: 0:00:00  loss: 513.5632 (513.5632)  geo_km: 95.6979 (95.6979)  time: 0.7375 (0.7375 -- 0.7375)  data: 0.6517 (0.6517 -- 0.6517)  max mem: 27089
Test: Total time: 0:00:00 (0.7379 s / it)
eval step
start epoch188
Epoch: [188]  [ 0/15]  eta: 0:00:20  lr: 0.000219  loss: 66.8320 (66.8320)  time: 1.3910 (1.3910 -- 1.3910)  data: 1.1958 (1.1958 -- 1.1958)  max mem: 27089
Epoch: [188]  [14/15]  eta: 0:00:00  lr: 0.000217  loss: 62.3516 (66.0741)  time: 0.4793 (0.3770 -- 1.3910)  data: 0.0799 (0.0001 -- 1.1958)  max mem: 27089
Epoch: [188] Total time: 0:00:07 (0.4794 s / it)
train step
Test:  [0/1]  eta: 0:00:00  loss: 694.0695 (694.0695)  geo_km: 135.0936 (135.0936)  time: 0.6155 (0.6155 -- 0.6155)  data: 0.5440 (0.5440 -- 0.5440)  max mem: 27089
Test: Total time: 0:00:00 (0.6160 s / it)
Test:  [0/1]  eta: 0:00:00  loss: 487.3958 (487.3958)  geo_km: 89.1082 (89.1082)  time: 0.7250 (0.7250 -- 0.7250)  data: 0.6393 (0.6393 -- 0.6393)  max mem: 27089
Test: Total time: 0:00:00 (0.7255 s / it)
eval step
start epoch189
Epoch: [189]  [ 0/15]  eta: 0:00:20  lr: 0.000217  loss: 44.0962 (44.0962)  time: 1.3705 (1.3705 -- 1.3705)  data: 1.1803 (1.1803 -- 1.1803)  max mem: 27089
Epoch: [189]  [14/15]  eta: 0:00:00  lr: 0.000215  loss: 55.6992 (54.3018)  time: 0.4740 (0.3771 -- 1.3705)  data: 0.0788 (0.0001 -- 1.1803)  max mem: 27089
Epoch: [189] Total time: 0:00:07 (0.4741 s / it)
train step
Test:  [0/1]  eta: 0:00:00  loss: 655.9192 (655.9192)  geo_km: 128.6907 (128.6907)  time: 0.6091 (0.6091 -- 0.6091)  data: 0.5381 (0.5381 -- 0.5381)  max mem: 27089
Test: Total time: 0:00:00 (0.6095 s / it)
Test:  [0/1]  eta: 0:00:00  loss: 544.7214 (544.7214)  geo_km: 95.4616 (95.4616)  time: 0.7310 (0.7310 -- 0.7310)  data: 0.6451 (0.6451 -- 0.6451)  max mem: 27089
Test: Total time: 0:00:00 (0.7314 s / it)
eval step
start epoch190
Epoch: [190]  [ 0/15]  eta: 0:00:19  lr: 0.000215  loss: 52.6914 (52.6914)  time: 1.3166 (1.3166 -- 1.3166)  data: 1.1144 (1.1144 -- 1.1144)  max mem: 27089
Epoch: [190]  [14/15]  eta: 0:00:00  lr: 0.000213  loss: 44.9824 (44.7727)  time: 0.4798 (0.3772 -- 1.3166)  data: 0.0744 (0.0001 -- 1.1144)  max mem: 27089
Epoch: [190] Total time: 0:00:07 (0.4799 s / it)
train step
Test:  [0/1]  eta: 0:00:00  loss: 674.3891 (674.3891)  geo_km: 126.7757 (126.7757)  time: 0.6100 (0.6100 -- 0.6100)  data: 0.5390 (0.5390 -- 0.5390)  max mem: 27089
Test: Total time: 0:00:00 (0.6105 s / it)
Test:  [0/1]  eta: 0:00:00  loss: 544.6068 (544.6068)  geo_km: 94.5721 (94.5721)  time: 0.7376 (0.7376 -- 0.7376)  data: 0.6513 (0.6513 -- 0.6513)  max mem: 27089
Test: Total time: 0:00:00 (0.7380 s / it)
eval step
start epoch191
Epoch: [191]  [ 0/15]  eta: 0:00:19  lr: 0.000213  loss: 35.1079 (35.1079)  time: 1.3209 (1.3209 -- 1.3209)  data: 1.1146 (1.1146 -- 1.1146)  max mem: 27089
Epoch: [191]  [14/15]  eta: 0:00:00  lr: 0.000211  loss: 36.4750 (36.9305)  time: 0.4786 (0.3766 -- 1.3209)  data: 0.0744 (0.0001 -- 1.1146)  max mem: 27089
Epoch: [191] Total time: 0:00:07 (0.4787 s / it)
train step
Test:  [0/1]  eta: 0:00:00  loss: 630.5469 (630.5469)  geo_km: 126.5098 (126.5098)  time: 0.6128 (0.6128 -- 0.6128)  data: 0.5417 (0.5417 -- 0.5417)  max mem: 27089
Test: Total time: 0:00:00 (0.6133 s / it)
Test:  [0/1]  eta: 0:00:00  loss: 583.6562 (583.6562)  geo_km: 100.5506 (100.5506)  time: 0.7368 (0.7368 -- 0.7368)  data: 0.6510 (0.6510 -- 0.6510)  max mem: 27089
Test: Total time: 0:00:00 (0.7373 s / it)
eval step
start epoch192
Epoch: [192]  [ 0/15]  eta: 0:00:18  lr: 0.000211  loss: 39.8652 (39.8652)  time: 1.2624 (1.2624 -- 1.2624)  data: 1.0566 (1.0566 -- 1.0566)  max mem: 27089
Epoch: [192]  [14/15]  eta: 0:00:00  lr: 0.000209  loss: 38.6113 (39.5463)  time: 0.4794 (0.3772 -- 1.2624)  data: 0.0731 (0.0001 -- 1.0566)  max mem: 27089
Epoch: [192] Total time: 0:00:07 (0.4795 s / it)
train step
Test:  [0/1]  eta: 0:00:00  loss: 548.6750 (548.6750)  geo_km: 114.4097 (114.4097)  time: 0.6175 (0.6175 -- 0.6175)  data: 0.5464 (0.5464 -- 0.5464)  max mem: 27089
Test: Total time: 0:00:00 (0.6180 s / it)
Test:  [0/1]  eta: 0:00:00  loss: 395.1667 (395.1667)  geo_km: 79.2643 (79.2643)  time: 0.7410 (0.7410 -- 0.7410)  data: 0.6551 (0.6551 -- 0.6551)  max mem: 27089
Test: Total time: 0:00:00 (0.7415 s / it)
eval step
start epoch193
Epoch: [193]  [ 0/15]  eta: 0:00:19  lr: 0.000209  loss: 30.6172 (30.6172)  time: 1.3142 (1.3142 -- 1.3142)  data: 1.1170 (1.1170 -- 1.1170)  max mem: 27089
Epoch: [193]  [14/15]  eta: 0:00:00  lr: 0.000207  loss: 38.1396 (38.8886)  time: 0.4711 (0.3769 -- 1.3142)  data: 0.0746 (0.0001 -- 1.1170)  max mem: 27089
Epoch: [193] Total time: 0:00:07 (0.4712 s / it)
train step
Test:  [0/1]  eta: 0:00:00  loss: 549.3633 (549.3633)  geo_km: 118.0283 (118.0283)  time: 0.6090 (0.6090 -- 0.6090)  data: 0.5381 (0.5381 -- 0.5381)  max mem: 27089
Test: Total time: 0:00:00 (0.6095 s / it)
Test:  [0/1]  eta: 0:00:00  loss: 508.0651 (508.0651)  geo_km: 95.5801 (95.5801)  time: 0.7392 (0.7392 -- 0.7392)  data: 0.6532 (0.6532 -- 0.6532)  max mem: 27089
Test: Total time: 0:00:00 (0.7396 s / it)
eval step
start epoch194
Epoch: [194]  [ 0/15]  eta: 0:00:17  lr: 0.000207  loss: 27.8555 (27.8555)  time: 1.1729 (1.1729 -- 1.1729)  data: 0.9792 (0.9792 -- 0.9792)  max mem: 27089
Epoch: [194]  [14/15]  eta: 0:00:00  lr: 0.000205  loss: 39.5908 (41.2500)  time: 0.4757 (0.3770 -- 1.1729)  data: 0.0654 (0.0001 -- 0.9792)  max mem: 27089
Epoch: [194] Total time: 0:00:07 (0.4758 s / it)
train step
Test:  [0/1]  eta: 0:00:00  loss: 518.0244 (518.0244)  geo_km: 109.3602 (109.3602)  time: 0.6132 (0.6132 -- 0.6132)  data: 0.5421 (0.5421 -- 0.5421)  max mem: 27089
Test: Total time: 0:00:00 (0.6136 s / it)
Test:  [0/1]  eta: 0:00:00  loss: 485.5339 (485.5339)  geo_km: 86.4296 (86.4296)  time: 0.7375 (0.7375 -- 0.7375)  data: 0.6518 (0.6518 -- 0.6518)  max mem: 27089
Test: Total time: 0:00:00 (0.7379 s / it)
eval step
start epoch195
Epoch: [195]  [ 0/15]  eta: 0:00:18  lr: 0.000205  loss: 70.1680 (70.1680)  time: 1.2414 (1.2414 -- 1.2414)  data: 1.0460 (1.0460 -- 1.0460)  max mem: 27089
Epoch: [195]  [14/15]  eta: 0:00:00  lr: 0.000204  loss: 48.1237 (47.5392)  time: 0.4797 (0.3734 -- 1.2414)  data: 0.0707 (0.0001 -- 1.0460)  max mem: 27089
Epoch: [195] Total time: 0:00:07 (0.4798 s / it)
train step
Test:  [0/1]  eta: 0:00:00  loss: 533.6938 (533.6938)  geo_km: 117.2625 (117.2625)  time: 0.6135 (0.6135 -- 0.6135)  data: 0.5424 (0.5424 -- 0.5424)  max mem: 27089
Test: Total time: 0:00:00 (0.6140 s / it)
Test:  [0/1]  eta: 0:00:00  loss: 480.5339 (480.5339)  geo_km: 90.9081 (90.9081)  time: 0.7422 (0.7422 -- 0.7422)  data: 0.6564 (0.6564 -- 0.6564)  max mem: 27089
Test: Total time: 0:00:00 (0.7427 s / it)
eval step
start epoch196
Epoch: [196]  [ 0/15]  eta: 0:00:17  lr: 0.000203  loss: 35.5562 (35.5562)  time: 1.1735 (1.1735 -- 1.1735)  data: 0.9783 (0.9783 -- 0.9783)  max mem: 27089
Epoch: [196]  [14/15]  eta: 0:00:00  lr: 0.000202  loss: 27.3872 (29.2423)  time: 0.4764 (0.3769 -- 1.1735)  data: 0.0668 (0.0001 -- 0.9783)  max mem: 27089
Epoch: [196] Total time: 0:00:07 (0.4765 s / it)
train step
Test:  [0/1]  eta: 0:00:00  loss: 570.4758 (570.4758)  geo_km: 121.7797 (121.7797)  time: 0.6109 (0.6109 -- 0.6109)  data: 0.5400 (0.5400 -- 0.5400)  max mem: 27089
Test: Total time: 0:00:00 (0.6114 s / it)
Test:  [0/1]  eta: 0:00:00  loss: 546.2344 (546.2344)  geo_km: 92.0793 (92.0793)  time: 0.7480 (0.7480 -- 0.7480)  data: 0.6611 (0.6611 -- 0.6611)  max mem: 27089
Test: Total time: 0:00:00 (0.7485 s / it)
eval step
start epoch197
Epoch: [197]  [ 0/15]  eta: 0:00:19  lr: 0.000201  loss: 22.7310 (22.7310)  time: 1.3209 (1.3209 -- 1.3209)  data: 1.1145 (1.1145 -- 1.1145)  max mem: 27089
Epoch: [197]  [14/15]  eta: 0:00:00  lr: 0.000200  loss: 22.7310 (25.3320)  time: 0.4751 (0.3772 -- 1.3209)  data: 0.0744 (0.0001 -- 1.1145)  max mem: 27089
Epoch: [197] Total time: 0:00:07 (0.4752 s / it)
train step
Test:  [0/1]  eta: 0:00:00  loss: 476.4281 (476.4281)  geo_km: 111.2626 (111.2626)  time: 0.6104 (0.6104 -- 0.6104)  data: 0.5395 (0.5395 -- 0.5395)  max mem: 27089
Test: Total time: 0:00:00 (0.6109 s / it)
Test:  [0/1]  eta: 0:00:00  loss: 498.3490 (498.3490)  geo_km: 93.0686 (93.0686)  time: 0.7373 (0.7373 -- 0.7373)  data: 0.6516 (0.6516 -- 0.6516)  max mem: 27089
Test: Total time: 0:00:00 (0.7377 s / it)
eval step
start epoch198
Epoch: [198]  [ 0/15]  eta: 0:00:18  lr: 0.000200  loss: 18.9023 (18.9023)  time: 1.2497 (1.2497 -- 1.2497)  data: 1.0555 (1.0555 -- 1.0555)  max mem: 27089
Epoch: [198]  [14/15]  eta: 0:00:00  lr: 0.000198  loss: 25.6880 (28.8695)  time: 0.4734 (0.3767 -- 1.2497)  data: 0.0708 (0.0001 -- 1.0555)  max mem: 27089
Epoch: [198] Total time: 0:00:07 (0.4743 s / it)
train step
Test:  [0/1]  eta: 0:00:00  loss: 581.5758 (581.5758)  geo_km: 122.8440 (122.8440)  time: 0.6104 (0.6104 -- 0.6104)  data: 0.5392 (0.5392 -- 0.5392)  max mem: 27089
Test: Total time: 0:00:00 (0.6108 s / it)
Test:  [0/1]  eta: 0:00:00  loss: 528.7839 (528.7839)  geo_km: 95.8032 (95.8032)  time: 0.7373 (0.7373 -- 0.7373)  data: 0.6512 (0.6512 -- 0.6512)  max mem: 27089
Test: Total time: 0:00:00 (0.7378 s / it)
eval step
start epoch199
Epoch: [199]  [ 0/15]  eta: 0:00:20  lr: 0.000198  loss: 27.5195 (27.5195)  time: 1.3778 (1.3778 -- 1.3778)  data: 1.1865 (1.1865 -- 1.1865)  max mem: 27089
Epoch: [199]  [14/15]  eta: 0:00:00  lr: 0.000196  loss: 30.9854 (33.0535)  time: 0.4767 (0.3778 -- 1.3778)  data: 0.0792 (0.0001 -- 1.1865)  max mem: 27089
Epoch: [199] Total time: 0:00:07 (0.4768 s / it)
train step
Test:  [0/1]  eta: 0:00:00  loss: 671.9883 (671.9883)  geo_km: 129.6551 (129.6551)  time: 0.6100 (0.6100 -- 0.6100)  data: 0.5388 (0.5388 -- 0.5388)  max mem: 27089
Test: Total time: 0:00:00 (0.6104 s / it)
Test:  [0/1]  eta: 0:00:00  loss: 533.8542 (533.8542)  geo_km: 90.5006 (90.5006)  time: 0.7468 (0.7468 -- 0.7468)  data: 0.6610 (0.6610 -- 0.6610)  max mem: 27089
Test: Total time: 0:00:00 (0.7473 s / it)
eval step
start epoch200
Epoch: [200]  [ 0/15]  eta: 0:00:20  lr: 0.000196  loss: 60.2012 (60.2012)  time: 1.3860 (1.3860 -- 1.3860)  data: 1.1949 (1.1949 -- 1.1949)  max mem: 27089
Epoch: [200]  [14/15]  eta: 0:00:00  lr: 0.000194  loss: 27.5195 (31.5007)  time: 0.4819 (0.3773 -- 1.3860)  data: 0.0798 (0.0001 -- 1.1949)  max mem: 27089
Epoch: [200] Total time: 0:00:07 (0.4820 s / it)
train step
Test:  [0/1]  eta: 0:00:00  loss: 695.2008 (695.2008)  geo_km: 131.9656 (131.9656)  time: 0.6159 (0.6159 -- 0.6159)  data: 0.5450 (0.5450 -- 0.5450)  max mem: 27089
Test: Total time: 0:00:00 (0.6164 s / it)
Test:  [0/1]  eta: 0:00:00  loss: 637.3021 (637.3021)  geo_km: 100.6530 (100.6530)  time: 0.7354 (0.7354 -- 0.7354)  data: 0.6495 (0.6495 -- 0.6495)  max mem: 27089
Test: Total time: 0:00:00 (0.7358 s / it)
eval step
start epoch201
Epoch: [201]  [ 0/15]  eta: 0:00:20  lr: 0.000194  loss: 36.4679 (36.4679)  time: 1.3795 (1.3795 -- 1.3795)  data: 1.1894 (1.1894 -- 1.1894)  max mem: 27089
Epoch: [201]  [14/15]  eta: 0:00:00  lr: 0.000192  loss: 28.5050 (27.4057)  time: 0.4850 (0.3777 -- 1.3795)  data: 0.0794 (0.0001 -- 1.1894)  max mem: 27089
Epoch: [201] Total time: 0:00:07 (0.4851 s / it)
train step
Test:  [0/1]  eta: 0:00:00  loss: 540.4938 (540.4938)  geo_km: 119.7067 (119.7067)  time: 0.6229 (0.6229 -- 0.6229)  data: 0.5515 (0.5515 -- 0.5515)  max mem: 27089
Test: Total time: 0:00:00 (0.6234 s / it)
Test:  [0/1]  eta: 0:00:00  loss: 523.8229 (523.8229)  geo_km: 85.4486 (85.4486)  time: 0.7455 (0.7455 -- 0.7455)  data: 0.6597 (0.6597 -- 0.6597)  max mem: 27089
Test: Total time: 0:00:00 (0.7459 s / it)
eval step
start epoch202
Epoch: [202]  [ 0/15]  eta: 0:00:18  lr: 0.000192  loss: 25.6509 (25.6509)  time: 1.2601 (1.2601 -- 1.2601)  data: 1.0617 (1.0617 -- 1.0617)  max mem: 27089
Epoch: [202]  [14/15]  eta: 0:00:00  lr: 0.000190  loss: 18.0786 (22.0276)  time: 0.4765 (0.3768 -- 1.2601)  data: 0.0730 (0.0001 -- 1.0617)  max mem: 27089
Epoch: [202] Total time: 0:00:07 (0.4766 s / it)
train step
Test:  [0/1]  eta: 0:00:00  loss: 615.7985 (615.7985)  geo_km: 125.6589 (125.6589)  time: 0.6089 (0.6089 -- 0.6089)  data: 0.5378 (0.5378 -- 0.5378)  max mem: 27089
Test: Total time: 0:00:00 (0.6093 s / it)
Test:  [0/1]  eta: 0:00:00  loss: 356.1667 (356.1667)  geo_km: 78.0575 (78.0575)  time: 0.7469 (0.7469 -- 0.7469)  data: 0.6599 (0.6599 -- 0.6599)  max mem: 27089
Test: Total time: 0:00:00 (0.7474 s / it)
eval step
start epoch203
Epoch: [203]  [ 0/15]  eta: 0:00:18  lr: 0.000190  loss: 20.5845 (20.5845)  time: 1.2626 (1.2626 -- 1.2626)  data: 1.0585 (1.0585 -- 1.0585)  max mem: 27089
Epoch: [203]  [14/15]  eta: 0:00:00  lr: 0.000188  loss: 20.5294 (21.3722)  time: 0.4786 (0.3771 -- 1.2626)  data: 0.0707 (0.0001 -- 1.0585)  max mem: 27089
Epoch: [203] Total time: 0:00:07 (0.4786 s / it)
train step
Test:  [0/1]  eta: 0:00:00  loss: 567.2604 (567.2604)  geo_km: 117.7653 (117.7653)  time: 0.6175 (0.6175 -- 0.6175)  data: 0.5461 (0.5461 -- 0.5461)  max mem: 27089
Test: Total time: 0:00:00 (0.6179 s / it)
Test:  [0/1]  eta: 0:00:00  loss: 467.7708 (467.7708)  geo_km: 86.8600 (86.8600)  time: 0.7450 (0.7450 -- 0.7450)  data: 0.6588 (0.6588 -- 0.6588)  max mem: 27089
Test: Total time: 0:00:00 (0.7455 s / it)
eval step
start epoch204
Epoch: [204]  [ 0/15]  eta: 0:00:19  lr: 0.000188  loss: 15.2754 (15.2754)  time: 1.3198 (1.3198 -- 1.3198)  data: 1.1265 (1.1265 -- 1.1265)  max mem: 27089
Epoch: [204]  [14/15]  eta: 0:00:00  lr: 0.000186  loss: 17.0605 (19.1897)  time: 0.4750 (0.3770 -- 1.3198)  data: 0.0753 (0.0001 -- 1.1265)  max mem: 27089
Epoch: [204] Total time: 0:00:07 (0.4751 s / it)
train step
Test:  [0/1]  eta: 0:00:00  loss: 540.2008 (540.2008)  geo_km: 117.9353 (117.9353)  time: 0.6184 (0.6184 -- 0.6184)  data: 0.5474 (0.5474 -- 0.5474)  max mem: 27089
Test: Total time: 0:00:00 (0.6188 s / it)
Test:  [0/1]  eta: 0:00:00  loss: 433.8984 (433.8984)  geo_km: 85.5879 (85.5879)  time: 0.7387 (0.7387 -- 0.7387)  data: 0.6529 (0.6529 -- 0.6529)  max mem: 27089
Test: Total time: 0:00:00 (0.7391 s / it)
eval step
start epoch205
Epoch: [205]  [ 0/15]  eta: 0:00:19  lr: 0.000186  loss: 16.3621 (16.3621)  time: 1.3179 (1.3179 -- 1.3179)  data: 1.1182 (1.1182 -- 1.1182)  max mem: 27089
Epoch: [205]  [14/15]  eta: 0:00:00  lr: 0.000185  loss: 29.1562 (28.6963)  time: 0.4819 (0.3774 -- 1.3179)  data: 0.0755 (0.0001 -- 1.1182)  max mem: 27089
Epoch: [205] Total time: 0:00:07 (0.4820 s / it)
train step
Test:  [0/1]  eta: 0:00:00  loss: 548.4354 (548.4354)  geo_km: 114.4133 (114.4133)  time: 0.6103 (0.6103 -- 0.6103)  data: 0.5393 (0.5393 -- 0.5393)  max mem: 27089
Test: Total time: 0:00:00 (0.6107 s / it)
Test:  [0/1]  eta: 0:00:00  loss: 503.0755 (503.0755)  geo_km: 94.2702 (94.2702)  time: 0.7412 (0.7412 -- 0.7412)  data: 0.6547 (0.6547 -- 0.6547)  max mem: 27089
Test: Total time: 0:00:00 (0.7416 s / it)
eval step
start epoch206
Epoch: [206]  [ 0/15]  eta: 0:00:17  lr: 0.000184  loss: 28.6846 (28.6846)  time: 1.1747 (1.1747 -- 1.1747)  data: 0.9776 (0.9776 -- 0.9776)  max mem: 27089
Epoch: [206]  [14/15]  eta: 0:00:00  lr: 0.000183  loss: 26.9570 (26.9646)  time: 0.4789 (0.3773 -- 1.1747)  data: 0.0697 (0.0001 -- 0.9776)  max mem: 27089
Epoch: [206] Total time: 0:00:07 (0.4790 s / it)
train step
Test:  [0/1]  eta: 0:00:00  loss: 576.6854 (576.6854)  geo_km: 117.6731 (117.6731)  time: 0.6179 (0.6179 -- 0.6179)  data: 0.5467 (0.5467 -- 0.5467)  max mem: 27089
Test: Total time: 0:00:00 (0.6183 s / it)
Test:  [0/1]  eta: 0:00:00  loss: 398.6484 (398.6484)  geo_km: 84.5512 (84.5512)  time: 0.7317 (0.7317 -- 0.7317)  data: 0.6459 (0.6459 -- 0.6459)  max mem: 27089
Test: Total time: 0:00:00 (0.7321 s / it)
eval step
start epoch207
Epoch: [207]  [ 0/15]  eta: 0:00:18  lr: 0.000183  loss: 14.2670 (14.2670)  time: 1.2572 (1.2572 -- 1.2572)  data: 1.0543 (1.0543 -- 1.0543)  max mem: 27089
Epoch: [207]  [14/15]  eta: 0:00:00  lr: 0.000181  loss: 20.0742 (22.4295)  time: 0.4797 (0.3769 -- 1.2572)  data: 0.0704 (0.0001 -- 1.0543)  max mem: 27089
Epoch: [207] Total time: 0:00:07 (0.4798 s / it)
train step
Test:  [0/1]  eta: 0:00:00  loss: 534.6594 (534.6594)  geo_km: 115.0128 (115.0128)  time: 0.6136 (0.6136 -- 0.6136)  data: 0.5424 (0.5424 -- 0.5424)  max mem: 27089
Test: Total time: 0:00:00 (0.6140 s / it)
Test:  [0/1]  eta: 0:00:00  loss: 472.3646 (472.3646)  geo_km: 94.6503 (94.6503)  time: 0.7433 (0.7433 -- 0.7433)  data: 0.6566 (0.6566 -- 0.6566)  max mem: 27089
Test: Total time: 0:00:00 (0.7438 s / it)
eval step
start epoch208
Epoch: [208]  [ 0/15]  eta: 0:00:17  lr: 0.000181  loss: 10.2383 (10.2383)  time: 1.1793 (1.1793 -- 1.1793)  data: 0.9780 (0.9780 -- 0.9780)  max mem: 27089
Epoch: [208]  [14/15]  eta: 0:00:00  lr: 0.000179  loss: 20.1202 (23.3971)  time: 0.4769 (0.3771 -- 1.1793)  data: 0.0704 (0.0001 -- 0.9780)  max mem: 27089
Epoch: [208] Total time: 0:00:07 (0.4770 s / it)
train step
Test:  [0/1]  eta: 0:00:00  loss: 607.1080 (607.1080)  geo_km: 124.8422 (124.8422)  time: 0.6148 (0.6148 -- 0.6148)  data: 0.5438 (0.5438 -- 0.5438)  max mem: 27089
Test: Total time: 0:00:00 (0.6153 s / it)
Test:  [0/1]  eta: 0:00:00  loss: 512.2812 (512.2812)  geo_km: 93.7731 (93.7731)  time: 0.7383 (0.7383 -- 0.7383)  data: 0.6525 (0.6525 -- 0.6525)  max mem: 27089
Test: Total time: 0:00:00 (0.7387 s / it)
eval step
start epoch209
Epoch: [209]  [ 0/15]  eta: 0:00:18  lr: 0.000179  loss: 18.2305 (18.2305)  time: 1.2485 (1.2485 -- 1.2485)  data: 1.0449 (1.0449 -- 1.0449)  max mem: 27089
Epoch: [209]  [14/15]  eta: 0:00:00  lr: 0.000177  loss: 29.9790 (28.4100)  time: 0.4798 (0.3764 -- 1.2485)  data: 0.0698 (0.0001 -- 1.0449)  max mem: 27089
Epoch: [209] Total time: 0:00:07 (0.4799 s / it)
train step
Test:  [0/1]  eta: 0:00:00  loss: 555.9070 (555.9070)  geo_km: 116.2011 (116.2011)  time: 0.6100 (0.6100 -- 0.6100)  data: 0.5391 (0.5391 -- 0.5391)  max mem: 27089
Test: Total time: 0:00:00 (0.6105 s / it)
Test:  [0/1]  eta: 0:00:00  loss: 600.6250 (600.6250)  geo_km: 98.0572 (98.0572)  time: 0.7403 (0.7403 -- 0.7403)  data: 0.6545 (0.6545 -- 0.6545)  max mem: 27089
Test: Total time: 0:00:00 (0.7407 s / it)
eval step
start epoch210
Epoch: [210]  [ 0/15]  eta: 0:00:18  lr: 0.000177  loss: 17.4946 (17.4946)  time: 1.2565 (1.2565 -- 1.2565)  data: 1.0545 (1.0545 -- 1.0545)  max mem: 27089
Epoch: [210]  [14/15]  eta: 0:00:00  lr: 0.000176  loss: 26.8257 (26.7979)  time: 0.4824 (0.3774 -- 1.2565)  data: 0.0706 (0.0001 -- 1.0545)  max mem: 27089
Epoch: [210] Total time: 0:00:07 (0.4825 s / it)
train step
Test:  [0/1]  eta: 0:00:00  loss: 557.0625 (557.0625)  geo_km: 118.8899 (118.8899)  time: 0.6111 (0.6111 -- 0.6111)  data: 0.5398 (0.5398 -- 0.5398)  max mem: 27089
Test: Total time: 0:00:00 (0.6115 s / it)
Test:  [0/1]  eta: 0:00:00  loss: 527.1667 (527.1667)  geo_km: 86.7728 (86.7728)  time: 0.7364 (0.7364 -- 0.7364)  data: 0.6505 (0.6505 -- 0.6505)  max mem: 27089
Test: Total time: 0:00:00 (0.7368 s / it)
eval step
start epoch211
Epoch: [211]  [ 0/15]  eta: 0:00:20  lr: 0.000175  loss: 14.5430 (14.5430)  time: 1.3694 (1.3694 -- 1.3694)  data: 1.1796 (1.1796 -- 1.1796)  max mem: 27089
Epoch: [211]  [14/15]  eta: 0:00:00  lr: 0.000174  loss: 21.4326 (24.2615)  time: 0.4764 (0.3767 -- 1.3694)  data: 0.0788 (0.0001 -- 1.1796)  max mem: 27089
Epoch: [211] Total time: 0:00:07 (0.4765 s / it)
train step
Test:  [0/1]  eta: 0:00:00  loss: 659.2047 (659.2047)  geo_km: 129.9699 (129.9699)  time: 0.6171 (0.6171 -- 0.6171)  data: 0.5462 (0.5462 -- 0.5462)  max mem: 27089
Test: Total time: 0:00:00 (0.6176 s / it)
Test:  [0/1]  eta: 0:00:00  loss: 576.3776 (576.3776)  geo_km: 96.4750 (96.4750)  time: 0.7435 (0.7435 -- 0.7435)  data: 0.6579 (0.6579 -- 0.6579)  max mem: 27089
Test: Total time: 0:00:00 (0.7440 s / it)
eval step
start epoch212
Epoch: [212]  [ 0/15]  eta: 0:00:18  lr: 0.000174  loss: 19.6587 (19.6587)  time: 1.2599 (1.2599 -- 1.2599)  data: 1.0467 (1.0467 -- 1.0467)  max mem: 27089
Epoch: [212]  [14/15]  eta: 0:00:00  lr: 0.000172  loss: 26.2413 (31.2766)  time: 0.4728 (0.3771 -- 1.2599)  data: 0.0699 (0.0001 -- 1.0467)  max mem: 27089
Epoch: [212] Total time: 0:00:07 (0.4728 s / it)
train step
Test:  [0/1]  eta: 0:00:00  loss: 644.3672 (644.3672)  geo_km: 124.9764 (124.9764)  time: 0.6119 (0.6119 -- 0.6119)  data: 0.5409 (0.5409 -- 0.5409)  max mem: 27089
Test: Total time: 0:00:00 (0.6124 s / it)
Test:  [0/1]  eta: 0:00:00  loss: 421.2422 (421.2422)  geo_km: 85.8486 (85.8486)  time: 0.7397 (0.7397 -- 0.7397)  data: 0.6538 (0.6538 -- 0.6538)  max mem: 27089
Test: Total time: 0:00:00 (0.7401 s / it)
eval step
start epoch213
Epoch: [213]  [ 0/15]  eta: 0:00:17  lr: 0.000172  loss: 40.1300 (40.1300)  time: 1.1959 (1.1959 -- 1.1959)  data: 0.9826 (0.9826 -- 0.9826)  max mem: 27089
Epoch: [213]  [14/15]  eta: 0:00:00  lr: 0.000170  loss: 25.0374 (27.0256)  time: 0.4733 (0.3771 -- 1.1959)  data: 0.0684 (0.0001 -- 0.9826)  max mem: 27089
Epoch: [213] Total time: 0:00:07 (0.4733 s / it)
train step
Test:  [0/1]  eta: 0:00:00  loss: 592.4344 (592.4344)  geo_km: 125.0582 (125.0582)  time: 0.6070 (0.6070 -- 0.6070)  data: 0.5361 (0.5361 -- 0.5361)  max mem: 27089
Test: Total time: 0:00:00 (0.6075 s / it)
Test:  [0/1]  eta: 0:00:00  loss: 450.5521 (450.5521)  geo_km: 87.8314 (87.8314)  time: 0.7369 (0.7369 -- 0.7369)  data: 0.6511 (0.6511 -- 0.6511)  max mem: 27089
Test: Total time: 0:00:00 (0.7374 s / it)
eval step
start epoch214
Epoch: [214]  [ 0/15]  eta: 0:00:17  lr: 0.000170  loss: 24.7446 (24.7446)  time: 1.1560 (1.1560 -- 1.1560)  data: 0.9627 (0.9627 -- 0.9627)  max mem: 27089
Epoch: [214]  [14/15]  eta: 0:00:00  lr: 0.000169  loss: 19.4825 (19.9280)  time: 0.4728 (0.3767 -- 1.1560)  data: 0.0665 (0.0001 -- 0.9627)  max mem: 27089
Epoch: [214] Total time: 0:00:07 (0.4729 s / it)
train step
Test:  [0/1]  eta: 0:00:00  loss: 637.3008 (637.3008)  geo_km: 124.7893 (124.7893)  time: 0.6087 (0.6087 -- 0.6087)  data: 0.5377 (0.5377 -- 0.5377)  max mem: 27089
Test: Total time: 0:00:00 (0.6092 s / it)
Test:  [0/1]  eta: 0:00:00  loss: 422.1172 (422.1172)  geo_km: 83.4784 (83.4784)  time: 0.7400 (0.7400 -- 0.7400)  data: 0.6543 (0.6543 -- 0.6543)  max mem: 27089
Test: Total time: 0:00:00 (0.7404 s / it)
eval step
[INFO] Best checkpoint saved at /leonardo/home/userexternal/ddarmien/Demetra/moduli/videomae/output/checkpoint-tracking-best.pth
start epoch215
Epoch: [215]  [ 0/15]  eta: 0:00:19  lr: 0.000168  loss: 11.1690 (11.1690)  time: 1.2914 (1.2914 -- 1.2914)  data: 1.0946 (1.0946 -- 1.0946)  max mem: 27089
Epoch: [215]  [14/15]  eta: 0:00:00  lr: 0.000167  loss: 18.3296 (21.1056)  time: 0.4421 (0.3732 -- 1.2914)  data: 0.0757 (0.0001 -- 1.0946)  max mem: 27089
Epoch: [215] Total time: 0:00:06 (0.4422 s / it)
train step
Test:  [0/1]  eta: 0:00:00  loss: 623.2885 (623.2885)  geo_km: 121.4211 (121.4211)  time: 0.6069 (0.6069 -- 0.6069)  data: 0.5357 (0.5357 -- 0.5357)  max mem: 27089
Test: Total time: 0:00:00 (0.6074 s / it)
Test:  [0/1]  eta: 0:00:00  loss: 443.0000 (443.0000)  geo_km: 87.6588 (87.6588)  time: 0.7262 (0.7262 -- 0.7262)  data: 0.6405 (0.6405 -- 0.6405)  max mem: 27089
Test: Total time: 0:00:00 (0.7266 s / it)
eval step
start epoch216
Epoch: [216]  [ 0/15]  eta: 0:00:20  lr: 0.000167  loss: 14.0527 (14.0527)  time: 1.3900 (1.3900 -- 1.3900)  data: 1.2003 (1.2003 -- 1.2003)  max mem: 27089
Epoch: [216]  [14/15]  eta: 0:00:00  lr: 0.000165  loss: 20.5070 (21.3251)  time: 0.4733 (0.3759 -- 1.3900)  data: 0.0802 (0.0001 -- 1.2003)  max mem: 27089
Epoch: [216] Total time: 0:00:07 (0.4734 s / it)
train step
Test:  [0/1]  eta: 0:00:00  loss: 634.0695 (634.0695)  geo_km: 124.1353 (124.1353)  time: 0.6082 (0.6082 -- 0.6082)  data: 0.5372 (0.5372 -- 0.5372)  max mem: 27089
Test: Total time: 0:00:00 (0.6086 s / it)
Test:  [0/1]  eta: 0:00:00  loss: 464.4505 (464.4505)  geo_km: 86.6898 (86.6898)  time: 0.7235 (0.7235 -- 0.7235)  data: 0.6378 (0.6378 -- 0.6378)  max mem: 27089
Test: Total time: 0:00:00 (0.7239 s / it)
eval step
start epoch217
Epoch: [217]  [ 0/15]  eta: 0:00:17  lr: 0.000165  loss: 16.7090 (16.7090)  time: 1.1754 (1.1754 -- 1.1754)  data: 0.9790 (0.9790 -- 0.9790)  max mem: 27089
Epoch: [217]  [14/15]  eta: 0:00:00  lr: 0.000163  loss: 15.0063 (17.1863)  time: 0.4822 (0.3769 -- 1.1754)  data: 0.0654 (0.0001 -- 0.9790)  max mem: 27089
Epoch: [217] Total time: 0:00:07 (0.4823 s / it)
train step
Test:  [0/1]  eta: 0:00:00  loss: 675.1143 (675.1143)  geo_km: 128.7283 (128.7282)  time: 0.6056 (0.6056 -- 0.6056)  data: 0.5346 (0.5346 -- 0.5346)  max mem: 27089
Test: Total time: 0:00:00 (0.6061 s / it)
Test:  [0/1]  eta: 0:00:00  loss: 542.4688 (542.4688)  geo_km: 95.4155 (95.4155)  time: 0.7330 (0.7330 -- 0.7330)  data: 0.6471 (0.6471 -- 0.6471)  max mem: 27089
Test: Total time: 0:00:00 (0.7334 s / it)
eval step
start epoch218
Epoch: [218]  [ 0/15]  eta: 0:00:19  lr: 0.000163  loss: 23.0161 (23.0161)  time: 1.3194 (1.3194 -- 1.3194)  data: 1.1110 (1.1110 -- 1.1110)  max mem: 27089
Epoch: [218]  [14/15]  eta: 0:00:00  lr: 0.000162  loss: 12.9043 (14.2447)  time: 0.4815 (0.3762 -- 1.3194)  data: 0.0743 (0.0001 -- 1.1110)  max mem: 27089
Epoch: [218] Total time: 0:00:07 (0.4816 s / it)
train step
Test:  [0/1]  eta: 0:00:00  loss: 613.3922 (613.3922)  geo_km: 125.4608 (125.4608)  time: 0.6046 (0.6046 -- 0.6046)  data: 0.5337 (0.5337 -- 0.5337)  max mem: 27089
Test: Total time: 0:00:00 (0.6051 s / it)
Test:  [0/1]  eta: 0:00:00  loss: 499.7630 (499.7630)  geo_km: 89.9709 (89.9709)  time: 0.7367 (0.7367 -- 0.7367)  data: 0.6509 (0.6509 -- 0.6509)  max mem: 27089
Test: Total time: 0:00:00 (0.7372 s / it)
eval step
start epoch219
Epoch: [219]  [ 0/15]  eta: 0:00:20  lr: 0.000162  loss: 13.8916 (13.8916)  time: 1.3725 (1.3725 -- 1.3725)  data: 1.1824 (1.1824 -- 1.1824)  max mem: 27089
Epoch: [219]  [14/15]  eta: 0:00:00  lr: 0.000160  loss: 12.3926 (13.1363)  time: 0.4773 (0.3767 -- 1.3725)  data: 0.0790 (0.0001 -- 1.1824)  max mem: 27089
Epoch: [219] Total time: 0:00:07 (0.4774 s / it)
train step
Test:  [0/1]  eta: 0:00:00  loss: 564.7914 (564.7914)  geo_km: 118.0203 (118.0203)  time: 0.6067 (0.6067 -- 0.6067)  data: 0.5357 (0.5357 -- 0.5357)  max mem: 27089
Test: Total time: 0:00:00 (0.6071 s / it)
Test:  [0/1]  eta: 0:00:00  loss: 466.0234 (466.0234)  geo_km: 93.0263 (93.0263)  time: 0.7319 (0.7319 -- 0.7319)  data: 0.6463 (0.6463 -- 0.6463)  max mem: 27089
Test: Total time: 0:00:00 (0.7324 s / it)
eval step
start epoch220
Epoch: [220]  [ 0/15]  eta: 0:00:20  lr: 0.000160  loss: 17.7036 (17.7036)  time: 1.3679 (1.3679 -- 1.3679)  data: 1.1772 (1.1772 -- 1.1772)  max mem: 27089
Epoch: [220]  [14/15]  eta: 0:00:00  lr: 0.000158  loss: 18.0176 (17.1816)  time: 0.4758 (0.3772 -- 1.3679)  data: 0.0789 (0.0001 -- 1.1772)  max mem: 27089
Epoch: [220] Total time: 0:00:07 (0.4759 s / it)
train step
Test:  [0/1]  eta: 0:00:00  loss: 616.8219 (616.8219)  geo_km: 124.2612 (124.2612)  time: 0.6069 (0.6069 -- 0.6069)  data: 0.5357 (0.5357 -- 0.5357)  max mem: 27089
Test: Total time: 0:00:00 (0.6073 s / it)
Test:  [0/1]  eta: 0:00:00  loss: 524.7318 (524.7318)  geo_km: 96.4890 (96.4890)  time: 0.7307 (0.7307 -- 0.7307)  data: 0.6448 (0.6448 -- 0.6448)  max mem: 27089
Test: Total time: 0:00:00 (0.7311 s / it)
eval step
start epoch221
Epoch: [221]  [ 0/15]  eta: 0:00:20  lr: 0.000158  loss: 14.4108 (14.4108)  time: 1.3504 (1.3504 -- 1.3504)  data: 1.1479 (1.1479 -- 1.1479)  max mem: 27089
Epoch: [221]  [14/15]  eta: 0:00:00  lr: 0.000157  loss: 12.2340 (11.9337)  time: 0.4774 (0.3767 -- 1.3504)  data: 0.0767 (0.0001 -- 1.1479)  max mem: 27089
Epoch: [221] Total time: 0:00:07 (0.4775 s / it)
train step
Test:  [0/1]  eta: 0:00:00  loss: 647.5258 (647.5258)  geo_km: 129.5130 (129.5130)  time: 0.6157 (0.6157 -- 0.6157)  data: 0.5445 (0.5445 -- 0.5445)  max mem: 27089
Test: Total time: 0:00:00 (0.6161 s / it)
Test:  [0/1]  eta: 0:00:00  loss: 494.4089 (494.4089)  geo_km: 89.2264 (89.2264)  time: 0.7406 (0.7406 -- 0.7406)  data: 0.6547 (0.6547 -- 0.6547)  max mem: 27089
Test: Total time: 0:00:00 (0.7411 s / it)
eval step
start epoch222
Epoch: [222]  [ 0/15]  eta: 0:00:17  lr: 0.000157  loss: 11.2871 (11.2871)  time: 1.1864 (1.1864 -- 1.1864)  data: 0.9848 (0.9848 -- 0.9848)  max mem: 27089
Epoch: [222]  [14/15]  eta: 0:00:00  lr: 0.000155  loss: 16.6899 (16.5471)  time: 0.4835 (0.3768 -- 1.1864)  data: 0.0667 (0.0001 -- 0.9848)  max mem: 27089
Epoch: [222] Total time: 0:00:07 (0.4836 s / it)
train step
Test:  [0/1]  eta: 0:00:00  loss: 663.2228 (663.2228)  geo_km: 130.3979 (130.3980)  time: 0.6128 (0.6128 -- 0.6128)  data: 0.5417 (0.5417 -- 0.5417)  max mem: 27089
Test: Total time: 0:00:00 (0.6132 s / it)
Test:  [0/1]  eta: 0:00:00  loss: 537.7396 (537.7396)  geo_km: 97.4498 (97.4498)  time: 0.7433 (0.7433 -- 0.7433)  data: 0.6574 (0.6574 -- 0.6574)  max mem: 27089
Test: Total time: 0:00:00 (0.7438 s / it)
eval step
start epoch223
Epoch: [223]  [ 0/15]  eta: 0:00:19  lr: 0.000155  loss: 19.2227 (19.2227)  time: 1.3224 (1.3224 -- 1.3224)  data: 1.1291 (1.1291 -- 1.1291)  max mem: 27089
Epoch: [223]  [14/15]  eta: 0:00:00  lr: 0.000154  loss: 13.6641 (15.7901)  time: 0.4796 (0.3756 -- 1.3224)  data: 0.0754 (0.0001 -- 1.1291)  max mem: 27089
Epoch: [223] Total time: 0:00:07 (0.4797 s / it)
train step
Test:  [0/1]  eta: 0:00:00  loss: 648.7321 (648.7321)  geo_km: 126.7699 (126.7699)  time: 0.6373 (0.6373 -- 0.6373)  data: 0.5664 (0.5664 -- 0.5664)  max mem: 27089
Test: Total time: 0:00:00 (0.6378 s / it)
Test:  [0/1]  eta: 0:00:00  loss: 533.7631 (533.7631)  geo_km: 95.3972 (95.3972)  time: 0.7402 (0.7402 -- 0.7402)  data: 0.6544 (0.6544 -- 0.6544)  max mem: 27089
Test: Total time: 0:00:00 (0.7406 s / it)
eval step
start epoch224
Epoch: [224]  [ 0/15]  eta: 0:00:17  lr: 0.000154  loss: 12.8867 (12.8867)  time: 1.1882 (1.1882 -- 1.1882)  data: 0.9889 (0.9889 -- 0.9889)  max mem: 27089
Epoch: [224]  [14/15]  eta: 0:00:00  lr: 0.000152  loss: 10.7485 (10.7292)  time: 0.4748 (0.3769 -- 1.1882)  data: 0.0661 (0.0001 -- 0.9889)  max mem: 27089
Epoch: [224] Total time: 0:00:07 (0.4749 s / it)
train step
Test:  [0/1]  eta: 0:00:00  loss: 585.3641 (585.3641)  geo_km: 124.8440 (124.8440)  time: 0.6160 (0.6160 -- 0.6160)  data: 0.5448 (0.5448 -- 0.5448)  max mem: 27089
Test: Total time: 0:00:00 (0.6164 s / it)
Test:  [0/1]  eta: 0:00:00  loss: 546.3047 (546.3047)  geo_km: 94.2874 (94.2874)  time: 0.7403 (0.7403 -- 0.7403)  data: 0.6541 (0.6541 -- 0.6541)  max mem: 27089
Test: Total time: 0:00:00 (0.7408 s / it)
eval step
start epoch225
Epoch: [225]  [ 0/15]  eta: 0:00:18  lr: 0.000152  loss: 9.3398 (9.3398)  time: 1.2497 (1.2497 -- 1.2497)  data: 1.0492 (1.0492 -- 1.0492)  max mem: 27089
Epoch: [225]  [14/15]  eta: 0:00:00  lr: 0.000151  loss: 9.3398 (9.7150)  time: 0.4779 (0.3769 -- 1.2497)  data: 0.0723 (0.0001 -- 1.0492)  max mem: 27089
Epoch: [225] Total time: 0:00:07 (0.4780 s / it)
train step
Test:  [0/1]  eta: 0:00:00  loss: 575.7508 (575.7508)  geo_km: 119.6489 (119.6489)  time: 0.6121 (0.6121 -- 0.6121)  data: 0.5411 (0.5411 -- 0.5411)  max mem: 27089
Test: Total time: 0:00:00 (0.6126 s / it)
Test:  [0/1]  eta: 0:00:00  loss: 466.8359 (466.8359)  geo_km: 88.8172 (88.8172)  time: 0.7449 (0.7449 -- 0.7449)  data: 0.6590 (0.6590 -- 0.6590)  max mem: 27089
Test: Total time: 0:00:00 (0.7454 s / it)
eval step
start epoch226
Epoch: [226]  [ 0/15]  eta: 0:00:17  lr: 0.000150  loss: 25.4209 (25.4209)  time: 1.1794 (1.1794 -- 1.1794)  data: 0.9613 (0.9613 -- 0.9613)  max mem: 27089
Epoch: [226]  [14/15]  eta: 0:00:00  lr: 0.000149  loss: 11.4531 (12.5591)  time: 0.4699 (0.3769 -- 1.1794)  data: 0.0642 (0.0001 -- 0.9613)  max mem: 27089
Epoch: [226] Total time: 0:00:07 (0.4699 s / it)
train step
Test:  [0/1]  eta: 0:00:00  loss: 664.2297 (664.2297)  geo_km: 131.2015 (131.2015)  time: 0.6165 (0.6165 -- 0.6165)  data: 0.5452 (0.5452 -- 0.5452)  max mem: 27089
Test: Total time: 0:00:00 (0.6169 s / it)
Test:  [0/1]  eta: 0:00:00  loss: 556.9584 (556.9584)  geo_km: 93.6308 (93.6308)  time: 0.7351 (0.7351 -- 0.7351)  data: 0.6495 (0.6495 -- 0.6495)  max mem: 27089
Test: Total time: 0:00:00 (0.7356 s / it)
eval step
start epoch227
Epoch: [227]  [ 0/15]  eta: 0:00:19  lr: 0.000149  loss: 9.8291 (9.8291)  time: 1.3289 (1.3289 -- 1.3289)  data: 1.1332 (1.1332 -- 1.1332)  max mem: 27089
Epoch: [227]  [14/15]  eta: 0:00:00  lr: 0.000147  loss: 8.5156 (9.1370)  time: 0.4817 (0.3735 -- 1.3289)  data: 0.0757 (0.0001 -- 1.1332)  max mem: 27089
Epoch: [227] Total time: 0:00:07 (0.4818 s / it)
train step
Test:  [0/1]  eta: 0:00:00  loss: 664.0008 (664.0008)  geo_km: 128.7525 (128.7525)  time: 0.6138 (0.6138 -- 0.6138)  data: 0.5427 (0.5427 -- 0.5427)  max mem: 27089
Test: Total time: 0:00:00 (0.6142 s / it)
Test:  [0/1]  eta: 0:00:00  loss: 598.4401 (598.4401)  geo_km: 97.9740 (97.9740)  time: 0.7424 (0.7424 -- 0.7424)  data: 0.6564 (0.6564 -- 0.6564)  max mem: 27089
Test: Total time: 0:00:00 (0.7428 s / it)
eval step
start epoch228
Epoch: [228]  [ 0/15]  eta: 0:00:17  lr: 0.000147  loss: 13.4248 (13.4248)  time: 1.1903 (1.1903 -- 1.1903)  data: 0.9891 (0.9891 -- 0.9891)  max mem: 27089
Epoch: [228]  [14/15]  eta: 0:00:00  lr: 0.000146  loss: 8.0767 (8.9071)  time: 0.4790 (0.3769 -- 1.1903)  data: 0.0704 (0.0001 -- 0.9891)  max mem: 27089
Epoch: [228] Total time: 0:00:07 (0.4790 s / it)
train step
Test:  [0/1]  eta: 0:00:00  loss: 565.5659 (565.5659)  geo_km: 122.6735 (122.6735)  time: 0.6162 (0.6162 -- 0.6162)  data: 0.5451 (0.5451 -- 0.5451)  max mem: 27089
Test: Total time: 0:00:00 (0.6166 s / it)
Test:  [0/1]  eta: 0:00:00  loss: 569.6276 (569.6276)  geo_km: 98.0324 (98.0324)  time: 0.7432 (0.7432 -- 0.7432)  data: 0.6575 (0.6575 -- 0.6575)  max mem: 27089
Test: Total time: 0:00:00 (0.7436 s / it)
eval step
start epoch229
Epoch: [229]  [ 0/15]  eta: 0:00:18  lr: 0.000146  loss: 7.7896 (7.7896)  time: 1.2450 (1.2450 -- 1.2450)  data: 1.0509 (1.0509 -- 1.0509)  max mem: 27089
Epoch: [229]  [14/15]  eta: 0:00:00  lr: 0.000144  loss: 10.8128 (11.6361)  time: 0.4857 (0.3766 -- 1.2450)  data: 0.0702 (0.0001 -- 1.0509)  max mem: 27089
Epoch: [229] Total time: 0:00:07 (0.4857 s / it)
train step
Test:  [0/1]  eta: 0:00:00  loss: 634.1500 (634.1500)  geo_km: 128.1506 (128.1506)  time: 0.6109 (0.6109 -- 0.6109)  data: 0.5398 (0.5398 -- 0.5398)  max mem: 27089
Test: Total time: 0:00:00 (0.6113 s / it)
Test:  [0/1]  eta: 0:00:00  loss: 479.8750 (479.8750)  geo_km: 92.4013 (92.4013)  time: 0.8110 (0.8110 -- 0.8110)  data: 0.7253 (0.7253 -- 0.7253)  max mem: 27089
Test: Total time: 0:00:00 (0.8115 s / it)
eval step
start epoch230
Epoch: [230]  [ 0/15]  eta: 0:00:17  lr: 0.000144  loss: 11.1647 (11.1647)  time: 1.1950 (1.1950 -- 1.1950)  data: 0.9845 (0.9845 -- 0.9845)  max mem: 27089
Epoch: [230]  [14/15]  eta: 0:00:00  lr: 0.000143  loss: 9.4073 (10.8155)  time: 0.4741 (0.3767 -- 1.1950)  data: 0.0676 (0.0001 -- 0.9845)  max mem: 27089
Epoch: [230] Total time: 0:00:07 (0.4742 s / it)
train step
Test:  [0/1]  eta: 0:00:00  loss: 566.0377 (566.0377)  geo_km: 119.9367 (119.9367)  time: 0.6147 (0.6147 -- 0.6147)  data: 0.5437 (0.5437 -- 0.5437)  max mem: 27089
Test: Total time: 0:00:00 (0.6152 s / it)
Test:  [0/1]  eta: 0:00:00  loss: 514.6875 (514.6875)  geo_km: 90.9011 (90.9011)  time: 0.7361 (0.7361 -- 0.7361)  data: 0.6504 (0.6504 -- 0.6504)  max mem: 27089
Test: Total time: 0:00:00 (0.7366 s / it)
eval step
start epoch231
Epoch: [231]  [ 0/15]  eta: 0:00:17  lr: 0.000143  loss: 8.1933 (8.1933)  time: 1.1864 (1.1864 -- 1.1864)  data: 0.9815 (0.9815 -- 0.9815)  max mem: 27089
Epoch: [231]  [14/15]  eta: 0:00:00  lr: 0.000142  loss: 7.8364 (8.6404)  time: 0.4825 (0.3771 -- 1.1864)  data: 0.0678 (0.0001 -- 0.9815)  max mem: 27089
Epoch: [231] Total time: 0:00:07 (0.4826 s / it)
train step
Test:  [0/1]  eta: 0:00:00  loss: 540.1219 (540.1219)  geo_km: 118.1369 (118.1369)  time: 0.6107 (0.6107 -- 0.6107)  data: 0.5397 (0.5397 -- 0.5397)  max mem: 27089
Test: Total time: 0:00:00 (0.6111 s / it)
Test:  [0/1]  eta: 0:00:00  loss: 482.8646 (482.8646)  geo_km: 89.2479 (89.2479)  time: 0.7339 (0.7339 -- 0.7339)  data: 0.6482 (0.6482 -- 0.6482)  max mem: 27089
Test: Total time: 0:00:00 (0.7343 s / it)
eval step
start epoch232
Epoch: [232]  [ 0/15]  eta: 0:00:18  lr: 0.000141  loss: 7.3555 (7.3555)  time: 1.2221 (1.2221 -- 1.2221)  data: 1.0293 (1.0293 -- 1.0293)  max mem: 27089
Epoch: [232]  [14/15]  eta: 0:00:00  lr: 0.000140  loss: 10.5820 (10.6112)  time: 0.4817 (0.3770 -- 1.2221)  data: 0.0688 (0.0001 -- 1.0293)  max mem: 27089
Epoch: [232] Total time: 0:00:07 (0.4818 s / it)
train step
Test:  [0/1]  eta: 0:00:00  loss: 660.4274 (660.4274)  geo_km: 128.1865 (128.1865)  time: 0.6162 (0.6162 -- 0.6162)  data: 0.5449 (0.5449 -- 0.5449)  max mem: 27089
Test: Total time: 0:00:00 (0.6167 s / it)
Test:  [0/1]  eta: 0:00:00  loss: 544.3854 (544.3854)  geo_km: 97.3840 (97.3840)  time: 0.7257 (0.7257 -- 0.7257)  data: 0.6400 (0.6400 -- 0.6400)  max mem: 27089
Test: Total time: 0:00:00 (0.7262 s / it)
eval step
start epoch233
Epoch: [233]  [ 0/15]  eta: 0:00:21  lr: 0.000140  loss: 8.7793 (8.7793)  time: 1.4049 (1.4049 -- 1.4049)  data: 1.2022 (1.2022 -- 1.2022)  max mem: 27089
Epoch: [233]  [14/15]  eta: 0:00:00  lr: 0.000139  loss: 8.7190 (8.7945)  time: 0.4791 (0.3772 -- 1.4049)  data: 0.0803 (0.0001 -- 1.2022)  max mem: 27089
Epoch: [233] Total time: 0:00:07 (0.4792 s / it)
train step
Test:  [0/1]  eta: 0:00:00  loss: 587.0610 (587.0610)  geo_km: 123.4691 (123.4691)  time: 0.6184 (0.6184 -- 0.6184)  data: 0.5473 (0.5473 -- 0.5473)  max mem: 27089
Test: Total time: 0:00:00 (0.6188 s / it)
Test:  [0/1]  eta: 0:00:00  loss: 606.1875 (606.1875)  geo_km: 98.7238 (98.7238)  time: 0.7324 (0.7324 -- 0.7324)  data: 0.6467 (0.6467 -- 0.6467)  max mem: 27089
Test: Total time: 0:00:00 (0.7329 s / it)
eval step
start epoch234
Epoch: [234]  [ 0/15]  eta: 0:00:18  lr: 0.000139  loss: 12.1719 (12.1719)  time: 1.2523 (1.2523 -- 1.2523)  data: 1.0589 (1.0589 -- 1.0589)  max mem: 27089
Epoch: [234]  [14/15]  eta: 0:00:00  lr: 0.000137  loss: 8.8847 (9.1371)  time: 0.4764 (0.3776 -- 1.2523)  data: 0.0735 (0.0001 -- 1.0589)  max mem: 27089
Epoch: [234] Total time: 0:00:07 (0.4765 s / it)
train step
Test:  [0/1]  eta: 0:00:00  loss: 661.4821 (661.4821)  geo_km: 129.0904 (129.0904)  time: 0.6129 (0.6129 -- 0.6129)  data: 0.5418 (0.5418 -- 0.5418)  max mem: 27089
Test: Total time: 0:00:00 (0.6134 s / it)
Test:  [0/1]  eta: 0:00:00  loss: 562.5834 (562.5834)  geo_km: 97.0314 (97.0314)  time: 0.7250 (0.7250 -- 0.7250)  data: 0.6393 (0.6393 -- 0.6393)  max mem: 27089
Test: Total time: 0:00:00 (0.7255 s / it)
eval step
start epoch235
Epoch: [235]  [ 0/15]  eta: 0:00:21  lr: 0.000137  loss: 11.4572 (11.4572)  time: 1.4412 (1.4412 -- 1.4412)  data: 1.2434 (1.2434 -- 1.2434)  max mem: 27089
Epoch: [235]  [14/15]  eta: 0:00:00  lr: 0.000136  loss: 9.8911 (9.3410)  time: 0.4952 (0.3770 -- 1.4412)  data: 0.0831 (0.0001 -- 1.2434)  max mem: 27089
Epoch: [235] Total time: 0:00:07 (0.4953 s / it)
train step
Test:  [0/1]  eta: 0:00:00  loss: 622.0922 (622.0922)  geo_km: 127.2810 (127.2810)  time: 0.6119 (0.6119 -- 0.6119)  data: 0.5406 (0.5406 -- 0.5406)  max mem: 27089
Test: Total time: 0:00:00 (0.6123 s / it)
Test:  [0/1]  eta: 0:00:00  loss: 552.1250 (552.1250)  geo_km: 94.5881 (94.5881)  time: 0.7270 (0.7270 -- 0.7270)  data: 0.6412 (0.6412 -- 0.6412)  max mem: 27089
Test: Total time: 0:00:00 (0.7275 s / it)
eval step
start epoch236
Epoch: [236]  [ 0/15]  eta: 0:00:25  lr: 0.000136  loss: 11.0435 (11.0435)  time: 1.6748 (1.6748 -- 1.6748)  data: 1.4862 (1.4862 -- 1.4862)  max mem: 27089
Epoch: [236]  [14/15]  eta: 0:00:00  lr: 0.000135  loss: 6.2246 (6.5479)  time: 0.4915 (0.3767 -- 1.6748)  data: 0.1050 (0.0001 -- 1.4862)  max mem: 27089
Epoch: [236] Total time: 0:00:07 (0.4915 s / it)
train step
Test:  [0/1]  eta: 0:00:00  loss: 611.9969 (611.9969)  geo_km: 127.5459 (127.5459)  time: 0.6185 (0.6185 -- 0.6185)  data: 0.5474 (0.5474 -- 0.5474)  max mem: 27089
Test: Total time: 0:00:00 (0.6190 s / it)
Test:  [0/1]  eta: 0:00:00  loss: 507.4583 (507.4583)  geo_km: 92.7345 (92.7345)  time: 0.7316 (0.7316 -- 0.7316)  data: 0.6456 (0.6456 -- 0.6456)  max mem: 27089
Test: Total time: 0:00:00 (0.7321 s / it)
eval step
start epoch237
Epoch: [237]  [ 0/15]  eta: 0:00:17  lr: 0.000134  loss: 5.3917 (5.3917)  time: 1.1968 (1.1968 -- 1.1968)  data: 0.9906 (0.9906 -- 0.9906)  max mem: 27089
Epoch: [237]  [14/15]  eta: 0:00:00  lr: 0.000133  loss: 6.2531 (7.3003)  time: 0.4840 (0.3769 -- 1.1968)  data: 0.0715 (0.0001 -- 0.9906)  max mem: 27089
Epoch: [237] Total time: 0:00:07 (0.4841 s / it)
train step
Test:  [0/1]  eta: 0:00:00  loss: 589.9664 (589.9664)  geo_km: 122.2570 (122.2570)  time: 0.6162 (0.6162 -- 0.6162)  data: 0.5452 (0.5452 -- 0.5452)  max mem: 27089
Test: Total time: 0:00:00 (0.6166 s / it)
Test:  [0/1]  eta: 0:00:00  loss: 496.9896 (496.9896)  geo_km: 92.6134 (92.6134)  time: 0.7310 (0.7310 -- 0.7310)  data: 0.6453 (0.6453 -- 0.6453)  max mem: 27089
Test: Total time: 0:00:00 (0.7315 s / it)
eval step
start epoch238
Epoch: [238]  [ 0/15]  eta: 0:00:19  lr: 0.000133  loss: 10.2227 (10.2227)  time: 1.3303 (1.3303 -- 1.3303)  data: 1.1375 (1.1375 -- 1.1375)  max mem: 27089
Epoch: [238]  [14/15]  eta: 0:00:00  lr: 0.000132  loss: 8.3390 (8.5599)  time: 0.4773 (0.3769 -- 1.3303)  data: 0.0760 (0.0001 -- 1.1375)  max mem: 27089
Epoch: [238] Total time: 0:00:07 (0.4774 s / it)
train step
Test:  [0/1]  eta: 0:00:00  loss: 564.4719 (564.4719)  geo_km: 121.6263 (121.6263)  time: 0.6182 (0.6182 -- 0.6182)  data: 0.5471 (0.5471 -- 0.5471)  max mem: 27089
Test: Total time: 0:00:00 (0.6187 s / it)
Test:  [0/1]  eta: 0:00:00  loss: 582.5443 (582.5443)  geo_km: 99.0913 (99.0913)  time: 0.7376 (0.7376 -- 0.7376)  data: 0.6517 (0.6517 -- 0.6517)  max mem: 27089
Test: Total time: 0:00:00 (0.7381 s / it)
eval step
start epoch239
Epoch: [239]  [ 0/15]  eta: 0:00:20  lr: 0.000132  loss: 5.8735 (5.8735)  time: 1.3878 (1.3878 -- 1.3878)  data: 1.1844 (1.1844 -- 1.1844)  max mem: 27089
Epoch: [239]  [14/15]  eta: 0:00:00  lr: 0.000131  loss: 6.1484 (5.7197)  time: 0.4759 (0.3767 -- 1.3878)  data: 0.0791 (0.0001 -- 1.1844)  max mem: 27089
Epoch: [239] Total time: 0:00:07 (0.4760 s / it)
train step
Test:  [0/1]  eta: 0:00:00  loss: 676.3696 (676.3696)  geo_km: 130.9422 (130.9422)  time: 0.6166 (0.6166 -- 0.6166)  data: 0.5455 (0.5455 -- 0.5455)  max mem: 27089
Test: Total time: 0:00:00 (0.6171 s / it)
Test:  [0/1]  eta: 0:00:00  loss: 552.0312 (552.0312)  geo_km: 97.5727 (97.5727)  time: 0.7431 (0.7431 -- 0.7431)  data: 0.6574 (0.6574 -- 0.6574)  max mem: 27089
Test: Total time: 0:00:00 (0.7436 s / it)
eval step
start epoch240
Epoch: [240]  [ 0/15]  eta: 0:00:17  lr: 0.000130  loss: 5.9865 (5.9865)  time: 1.1941 (1.1941 -- 1.1941)  data: 0.9777 (0.9777 -- 0.9777)  max mem: 27089
Epoch: [240]  [14/15]  eta: 0:00:00  lr: 0.000129  loss: 5.4642 (5.2851)  time: 0.4815 (0.3771 -- 1.1941)  data: 0.0672 (0.0001 -- 0.9777)  max mem: 27089
Epoch: [240] Total time: 0:00:07 (0.4816 s / it)
train step
Test:  [0/1]  eta: 0:00:00  loss: 607.6696 (607.6696)  geo_km: 123.9396 (123.9396)  time: 0.6123 (0.6123 -- 0.6123)  data: 0.5411 (0.5411 -- 0.5411)  max mem: 27089
Test: Total time: 0:00:00 (0.6128 s / it)
Test:  [0/1]  eta: 0:00:00  loss: 600.3646 (600.3646)  geo_km: 99.5571 (99.5571)  time: 0.7366 (0.7366 -- 0.7366)  data: 0.6507 (0.6507 -- 0.6507)  max mem: 27089
Test: Total time: 0:00:00 (0.7370 s / it)
eval step
start epoch241
Epoch: [241]  [ 0/15]  eta: 0:00:18  lr: 0.000129  loss: 7.0977 (7.0977)  time: 1.2638 (1.2638 -- 1.2638)  data: 1.0565 (1.0565 -- 1.0565)  max mem: 27089
Epoch: [241]  [14/15]  eta: 0:00:00  lr: 0.000128  loss: 6.6357 (6.7774)  time: 0.4724 (0.3776 -- 1.2638)  data: 0.0706 (0.0001 -- 1.0565)  max mem: 27089
Epoch: [241] Total time: 0:00:07 (0.4725 s / it)
train step
Test:  [0/1]  eta: 0:00:00  loss: 587.7000 (587.7000)  geo_km: 123.0485 (123.0485)  time: 0.6156 (0.6156 -- 0.6156)  data: 0.5446 (0.5446 -- 0.5446)  max mem: 27089
Test: Total time: 0:00:00 (0.6160 s / it)
Test:  [0/1]  eta: 0:00:00  loss: 502.2604 (502.2604)  geo_km: 91.4865 (91.4864)  time: 0.7326 (0.7326 -- 0.7326)  data: 0.6470 (0.6470 -- 0.6470)  max mem: 27089
Test: Total time: 0:00:00 (0.7331 s / it)
eval step
start epoch242
Epoch: [242]  [ 0/15]  eta: 0:00:17  lr: 0.000128  loss: 7.7441 (7.7441)  time: 1.1804 (1.1804 -- 1.1804)  data: 0.9848 (0.9848 -- 0.9848)  max mem: 27089
Epoch: [242]  [14/15]  eta: 0:00:00  lr: 0.000127  loss: 7.9607 (9.4169)  time: 0.4805 (0.3772 -- 1.1804)  data: 0.0658 (0.0001 -- 0.9848)  max mem: 27089
Epoch: [242] Total time: 0:00:07 (0.4806 s / it)
train step
Test:  [0/1]  eta: 0:00:00  loss: 559.7321 (559.7321)  geo_km: 121.0283 (121.0283)  time: 0.6105 (0.6105 -- 0.6105)  data: 0.5393 (0.5393 -- 0.5393)  max mem: 27089
Test: Total time: 0:00:00 (0.6110 s / it)
Test:  [0/1]  eta: 0:00:00  loss: 488.2396 (488.2396)  geo_km: 89.9755 (89.9755)  time: 0.7291 (0.7291 -- 0.7291)  data: 0.6432 (0.6432 -- 0.6432)  max mem: 27089
Test: Total time: 0:00:00 (0.7296 s / it)
eval step
start epoch243
Epoch: [243]  [ 0/15]  eta: 0:00:18  lr: 0.000127  loss: 8.7368 (8.7368)  time: 1.2612 (1.2612 -- 1.2612)  data: 1.0566 (1.0566 -- 1.0566)  max mem: 27089
Epoch: [243]  [14/15]  eta: 0:00:00  lr: 0.000125  loss: 8.7368 (9.2733)  time: 0.4815 (0.3767 -- 1.2612)  data: 0.0706 (0.0001 -- 1.0566)  max mem: 27089
Epoch: [243] Total time: 0:00:07 (0.4816 s / it)
train step
Test:  [0/1]  eta: 0:00:00  loss: 609.7875 (609.7875)  geo_km: 126.2425 (126.2425)  time: 0.6116 (0.6116 -- 0.6116)  data: 0.5404 (0.5404 -- 0.5404)  max mem: 27089
Test: Total time: 0:00:00 (0.6120 s / it)
Test:  [0/1]  eta: 0:00:00  loss: 601.5964 (601.5964)  geo_km: 98.8106 (98.8106)  time: 0.7368 (0.7368 -- 0.7368)  data: 0.6511 (0.6511 -- 0.6511)  max mem: 27089
Test: Total time: 0:00:00 (0.7372 s / it)
eval step
start epoch244
Epoch: [244]  [ 0/15]  eta: 0:00:18  lr: 0.000125  loss: 13.3828 (13.3828)  time: 1.2553 (1.2553 -- 1.2553)  data: 1.0598 (1.0598 -- 1.0598)  max mem: 27089
Epoch: [244]  [14/15]  eta: 0:00:00  lr: 0.000124  loss: 7.6543 (8.5360)  time: 0.4807 (0.3771 -- 1.2553)  data: 0.0708 (0.0001 -- 1.0598)  max mem: 27089
Epoch: [244] Total time: 0:00:07 (0.4808 s / it)
train step
Test:  [0/1]  eta: 0:00:00  loss: 608.7033 (608.7033)  geo_km: 125.3304 (125.3304)  time: 0.6138 (0.6138 -- 0.6138)  data: 0.5422 (0.5422 -- 0.5422)  max mem: 27089
Test: Total time: 0:00:00 (0.6143 s / it)
Test:  [0/1]  eta: 0:00:00  loss: 526.0104 (526.0104)  geo_km: 93.4286 (93.4286)  time: 0.7360 (0.7360 -- 0.7360)  data: 0.6503 (0.6503 -- 0.6503)  max mem: 27089
Test: Total time: 0:00:00 (0.7365 s / it)
eval step
start epoch245
Epoch: [245]  [ 0/15]  eta: 0:00:17  lr: 0.000124  loss: 5.9512 (5.9512)  time: 1.1719 (1.1719 -- 1.1719)  data: 0.9776 (0.9776 -- 0.9776)  max mem: 27089
Epoch: [245]  [14/15]  eta: 0:00:00  lr: 0.000123  loss: 6.7423 (6.8396)  time: 0.4767 (0.3780 -- 1.1719)  data: 0.0686 (0.0001 -- 0.9776)  max mem: 27089
Epoch: [245] Total time: 0:00:07 (0.4768 s / it)
train step
Test:  [0/1]  eta: 0:00:00  loss: 540.0869 (540.0869)  geo_km: 117.3464 (117.3464)  time: 0.6110 (0.6110 -- 0.6110)  data: 0.5398 (0.5398 -- 0.5398)  max mem: 27089
Test: Total time: 0:00:00 (0.6114 s / it)
Test:  [0/1]  eta: 0:00:00  loss: 481.1042 (481.1042)  geo_km: 91.1475 (91.1475)  time: 0.7388 (0.7388 -- 0.7388)  data: 0.6531 (0.6531 -- 0.6531)  max mem: 27089
Test: Total time: 0:00:00 (0.7393 s / it)
eval step
start epoch246
Epoch: [246]  [ 0/15]  eta: 0:00:20  lr: 0.000123  loss: 10.3125 (10.3125)  time: 1.3403 (1.3403 -- 1.3403)  data: 1.1465 (1.1465 -- 1.1465)  max mem: 27089
Epoch: [246]  [14/15]  eta: 0:00:00  lr: 0.000122  loss: 7.4433 (8.5364)  time: 0.4844 (0.3768 -- 1.3403)  data: 0.0766 (0.0001 -- 1.1465)  max mem: 27089
Epoch: [246] Total time: 0:00:07 (0.4845 s / it)
train step
Test:  [0/1]  eta: 0:00:00  loss: 607.1133 (607.1133)  geo_km: 124.0449 (124.0449)  time: 0.6153 (0.6153 -- 0.6153)  data: 0.5442 (0.5442 -- 0.5442)  max mem: 27089
Test: Total time: 0:00:00 (0.6157 s / it)
Test:  [0/1]  eta: 0:00:00  loss: 487.3776 (487.3776)  geo_km: 89.8219 (89.8219)  time: 0.7289 (0.7289 -- 0.7289)  data: 0.6432 (0.6432 -- 0.6432)  max mem: 27089
Test: Total time: 0:00:00 (0.7294 s / it)
eval step
start epoch247
Epoch: [247]  [ 0/15]  eta: 0:00:19  lr: 0.000122  loss: 6.9834 (6.9834)  time: 1.3159 (1.3159 -- 1.3159)  data: 1.1055 (1.1055 -- 1.1055)  max mem: 27089
Epoch: [247]  [14/15]  eta: 0:00:00  lr: 0.000121  loss: 6.1431 (6.5694)  time: 0.4764 (0.3770 -- 1.3159)  data: 0.0738 (0.0001 -- 1.1055)  max mem: 27089
Epoch: [247] Total time: 0:00:07 (0.4765 s / it)
train step
Test:  [0/1]  eta: 0:00:00  loss: 566.1633 (566.1633)  geo_km: 120.9121 (120.9122)  time: 0.6104 (0.6104 -- 0.6104)  data: 0.5394 (0.5394 -- 0.5394)  max mem: 27089
Test: Total time: 0:00:00 (0.6109 s / it)
Test:  [0/1]  eta: 0:00:00  loss: 488.8229 (488.8229)  geo_km: 87.6628 (87.6628)  time: 0.7368 (0.7368 -- 0.7368)  data: 0.6511 (0.6511 -- 0.6511)  max mem: 27089
Test: Total time: 0:00:00 (0.7373 s / it)
eval step
start epoch248
Epoch: [248]  [ 0/15]  eta: 0:00:20  lr: 0.000121  loss: 4.3125 (4.3125)  time: 1.3814 (1.3814 -- 1.3814)  data: 1.1797 (1.1797 -- 1.1797)  max mem: 27089
Epoch: [248]  [14/15]  eta: 0:00:00  lr: 0.000120  loss: 5.0728 (5.2506)  time: 0.4805 (0.3767 -- 1.3814)  data: 0.0788 (0.0001 -- 1.1797)  max mem: 27089
Epoch: [248] Total time: 0:00:07 (0.4806 s / it)
train step
Test:  [0/1]  eta: 0:00:00  loss: 602.9391 (602.9391)  geo_km: 124.5512 (124.5512)  time: 0.6125 (0.6125 -- 0.6125)  data: 0.5414 (0.5414 -- 0.5414)  max mem: 27089
Test: Total time: 0:00:00 (0.6130 s / it)
Test:  [0/1]  eta: 0:00:00  loss: 507.2292 (507.2292)  geo_km: 92.3482 (92.3482)  time: 0.7357 (0.7357 -- 0.7357)  data: 0.6498 (0.6498 -- 0.6498)  max mem: 27089
Test: Total time: 0:00:00 (0.7362 s / it)
eval step
start epoch249
Epoch: [249]  [ 0/15]  eta: 0:00:20  lr: 0.000119  loss: 4.7739 (4.7739)  time: 1.3721 (1.3721 -- 1.3721)  data: 1.1814 (1.1814 -- 1.1814)  max mem: 27089
Epoch: [249]  [14/15]  eta: 0:00:00  lr: 0.000118  loss: 4.9707 (4.8912)  time: 0.4746 (0.3760 -- 1.3721)  data: 0.0789 (0.0001 -- 1.1814)  max mem: 27089
Epoch: [249] Total time: 0:00:07 (0.4747 s / it)
train step
Test:  [0/1]  eta: 0:00:00  loss: 598.5361 (598.5361)  geo_km: 125.2561 (125.2561)  time: 0.6184 (0.6184 -- 0.6184)  data: 0.5472 (0.5472 -- 0.5472)  max mem: 27089
Test: Total time: 0:00:00 (0.6189 s / it)
Test:  [0/1]  eta: 0:00:00  loss: 497.5000 (497.5000)  geo_km: 90.0126 (90.0126)  time: 0.7375 (0.7375 -- 0.7375)  data: 0.6518 (0.6518 -- 0.6518)  max mem: 27089
Test: Total time: 0:00:00 (0.7380 s / it)
eval step
start epoch250
Epoch: [250]  [ 0/15]  eta: 0:00:18  lr: 0.000118  loss: 4.3613 (4.3613)  time: 1.2466 (1.2466 -- 1.2466)  data: 1.0415 (1.0415 -- 1.0415)  max mem: 27089
Epoch: [250]  [14/15]  eta: 0:00:00  lr: 0.000117  loss: 4.3613 (4.5750)  time: 0.4816 (0.3771 -- 1.2466)  data: 0.0697 (0.0001 -- 1.0415)  max mem: 27089
Epoch: [250] Total time: 0:00:07 (0.4817 s / it)
train step
Test:  [0/1]  eta: 0:00:00  loss: 583.7812 (583.7812)  geo_km: 124.3585 (124.3585)  time: 0.6181 (0.6181 -- 0.6181)  data: 0.5472 (0.5472 -- 0.5472)  max mem: 27089
Test: Total time: 0:00:00 (0.6185 s / it)
Test:  [0/1]  eta: 0:00:00  loss: 496.7083 (496.7083)  geo_km: 91.0334 (91.0334)  time: 0.7409 (0.7409 -- 0.7409)  data: 0.6550 (0.6550 -- 0.6550)  max mem: 27089
Test: Total time: 0:00:00 (0.7413 s / it)
eval step
start epoch251
Epoch: [251]  [ 0/15]  eta: 0:00:19  lr: 0.000117  loss: 2.0648 (2.0648)  time: 1.3151 (1.3151 -- 1.3151)  data: 1.1184 (1.1184 -- 1.1184)  max mem: 27089
Epoch: [251]  [14/15]  eta: 0:00:00  lr: 0.000116  loss: 4.8448 (4.8910)  time: 0.4704 (0.3774 -- 1.3151)  data: 0.0747 (0.0001 -- 1.1184)  max mem: 27089
Epoch: [251] Total time: 0:00:07 (0.4704 s / it)
train step
Test:  [0/1]  eta: 0:00:00  loss: 570.5539 (570.5539)  geo_km: 122.7366 (122.7366)  time: 0.6191 (0.6191 -- 0.6191)  data: 0.5480 (0.5480 -- 0.5480)  max mem: 27089
Test: Total time: 0:00:00 (0.6195 s / it)
Test:  [0/1]  eta: 0:00:00  loss: 493.9922 (493.9922)  geo_km: 90.8017 (90.8017)  time: 0.7360 (0.7360 -- 0.7360)  data: 0.6504 (0.6504 -- 0.6504)  max mem: 27089
Test: Total time: 0:00:00 (0.7365 s / it)
eval step
start epoch252
Epoch: [252]  [ 0/15]  eta: 0:00:20  lr: 0.000116  loss: 4.9150 (4.9150)  time: 1.3812 (1.3812 -- 1.3812)  data: 1.1903 (1.1903 -- 1.1903)  max mem: 27089
Epoch: [252]  [14/15]  eta: 0:00:00  lr: 0.000115  loss: 5.2227 (5.5942)  time: 0.4743 (0.3765 -- 1.3812)  data: 0.0795 (0.0001 -- 1.1903)  max mem: 27089
Epoch: [252] Total time: 0:00:07 (0.4744 s / it)
train step
Test:  [0/1]  eta: 0:00:00  loss: 636.6164 (636.6164)  geo_km: 129.8357 (129.8357)  time: 0.6153 (0.6153 -- 0.6153)  data: 0.5441 (0.5441 -- 0.5441)  max mem: 27089
Test: Total time: 0:00:00 (0.6157 s / it)
Test:  [0/1]  eta: 0:00:00  loss: 594.3646 (594.3646)  geo_km: 96.2534 (96.2534)  time: 0.7388 (0.7388 -- 0.7388)  data: 0.6529 (0.6529 -- 0.6529)  max mem: 27089
Test: Total time: 0:00:00 (0.7393 s / it)
eval step
start epoch253
Epoch: [253]  [ 0/15]  eta: 0:00:18  lr: 0.000115  loss: 6.6919 (6.6919)  time: 1.2577 (1.2577 -- 1.2577)  data: 1.0607 (1.0607 -- 1.0607)  max mem: 27089
Epoch: [253]  [14/15]  eta: 0:00:00  lr: 0.000114  loss: 5.2305 (5.2032)  time: 0.4758 (0.3766 -- 1.2577)  data: 0.0708 (0.0001 -- 1.0607)  max mem: 27089
Epoch: [253] Total time: 0:00:07 (0.4759 s / it)
train step
Test:  [0/1]  eta: 0:00:00  loss: 612.2227 (612.2227)  geo_km: 125.7516 (125.7516)  time: 0.6114 (0.6114 -- 0.6114)  data: 0.5401 (0.5401 -- 0.5401)  max mem: 27089
Test: Total time: 0:00:00 (0.6119 s / it)
Test:  [0/1]  eta: 0:00:00  loss: 508.9688 (508.9688)  geo_km: 91.7676 (91.7676)  time: 0.7373 (0.7373 -- 0.7373)  data: 0.6514 (0.6514 -- 0.6514)  max mem: 27089
Test: Total time: 0:00:00 (0.7377 s / it)
eval step
start epoch254
Epoch: [254]  [ 0/15]  eta: 0:00:17  lr: 0.000114  loss: 4.2021 (4.2021)  time: 1.1536 (1.1536 -- 1.1536)  data: 0.9570 (0.9570 -- 0.9570)  max mem: 27089
Epoch: [254]  [14/15]  eta: 0:00:00  lr: 0.000113  loss: 4.4902 (4.5612)  time: 0.4768 (0.3772 -- 1.1536)  data: 0.0702 (0.0001 -- 0.9570)  max mem: 27089
Epoch: [254] Total time: 0:00:07 (0.4769 s / it)
train step
Test:  [0/1]  eta: 0:00:00  loss: 624.8828 (624.8828)  geo_km: 128.2977 (128.2977)  time: 0.6088 (0.6088 -- 0.6088)  data: 0.5377 (0.5377 -- 0.5377)  max mem: 27089
Test: Total time: 0:00:00 (0.6093 s / it)
Test:  [0/1]  eta: 0:00:00  loss: 534.5521 (534.5521)  geo_km: 89.2589 (89.2589)  time: 0.7370 (0.7370 -- 0.7370)  data: 0.6509 (0.6509 -- 0.6509)  max mem: 27089
Test: Total time: 0:00:00 (0.7375 s / it)
eval step
start epoch255
Epoch: [255]  [ 0/15]  eta: 0:00:19  lr: 0.000113  loss: 4.4194 (4.4194)  time: 1.3133 (1.3133 -- 1.3133)  data: 1.1212 (1.1212 -- 1.1212)  max mem: 27089
Epoch: [255]  [14/15]  eta: 0:00:00  lr: 0.000112  loss: 4.3843 (4.6894)  time: 0.4778 (0.3769 -- 1.3133)  data: 0.0749 (0.0001 -- 1.1212)  max mem: 27089
Epoch: [255] Total time: 0:00:07 (0.4779 s / it)
train step
Test:  [0/1]  eta: 0:00:00  loss: 609.9227 (609.9227)  geo_km: 123.7780 (123.7780)  time: 0.6080 (0.6080 -- 0.6080)  data: 0.5369 (0.5369 -- 0.5369)  max mem: 27089
Test: Total time: 0:00:00 (0.6085 s / it)
Test:  [0/1]  eta: 0:00:00  loss: 489.6276 (489.6276)  geo_km: 89.4539 (89.4539)  time: 0.7332 (0.7332 -- 0.7332)  data: 0.6473 (0.6473 -- 0.6473)  max mem: 27089
Test: Total time: 0:00:00 (0.7336 s / it)
eval step
start epoch256
Epoch: [256]  [ 0/15]  eta: 0:00:20  lr: 0.000112  loss: 4.3091 (4.3091)  time: 1.3744 (1.3744 -- 1.3744)  data: 1.1845 (1.1845 -- 1.1845)  max mem: 27089
Epoch: [256]  [14/15]  eta: 0:00:00  lr: 0.000111  loss: 4.3091 (4.6263)  time: 0.4804 (0.3769 -- 1.3744)  data: 0.0791 (0.0001 -- 1.1845)  max mem: 27089
Epoch: [256] Total time: 0:00:07 (0.4805 s / it)
train step
Test:  [0/1]  eta: 0:00:00  loss: 586.6938 (586.6938)  geo_km: 123.9095 (123.9095)  time: 0.6115 (0.6115 -- 0.6115)  data: 0.5404 (0.5404 -- 0.5404)  max mem: 27089
Test: Total time: 0:00:00 (0.6119 s / it)
Test:  [0/1]  eta: 0:00:00  loss: 494.8438 (494.8438)  geo_km: 90.3728 (90.3728)  time: 0.7430 (0.7430 -- 0.7430)  data: 0.6572 (0.6572 -- 0.6572)  max mem: 27089
Test: Total time: 0:00:00 (0.7434 s / it)
eval step
start epoch257
Epoch: [257]  [ 0/15]  eta: 0:00:18  lr: 0.000111  loss: 2.1665 (2.1665)  time: 1.2570 (1.2570 -- 1.2570)  data: 1.0435 (1.0435 -- 1.0435)  max mem: 27089
Epoch: [257]  [14/15]  eta: 0:00:00  lr: 0.000110  loss: 3.5955 (3.5648)  time: 0.4739 (0.3770 -- 1.2570)  data: 0.0714 (0.0001 -- 1.0435)  max mem: 27089
Epoch: [257] Total time: 0:00:07 (0.4739 s / it)
train step
Test:  [0/1]  eta: 0:00:00  loss: 598.3969 (598.3969)  geo_km: 127.3393 (127.3393)  time: 0.6106 (0.6106 -- 0.6106)  data: 0.5394 (0.5394 -- 0.5394)  max mem: 27089
Test: Total time: 0:00:00 (0.6111 s / it)
Test:  [0/1]  eta: 0:00:00  loss: 426.2005 (426.2005)  geo_km: 84.1124 (84.1124)  time: 0.7387 (0.7387 -- 0.7387)  data: 0.6523 (0.6523 -- 0.6523)  max mem: 27089
Test: Total time: 0:00:00 (0.7392 s / it)
eval step
start epoch258
Epoch: [258]  [ 0/15]  eta: 0:00:19  lr: 0.000110  loss: 3.0981 (3.0981)  time: 1.3118 (1.3118 -- 1.3118)  data: 1.1023 (1.1023 -- 1.1023)  max mem: 27089
Epoch: [258]  [14/15]  eta: 0:00:00  lr: 0.000109  loss: 3.5723 (3.6823)  time: 0.4788 (0.3768 -- 1.3118)  data: 0.0736 (0.0001 -- 1.1023)  max mem: 27089
Epoch: [258] Total time: 0:00:07 (0.4789 s / it)
train step
Test:  [0/1]  eta: 0:00:00  loss: 564.2039 (564.2039)  geo_km: 122.0497 (122.0496)  time: 0.6191 (0.6191 -- 0.6191)  data: 0.5421 (0.5421 -- 0.5421)  max mem: 27089
Test: Total time: 0:00:00 (0.6195 s / it)
Test:  [0/1]  eta: 0:00:00  loss: 466.0339 (466.0339)  geo_km: 87.5486 (87.5486)  time: 0.7336 (0.7336 -- 0.7336)  data: 0.6479 (0.6479 -- 0.6479)  max mem: 27089
Test: Total time: 0:00:00 (0.7340 s / it)
eval step
start epoch259
Epoch: [259]  [ 0/15]  eta: 0:00:18  lr: 0.000109  loss: 2.6783 (2.6783)  time: 1.2588 (1.2588 -- 1.2588)  data: 1.0560 (1.0560 -- 1.0560)  max mem: 27089
Epoch: [259]  [14/15]  eta: 0:00:00  lr: 0.000108  loss: 4.3813 (4.2448)  time: 0.4811 (0.3771 -- 1.2588)  data: 0.0746 (0.0001 -- 1.0560)  max mem: 27089
Epoch: [259] Total time: 0:00:07 (0.4812 s / it)
train step
Test:  [0/1]  eta: 0:00:00  loss: 554.6133 (554.6133)  geo_km: 119.5355 (119.5355)  time: 0.6212 (0.6212 -- 0.6212)  data: 0.5502 (0.5502 -- 0.5502)  max mem: 27089
Test: Total time: 0:00:00 (0.6216 s / it)
Test:  [0/1]  eta: 0:00:00  loss: 422.8229 (422.8229)  geo_km: 81.3630 (81.3630)  time: 0.7390 (0.7390 -- 0.7390)  data: 0.6531 (0.6531 -- 0.6531)  max mem: 27089
Test: Total time: 0:00:00 (0.7394 s / it)
eval step
start epoch260
Epoch: [260]  [ 0/15]  eta: 0:00:20  lr: 0.000108  loss: 3.9708 (3.9708)  time: 1.3379 (1.3379 -- 1.3379)  data: 1.1415 (1.1415 -- 1.1415)  max mem: 27089
Epoch: [260]  [14/15]  eta: 0:00:00  lr: 0.000107  loss: 4.0103 (4.4868)  time: 0.4727 (0.3769 -- 1.3379)  data: 0.0766 (0.0001 -- 1.1415)  max mem: 27089
Epoch: [260] Total time: 0:00:07 (0.4728 s / it)
train step
Test:  [0/1]  eta: 0:00:00  loss: 580.3234 (580.3234)  geo_km: 122.9221 (122.9221)  time: 0.6074 (0.6074 -- 0.6074)  data: 0.5365 (0.5365 -- 0.5365)  max mem: 27089
Test: Total time: 0:00:00 (0.6079 s / it)
Test:  [0/1]  eta: 0:00:00  loss: 519.1484 (519.1484)  geo_km: 91.6268 (91.6268)  time: 0.7338 (0.7338 -- 0.7338)  data: 0.6482 (0.6482 -- 0.6482)  max mem: 27089
Test: Total time: 0:00:00 (0.7343 s / it)
eval step
start epoch261
Epoch: [261]  [ 0/15]  eta: 0:00:18  lr: 0.000107  loss: 3.3184 (3.3184)  time: 1.2555 (1.2555 -- 1.2555)  data: 1.0594 (1.0594 -- 1.0594)  max mem: 27089
Epoch: [261]  [14/15]  eta: 0:00:00  lr: 0.000107  loss: 4.1152 (4.4209)  time: 0.4737 (0.3766 -- 1.2555)  data: 0.0723 (0.0001 -- 1.0594)  max mem: 27089
Epoch: [261] Total time: 0:00:07 (0.4738 s / it)
train step
Test:  [0/1]  eta: 0:00:00  loss: 541.0289 (541.0289)  geo_km: 117.4144 (117.4144)  time: 0.6125 (0.6125 -- 0.6125)  data: 0.5413 (0.5413 -- 0.5413)  max mem: 27089
Test: Total time: 0:00:00 (0.6130 s / it)
Test:  [0/1]  eta: 0:00:00  loss: 467.5234 (467.5234)  geo_km: 87.3738 (87.3738)  time: 0.7380 (0.7380 -- 0.7380)  data: 0.6523 (0.6523 -- 0.6523)  max mem: 27089
Test: Total time: 0:00:00 (0.7385 s / it)
eval step
start epoch262
Epoch: [262]  [ 0/15]  eta: 0:00:18  lr: 0.000107  loss: 2.5435 (2.5435)  time: 1.2594 (1.2594 -- 1.2594)  data: 1.0609 (1.0609 -- 1.0609)  max mem: 27089
Epoch: [262]  [14/15]  eta: 0:00:00  lr: 0.000106  loss: 3.3066 (3.4384)  time: 0.4878 (0.3767 -- 1.2594)  data: 0.0709 (0.0001 -- 1.0609)  max mem: 27089
Epoch: [262] Total time: 0:00:07 (0.4879 s / it)
train step
Test:  [0/1]  eta: 0:00:00  loss: 580.6799 (580.6799)  geo_km: 123.5219 (123.5219)  time: 0.6120 (0.6120 -- 0.6120)  data: 0.5408 (0.5408 -- 0.5408)  max mem: 27089
Test: Total time: 0:00:00 (0.6124 s / it)
Test:  [0/1]  eta: 0:00:00  loss: 498.3229 (498.3229)  geo_km: 88.2801 (88.2801)  time: 0.7383 (0.7383 -- 0.7383)  data: 0.6526 (0.6526 -- 0.6526)  max mem: 27089
Test: Total time: 0:00:00 (0.7388 s / it)
eval step
start epoch263
Epoch: [263]  [ 0/15]  eta: 0:00:17  lr: 0.000106  loss: 3.5610 (3.5610)  time: 1.1869 (1.1869 -- 1.1869)  data: 0.9912 (0.9912 -- 0.9912)  max mem: 27089
Epoch: [263]  [14/15]  eta: 0:00:00  lr: 0.000105  loss: 2.9075 (3.0780)  time: 0.4774 (0.3765 -- 1.1869)  data: 0.0662 (0.0001 -- 0.9912)  max mem: 27089
Epoch: [263] Total time: 0:00:07 (0.4775 s / it)
train step
Test:  [0/1]  eta: 0:00:00  loss: 543.7283 (543.7283)  geo_km: 118.2423 (118.2423)  time: 0.6095 (0.6095 -- 0.6095)  data: 0.5386 (0.5386 -- 0.5386)  max mem: 27089
Test: Total time: 0:00:00 (0.6100 s / it)
Test:  [0/1]  eta: 0:00:00  loss: 427.8750 (427.8750)  geo_km: 82.7804 (82.7804)  time: 0.7418 (0.7418 -- 0.7418)  data: 0.6560 (0.6560 -- 0.6560)  max mem: 27089
Test: Total time: 0:00:00 (0.7422 s / it)
eval step
start epoch264
Epoch: [264]  [ 0/15]  eta: 0:00:18  lr: 0.000105  loss: 2.7179 (2.7179)  time: 1.2093 (1.2093 -- 1.2093)  data: 0.9902 (0.9902 -- 0.9902)  max mem: 27089
Epoch: [264]  [14/15]  eta: 0:00:00  lr: 0.000104  loss: 3.8408 (4.0843)  time: 0.4895 (0.3776 -- 1.2093)  data: 0.0745 (0.0001 -- 0.9902)  max mem: 27089
Epoch: [264] Total time: 0:00:07 (0.4896 s / it)
train step
Test:  [0/1]  eta: 0:00:00  loss: 558.2000 (558.2000)  geo_km: 120.5956 (120.5956)  time: 0.6104 (0.6104 -- 0.6104)  data: 0.5392 (0.5392 -- 0.5392)  max mem: 27089
Test: Total time: 0:00:00 (0.6108 s / it)
Test:  [0/1]  eta: 0:00:00  loss: 472.9896 (472.9896)  geo_km: 86.1806 (86.1806)  time: 0.7348 (0.7348 -- 0.7348)  data: 0.6491 (0.6491 -- 0.6491)  max mem: 27089
Test: Total time: 0:00:00 (0.7352 s / it)
eval step
start epoch265
Epoch: [265]  [ 0/15]  eta: 0:00:20  lr: 0.000104  loss: 2.6543 (2.6543)  time: 1.3916 (1.3916 -- 1.3916)  data: 1.2021 (1.2021 -- 1.2021)  max mem: 27089
Epoch: [265]  [14/15]  eta: 0:00:00  lr: 0.000103  loss: 2.6543 (3.0340)  time: 0.4776 (0.3771 -- 1.3916)  data: 0.0803 (0.0001 -- 1.2021)  max mem: 27089
Epoch: [265] Total time: 0:00:07 (0.4777 s / it)
train step
Test:  [0/1]  eta: 0:00:00  loss: 565.4987 (565.4987)  geo_km: 122.6089 (122.6089)  time: 0.6184 (0.6184 -- 0.6184)  data: 0.5470 (0.5470 -- 0.5470)  max mem: 27089
Test: Total time: 0:00:00 (0.6188 s / it)
Test:  [0/1]  eta: 0:00:00  loss: 433.3359 (433.3359)  geo_km: 85.3279 (85.3279)  time: 0.7382 (0.7382 -- 0.7382)  data: 0.6525 (0.6525 -- 0.6525)  max mem: 27089
Test: Total time: 0:00:00 (0.7387 s / it)
eval step
start epoch266
Epoch: [266]  [ 0/15]  eta: 0:00:19  lr: 0.000103  loss: 1.9165 (1.9165)  time: 1.3289 (1.3289 -- 1.3289)  data: 1.1208 (1.1208 -- 1.1208)  max mem: 27089
Epoch: [266]  [14/15]  eta: 0:00:00  lr: 0.000103  loss: 2.5164 (2.6956)  time: 0.4773 (0.3765 -- 1.3289)  data: 0.0749 (0.0001 -- 1.1208)  max mem: 27089
Epoch: [266] Total time: 0:00:07 (0.4774 s / it)
train step
Test:  [0/1]  eta: 0:00:00  loss: 592.5446 (592.5446)  geo_km: 123.2459 (123.2459)  time: 0.6126 (0.6126 -- 0.6126)  data: 0.5416 (0.5416 -- 0.5416)  max mem: 27089
Test: Total time: 0:00:00 (0.6131 s / it)
Test:  [0/1]  eta: 0:00:00  loss: 500.8229 (500.8229)  geo_km: 87.7157 (87.7157)  time: 0.7344 (0.7344 -- 0.7344)  data: 0.6488 (0.6488 -- 0.6488)  max mem: 27089
Test: Total time: 0:00:00 (0.7349 s / it)
eval step
start epoch267
Epoch: [267]  [ 0/15]  eta: 0:00:18  lr: 0.000103  loss: 2.3828 (2.3828)  time: 1.2614 (1.2614 -- 1.2614)  data: 1.0681 (1.0681 -- 1.0681)  max mem: 27089
Epoch: [267]  [14/15]  eta: 0:00:00  lr: 0.000102  loss: 2.8961 (2.8081)  time: 0.4907 (0.3761 -- 1.2614)  data: 0.0733 (0.0001 -- 1.0681)  max mem: 27089
Epoch: [267] Total time: 0:00:07 (0.4908 s / it)
train step
Test:  [0/1]  eta: 0:00:00  loss: 551.5539 (551.5539)  geo_km: 117.5252 (117.5252)  time: 0.6226 (0.6226 -- 0.6226)  data: 0.5517 (0.5517 -- 0.5517)  max mem: 27089
Test: Total time: 0:00:00 (0.6231 s / it)
Test:  [0/1]  eta: 0:00:00  loss: 478.3984 (478.3984)  geo_km: 88.8237 (88.8237)  time: 0.7411 (0.7411 -- 0.7411)  data: 0.6545 (0.6545 -- 0.6545)  max mem: 27089
Test: Total time: 0:00:00 (0.7416 s / it)
eval step
start epoch268
Epoch: [268]  [ 0/15]  eta: 0:00:18  lr: 0.000102  loss: 2.1699 (2.1699)  time: 1.2507 (1.2507 -- 1.2507)  data: 1.0568 (1.0568 -- 1.0568)  max mem: 27089
Epoch: [268]  [14/15]  eta: 0:00:00  lr: 0.000101  loss: 2.9542 (3.5349)  time: 0.4742 (0.3756 -- 1.2507)  data: 0.0706 (0.0001 -- 1.0568)  max mem: 27089
Epoch: [268] Total time: 0:00:07 (0.4742 s / it)
train step
Test:  [0/1]  eta: 0:00:00  loss: 547.2125 (547.2125)  geo_km: 118.9680 (118.9680)  time: 0.6143 (0.6143 -- 0.6143)  data: 0.5432 (0.5432 -- 0.5432)  max mem: 27089
Test: Total time: 0:00:00 (0.6147 s / it)
Test:  [0/1]  eta: 0:00:00  loss: 436.5651 (436.5651)  geo_km: 84.4346 (84.4346)  time: 0.7372 (0.7372 -- 0.7372)  data: 0.6514 (0.6514 -- 0.6514)  max mem: 27089
Test: Total time: 0:00:00 (0.7377 s / it)
eval step
start epoch269
Epoch: [269]  [ 0/15]  eta: 0:00:17  lr: 0.000101  loss: 2.5391 (2.5391)  time: 1.1762 (1.1762 -- 1.1762)  data: 0.9815 (0.9815 -- 0.9815)  max mem: 27089
Epoch: [269]  [14/15]  eta: 0:00:00  lr: 0.000100  loss: 3.9435 (3.9970)  time: 0.4777 (0.3778 -- 1.1762)  data: 0.0684 (0.0001 -- 0.9815)  max mem: 27089
Epoch: [269] Total time: 0:00:07 (0.4778 s / it)
train step
Test:  [0/1]  eta: 0:00:00  loss: 578.5469 (578.5469)  geo_km: 121.5863 (121.5863)  time: 0.6205 (0.6205 -- 0.6205)  data: 0.5493 (0.5493 -- 0.5493)  max mem: 27089
Test: Total time: 0:00:00 (0.6209 s / it)
Test:  [0/1]  eta: 0:00:00  loss: 476.3047 (476.3047)  geo_km: 89.6358 (89.6358)  time: 0.7473 (0.7473 -- 0.7473)  data: 0.6614 (0.6614 -- 0.6614)  max mem: 27089
Test: Total time: 0:00:00 (0.7478 s / it)
eval step
start epoch270
Epoch: [270]  [ 0/15]  eta: 0:00:20  lr: 0.000100  loss: 2.1470 (2.1470)  time: 1.3334 (1.3334 -- 1.3334)  data: 1.1231 (1.1231 -- 1.1231)  max mem: 27089
Epoch: [270]  [14/15]  eta: 0:00:00  lr: 0.000100  loss: 3.0675 (3.3055)  time: 0.5040 (0.3766 -- 1.3334)  data: 0.0750 (0.0001 -- 1.1231)  max mem: 27089
Epoch: [270] Total time: 0:00:07 (0.5041 s / it)
train step
Test:  [0/1]  eta: 0:00:00  loss: 557.7000 (557.7000)  geo_km: 119.8762 (119.8762)  time: 0.6140 (0.6140 -- 0.6140)  data: 0.5429 (0.5429 -- 0.5429)  max mem: 27089
Test: Total time: 0:00:00 (0.6145 s / it)
Test:  [0/1]  eta: 0:00:00  loss: 438.5859 (438.5859)  geo_km: 84.8848 (84.8848)  time: 0.7381 (0.7381 -- 0.7381)  data: 0.6523 (0.6523 -- 0.6523)  max mem: 27089
Test: Total time: 0:00:00 (0.7386 s / it)
eval step
start epoch271
Epoch: [271]  [ 0/15]  eta: 0:00:21  lr: 0.000100  loss: 1.2376 (1.2376)  time: 1.4052 (1.4052 -- 1.4052)  data: 1.1994 (1.1994 -- 1.1994)  max mem: 27089
Epoch: [271]  [14/15]  eta: 0:00:00  lr: 0.000099  loss: 2.1313 (2.2261)  time: 0.4750 (0.3763 -- 1.4052)  data: 0.0801 (0.0001 -- 1.1994)  max mem: 27089
Epoch: [271] Total time: 0:00:07 (0.4751 s / it)
train step
Test:  [0/1]  eta: 0:00:00  loss: 566.8846 (566.8846)  geo_km: 121.9144 (121.9144)  time: 0.6184 (0.6184 -- 0.6184)  data: 0.5470 (0.5470 -- 0.5470)  max mem: 27089
Test: Total time: 0:00:00 (0.6188 s / it)
Test:  [0/1]  eta: 0:00:00  loss: 485.6172 (485.6172)  geo_km: 89.8883 (89.8883)  time: 0.7511 (0.7511 -- 0.7511)  data: 0.6640 (0.6640 -- 0.6640)  max mem: 27089
Test: Total time: 0:00:00 (0.7516 s / it)
eval step
start epoch272
Epoch: [272]  [ 0/15]  eta: 0:00:17  lr: 0.000099  loss: 1.4946 (1.4946)  time: 1.1946 (1.1946 -- 1.1946)  data: 0.9871 (0.9871 -- 0.9871)  max mem: 27089
Epoch: [272]  [14/15]  eta: 0:00:00  lr: 0.000098  loss: 3.3110 (2.9341)  time: 0.4820 (0.3774 -- 1.1946)  data: 0.0659 (0.0001 -- 0.9871)  max mem: 27089
Epoch: [272] Total time: 0:00:07 (0.4821 s / it)
train step
Test:  [0/1]  eta: 0:00:00  loss: 553.0625 (553.0625)  geo_km: 120.2169 (120.2169)  time: 0.6140 (0.6140 -- 0.6140)  data: 0.5430 (0.5430 -- 0.5430)  max mem: 27089
Test: Total time: 0:00:00 (0.6144 s / it)
Test:  [0/1]  eta: 0:00:00  loss: 482.9818 (482.9818)  geo_km: 87.8672 (87.8672)  time: 0.7412 (0.7412 -- 0.7412)  data: 0.6552 (0.6552 -- 0.6552)  max mem: 27089
Test: Total time: 0:00:00 (0.7416 s / it)
eval step
start epoch273
Epoch: [273]  [ 0/15]  eta: 0:00:20  lr: 0.000098  loss: 3.3356 (3.3356)  time: 1.3711 (1.3711 -- 1.3711)  data: 1.1801 (1.1801 -- 1.1801)  max mem: 27089
Epoch: [273]  [14/15]  eta: 0:00:00  lr: 0.000098  loss: 2.8462 (2.9066)  time: 0.4794 (0.3770 -- 1.3711)  data: 0.0788 (0.0001 -- 1.1801)  max mem: 27089
Epoch: [273] Total time: 0:00:07 (0.4795 s / it)
train step
Test:  [0/1]  eta: 0:00:00  loss: 568.1352 (568.1352)  geo_km: 119.7029 (119.7029)  time: 0.6148 (0.6148 -- 0.6148)  data: 0.5437 (0.5437 -- 0.5437)  max mem: 27089
Test: Total time: 0:00:00 (0.6152 s / it)
Test:  [0/1]  eta: 0:00:00  loss: 448.3047 (448.3047)  geo_km: 86.4848 (86.4848)  time: 0.7317 (0.7317 -- 0.7317)  data: 0.6460 (0.6460 -- 0.6460)  max mem: 27089
Test: Total time: 0:00:00 (0.7322 s / it)
eval step
start epoch274
Epoch: [274]  [ 0/15]  eta: 0:00:20  lr: 0.000098  loss: 5.6528 (5.6528)  time: 1.3397 (1.3397 -- 1.3397)  data: 1.1314 (1.1314 -- 1.1314)  max mem: 27089
Epoch: [274]  [14/15]  eta: 0:00:00  lr: 0.000097  loss: 2.8291 (3.2527)  time: 0.4901 (0.3777 -- 1.3397)  data: 0.0755 (0.0001 -- 1.1314)  max mem: 27089
Epoch: [274] Total time: 0:00:07 (0.4902 s / it)
train step
Test:  [0/1]  eta: 0:00:00  loss: 567.2250 (567.2250)  geo_km: 121.6001 (121.6001)  time: 0.6119 (0.6119 -- 0.6119)  data: 0.5409 (0.5409 -- 0.5409)  max mem: 27089
Test: Total time: 0:00:00 (0.6124 s / it)
Test:  [0/1]  eta: 0:00:00  loss: 457.7526 (457.7526)  geo_km: 85.5532 (85.5532)  time: 0.7386 (0.7386 -- 0.7386)  data: 0.6529 (0.6529 -- 0.6529)  max mem: 27089
Test: Total time: 0:00:00 (0.7390 s / it)
eval step
start epoch275
Epoch: [275]  [ 0/15]  eta: 0:00:17  lr: 0.000097  loss: 1.9180 (1.9180)  time: 1.1722 (1.1722 -- 1.1722)  data: 0.9782 (0.9782 -- 0.9782)  max mem: 27089
Epoch: [275]  [14/15]  eta: 0:00:00  lr: 0.000097  loss: 2.3893 (2.8394)  time: 0.4850 (0.3768 -- 1.1722)  data: 0.0667 (0.0001 -- 0.9782)  max mem: 27089
Epoch: [275] Total time: 0:00:07 (0.4851 s / it)
train step
Test:  [0/1]  eta: 0:00:00  loss: 582.9008 (582.9008)  geo_km: 123.9558 (123.9558)  time: 0.6130 (0.6130 -- 0.6130)  data: 0.5420 (0.5420 -- 0.5420)  max mem: 27089
Test: Total time: 0:00:00 (0.6134 s / it)
Test:  [0/1]  eta: 0:00:00  loss: 478.6354 (478.6354)  geo_km: 88.2077 (88.2077)  time: 0.7410 (0.7410 -- 0.7410)  data: 0.6551 (0.6551 -- 0.6551)  max mem: 27089
Test: Total time: 0:00:00 (0.7414 s / it)
eval step
start epoch276
Epoch: [276]  [ 0/15]  eta: 0:00:20  lr: 0.000097  loss: 1.8722 (1.8722)  time: 1.3871 (1.3871 -- 1.3871)  data: 1.1788 (1.1788 -- 1.1788)  max mem: 27089
Epoch: [276]  [14/15]  eta: 0:00:00  lr: 0.000096  loss: 2.8560 (2.7799)  time: 0.4783 (0.3771 -- 1.3871)  data: 0.0788 (0.0001 -- 1.1788)  max mem: 27089
Epoch: [276] Total time: 0:00:07 (0.4783 s / it)
train step
Test:  [0/1]  eta: 0:00:00  loss: 550.5359 (550.5359)  geo_km: 119.0919 (119.0919)  time: 0.6135 (0.6135 -- 0.6135)  data: 0.5425 (0.5425 -- 0.5425)  max mem: 27089
Test: Total time: 0:00:00 (0.6139 s / it)
Test:  [0/1]  eta: 0:00:00  loss: 430.5443 (430.5443)  geo_km: 80.1316 (80.1316)  time: 0.7337 (0.7337 -- 0.7337)  data: 0.6481 (0.6481 -- 0.6481)  max mem: 27089
Test: Total time: 0:00:00 (0.7341 s / it)
eval step
start epoch277
Epoch: [277]  [ 0/15]  eta: 0:00:20  lr: 0.000096  loss: 2.1504 (2.1504)  time: 1.3972 (1.3972 -- 1.3972)  data: 1.2072 (1.2072 -- 1.2072)  max mem: 27089
Epoch: [277]  [14/15]  eta: 0:00:00  lr: 0.000096  loss: 2.2818 (2.4207)  time: 0.4787 (0.3764 -- 1.3972)  data: 0.0808 (0.0001 -- 1.2072)  max mem: 27089
Epoch: [277] Total time: 0:00:07 (0.4788 s / it)
train step
Test:  [0/1]  eta: 0:00:00  loss: 576.2602 (576.2602)  geo_km: 119.8994 (119.8994)  time: 0.6199 (0.6199 -- 0.6199)  data: 0.5476 (0.5476 -- 0.5476)  max mem: 27089
Test: Total time: 0:00:00 (0.6203 s / it)
Test:  [0/1]  eta: 0:00:00  loss: 538.1771 (538.1771)  geo_km: 91.4041 (91.4041)  time: 0.7420 (0.7420 -- 0.7420)  data: 0.6561 (0.6561 -- 0.6561)  max mem: 27089
Test: Total time: 0:00:00 (0.7425 s / it)
eval step
start epoch278
Epoch: [278]  [ 0/15]  eta: 0:00:19  lr: 0.000096  loss: 3.5137 (3.5137)  time: 1.3056 (1.3056 -- 1.3056)  data: 1.1104 (1.1104 -- 1.1104)  max mem: 27089
Epoch: [278]  [14/15]  eta: 0:00:00  lr: 0.000095  loss: 3.1129 (2.8842)  time: 0.4796 (0.3775 -- 1.3056)  data: 0.0742 (0.0001 -- 1.1104)  max mem: 27089
Epoch: [278] Total time: 0:00:07 (0.4796 s / it)
train step
Test:  [0/1]  eta: 0:00:00  loss: 569.5477 (569.5477)  geo_km: 121.4100 (121.4100)  time: 0.6179 (0.6179 -- 0.6179)  data: 0.5470 (0.5470 -- 0.5470)  max mem: 27089
Test: Total time: 0:00:00 (0.6184 s / it)
Test:  [0/1]  eta: 0:00:00  loss: 466.1667 (466.1667)  geo_km: 87.8038 (87.8038)  time: 0.7414 (0.7414 -- 0.7414)  data: 0.6556 (0.6556 -- 0.6556)  max mem: 27089
Test: Total time: 0:00:00 (0.7418 s / it)
eval step
start epoch279
Epoch: [279]  [ 0/15]  eta: 0:00:20  lr: 0.000095  loss: 2.0410 (2.0410)  time: 1.3879 (1.3879 -- 1.3879)  data: 1.1806 (1.1806 -- 1.1806)  max mem: 27089
Epoch: [279]  [14/15]  eta: 0:00:00  lr: 0.000095  loss: 3.2812 (3.5709)  time: 0.4889 (0.3794 -- 1.3879)  data: 0.0788 (0.0001 -- 1.1806)  max mem: 27089
Epoch: [279] Total time: 0:00:07 (0.4890 s / it)
train step
Test:  [0/1]  eta: 0:00:00  loss: 562.5133 (562.5133)  geo_km: 120.6474 (120.6474)  time: 0.6136 (0.6136 -- 0.6136)  data: 0.5425 (0.5425 -- 0.5425)  max mem: 27089
Test: Total time: 0:00:00 (0.6140 s / it)
Test:  [0/1]  eta: 0:00:00  loss: 440.6771 (440.6771)  geo_km: 85.1250 (85.1250)  time: 0.7420 (0.7420 -- 0.7420)  data: 0.6560 (0.6560 -- 0.6560)  max mem: 27089
Test: Total time: 0:00:00 (0.7424 s / it)
eval step
start epoch280
Epoch: [280]  [ 0/15]  eta: 0:00:18  lr: 0.000095  loss: 2.4102 (2.4102)  time: 1.2488 (1.2488 -- 1.2488)  data: 1.0555 (1.0555 -- 1.0555)  max mem: 27089
Epoch: [280]  [14/15]  eta: 0:00:00  lr: 0.000094  loss: 3.5820 (3.5041)  time: 0.4746 (0.3771 -- 1.2488)  data: 0.0705 (0.0001 -- 1.0555)  max mem: 27089
Epoch: [280] Total time: 0:00:07 (0.4747 s / it)
train step
Test:  [0/1]  eta: 0:00:00  loss: 616.2289 (616.2289)  geo_km: 125.9528 (125.9528)  time: 0.6182 (0.6182 -- 0.6182)  data: 0.5468 (0.5468 -- 0.5468)  max mem: 27089
Test: Total time: 0:00:00 (0.6187 s / it)
Test:  [0/1]  eta: 0:00:00  loss: 499.5234 (499.5234)  geo_km: 88.9048 (88.9048)  time: 0.7439 (0.7439 -- 0.7439)  data: 0.6580 (0.6580 -- 0.6580)  max mem: 27089
Test: Total time: 0:00:00 (0.7444 s / it)
eval step
start epoch281
Epoch: [281]  [ 0/15]  eta: 0:00:19  lr: 0.000094  loss: 4.1465 (4.1465)  time: 1.2960 (1.2960 -- 1.2960)  data: 1.0949 (1.0949 -- 1.0949)  max mem: 27089
Epoch: [281]  [14/15]  eta: 0:00:00  lr: 0.000094  loss: 2.3789 (2.7346)  time: 0.4707 (0.3754 -- 1.2960)  data: 0.0731 (0.0001 -- 1.0949)  max mem: 27089
Epoch: [281] Total time: 0:00:07 (0.4707 s / it)
train step
Test:  [0/1]  eta: 0:00:00  loss: 587.0219 (587.0219)  geo_km: 123.3426 (123.3426)  time: 0.6149 (0.6149 -- 0.6149)  data: 0.5440 (0.5440 -- 0.5440)  max mem: 27089
Test: Total time: 0:00:00 (0.6154 s / it)
Test:  [0/1]  eta: 0:00:00  loss: 484.0833 (484.0833)  geo_km: 85.5265 (85.5265)  time: 0.7384 (0.7384 -- 0.7384)  data: 0.6524 (0.6524 -- 0.6524)  max mem: 27089
Test: Total time: 0:00:00 (0.7389 s / it)
eval step
start epoch282
Epoch: [282]  [ 0/15]  eta: 0:00:17  lr: 0.000094  loss: 2.5044 (2.5044)  time: 1.1870 (1.1870 -- 1.1870)  data: 0.9776 (0.9776 -- 0.9776)  max mem: 27089
Epoch: [282]  [14/15]  eta: 0:00:00  lr: 0.000093  loss: 2.2324 (2.5289)  time: 0.4804 (0.3771 -- 1.1870)  data: 0.0655 (0.0001 -- 0.9776)  max mem: 27089
Epoch: [282] Total time: 0:00:07 (0.4805 s / it)
train step
Test:  [0/1]  eta: 0:00:00  loss: 615.8156 (615.8156)  geo_km: 125.4943 (125.4943)  time: 0.6093 (0.6093 -- 0.6093)  data: 0.5383 (0.5383 -- 0.5383)  max mem: 27089
Test: Total time: 0:00:00 (0.6097 s / it)
Test:  [0/1]  eta: 0:00:00  loss: 538.1042 (538.1042)  geo_km: 91.3757 (91.3757)  time: 0.7442 (0.7442 -- 0.7442)  data: 0.6572 (0.6572 -- 0.6572)  max mem: 27089
Test: Total time: 0:00:00 (0.7447 s / it)
eval step
start epoch283
Epoch: [283]  [ 0/15]  eta: 0:00:19  lr: 0.000093  loss: 4.5255 (4.5255)  time: 1.3256 (1.3256 -- 1.3256)  data: 1.1340 (1.1340 -- 1.1340)  max mem: 27089
Epoch: [283]  [14/15]  eta: 0:00:00  lr: 0.000093  loss: 2.5387 (2.8693)  time: 0.4725 (0.3772 -- 1.3256)  data: 0.0757 (0.0001 -- 1.1340)  max mem: 27089
Epoch: [283] Total time: 0:00:07 (0.4726 s / it)
train step
Test:  [0/1]  eta: 0:00:00  loss: 569.2726 (569.2726)  geo_km: 121.2882 (121.2882)  time: 0.6152 (0.6152 -- 0.6152)  data: 0.5442 (0.5442 -- 0.5442)  max mem: 27089
Test: Total time: 0:00:00 (0.6157 s / it)
Test:  [0/1]  eta: 0:00:00  loss: 432.2109 (432.2109)  geo_km: 83.1433 (83.1433)  time: 0.7446 (0.7446 -- 0.7446)  data: 0.6588 (0.6588 -- 0.6588)  max mem: 27089
Test: Total time: 0:00:00 (0.7450 s / it)
eval step
start epoch284
Epoch: [284]  [ 0/15]  eta: 0:00:20  lr: 0.000093  loss: 2.0557 (2.0557)  time: 1.3423 (1.3423 -- 1.3423)  data: 1.1409 (1.1409 -- 1.1409)  max mem: 27089
Epoch: [284]  [14/15]  eta: 0:00:00  lr: 0.000093  loss: 2.4033 (2.8803)  time: 0.4873 (0.3771 -- 1.3423)  data: 0.0762 (0.0001 -- 1.1409)  max mem: 27089
Epoch: [284] Total time: 0:00:07 (0.4874 s / it)
train step
Test:  [0/1]  eta: 0:00:00  loss: 576.7133 (576.7133)  geo_km: 122.4183 (122.4183)  time: 0.6147 (0.6147 -- 0.6147)  data: 0.5436 (0.5436 -- 0.5436)  max mem: 27089
Test: Total time: 0:00:00 (0.6152 s / it)
Test:  [0/1]  eta: 0:00:00  loss: 487.9089 (487.9089)  geo_km: 85.2295 (85.2295)  time: 0.7431 (0.7431 -- 0.7431)  data: 0.6572 (0.6572 -- 0.6572)  max mem: 27089
Test: Total time: 0:00:00 (0.7436 s / it)
eval step
start epoch285
Epoch: [285]  [ 0/15]  eta: 0:00:18  lr: 0.000093  loss: 1.4912 (1.4912)  time: 1.2455 (1.2455 -- 1.2455)  data: 1.0513 (1.0513 -- 1.0513)  max mem: 27089
Epoch: [285]  [14/15]  eta: 0:00:00  lr: 0.000092  loss: 2.0898 (2.1855)  time: 0.4823 (0.3769 -- 1.2455)  data: 0.0702 (0.0001 -- 1.0513)  max mem: 27089
Epoch: [285] Total time: 0:00:07 (0.4823 s / it)
train step
Test:  [0/1]  eta: 0:00:00  loss: 580.2352 (580.2352)  geo_km: 122.0032 (122.0032)  time: 0.6128 (0.6128 -- 0.6128)  data: 0.5419 (0.5419 -- 0.5419)  max mem: 27089
Test: Total time: 0:00:00 (0.6133 s / it)
Test:  [0/1]  eta: 0:00:00  loss: 495.3438 (495.3438)  geo_km: 87.2137 (87.2137)  time: 0.7393 (0.7393 -- 0.7393)  data: 0.6535 (0.6535 -- 0.6535)  max mem: 27089
Test: Total time: 0:00:00 (0.7398 s / it)
eval step
start epoch286
Epoch: [286]  [ 0/15]  eta: 0:00:20  lr: 0.000092  loss: 4.0453 (4.0453)  time: 1.3792 (1.3792 -- 1.3792)  data: 1.1806 (1.1806 -- 1.1806)  max mem: 27089
Epoch: [286]  [14/15]  eta: 0:00:00  lr: 0.000092  loss: 1.9401 (2.0903)  time: 0.4683 (0.3767 -- 1.3792)  data: 0.0788 (0.0001 -- 1.1806)  max mem: 27089
Epoch: [286] Total time: 0:00:07 (0.4683 s / it)
train step
Test:  [0/1]  eta: 0:00:00  loss: 579.3705 (579.3705)  geo_km: 122.7061 (122.7061)  time: 0.6184 (0.6184 -- 0.6184)  data: 0.5473 (0.5473 -- 0.5473)  max mem: 27089
Test: Total time: 0:00:00 (0.6188 s / it)
Test:  [0/1]  eta: 0:00:00  loss: 492.3776 (492.3776)  geo_km: 88.0421 (88.0421)  time: 0.7449 (0.7449 -- 0.7449)  data: 0.6593 (0.6593 -- 0.6593)  max mem: 27089
Test: Total time: 0:00:00 (0.7454 s / it)
eval step
start epoch287
Epoch: [287]  [ 0/15]  eta: 0:00:17  lr: 0.000092  loss: 1.2451 (1.2451)  time: 1.1831 (1.1831 -- 1.1831)  data: 0.9870 (0.9870 -- 0.9870)  max mem: 27089
Epoch: [287]  [14/15]  eta: 0:00:00  lr: 0.000092  loss: 1.7010 (2.0788)  time: 0.4821 (0.3731 -- 1.1831)  data: 0.0660 (0.0001 -- 0.9870)  max mem: 27089
Epoch: [287] Total time: 0:00:07 (0.4822 s / it)
train step
Test:  [0/1]  eta: 0:00:00  loss: 591.0226 (591.0226)  geo_km: 123.6935 (123.6935)  time: 0.6156 (0.6156 -- 0.6156)  data: 0.5444 (0.5444 -- 0.5444)  max mem: 27089
Test: Total time: 0:00:00 (0.6160 s / it)
Test:  [0/1]  eta: 0:00:00  loss: 474.8333 (474.8333)  geo_km: 87.2339 (87.2339)  time: 0.7379 (0.7379 -- 0.7379)  data: 0.6521 (0.6521 -- 0.6521)  max mem: 27089
Test: Total time: 0:00:00 (0.7383 s / it)
eval step
start epoch288
Epoch: [288]  [ 0/15]  eta: 0:00:19  lr: 0.000092  loss: 3.4146 (3.4146)  time: 1.3296 (1.3296 -- 1.3296)  data: 1.1154 (1.1154 -- 1.1154)  max mem: 27089
Epoch: [288]  [14/15]  eta: 0:00:00  lr: 0.000091  loss: 1.8477 (2.0093)  time: 0.4845 (0.3784 -- 1.3296)  data: 0.0745 (0.0001 -- 1.1154)  max mem: 27089
Epoch: [288] Total time: 0:00:07 (0.4846 s / it)
train step
Test:  [0/1]  eta: 0:00:00  loss: 563.3164 (563.3164)  geo_km: 119.2291 (119.2291)  time: 0.6134 (0.6134 -- 0.6134)  data: 0.5424 (0.5424 -- 0.5424)  max mem: 27089
Test: Total time: 0:00:00 (0.6138 s / it)
Test:  [0/1]  eta: 0:00:00  loss: 445.4505 (445.4505)  geo_km: 83.9529 (83.9529)  time: 0.7423 (0.7423 -- 0.7423)  data: 0.6560 (0.6560 -- 0.6560)  max mem: 27089
Test: Total time: 0:00:00 (0.7428 s / it)
eval step
start epoch289
Epoch: [289]  [ 0/15]  eta: 0:00:17  lr: 0.000091  loss: 1.8594 (1.8594)  time: 1.1668 (1.1668 -- 1.1668)  data: 0.9723 (0.9723 -- 0.9723)  max mem: 27089
Epoch: [289]  [14/15]  eta: 0:00:00  lr: 0.000091  loss: 2.2266 (2.7992)  time: 0.4811 (0.3772 -- 1.1668)  data: 0.0655 (0.0001 -- 0.9723)  max mem: 27089
Epoch: [289] Total time: 0:00:07 (0.4812 s / it)
train step
Test:  [0/1]  eta: 0:00:00  loss: 571.2352 (571.2352)  geo_km: 120.4974 (120.4974)  time: 0.6113 (0.6113 -- 0.6113)  data: 0.5402 (0.5402 -- 0.5402)  max mem: 27089
Test: Total time: 0:00:00 (0.6118 s / it)
Test:  [0/1]  eta: 0:00:00  loss: 421.3125 (421.3125)  geo_km: 80.9513 (80.9513)  time: 0.7433 (0.7433 -- 0.7433)  data: 0.6565 (0.6565 -- 0.6565)  max mem: 27089
Test: Total time: 0:00:00 (0.7437 s / it)
eval step
start epoch290
Epoch: [290]  [ 0/15]  eta: 0:00:17  lr: 0.000091  loss: 2.8848 (2.8848)  time: 1.1734 (1.1734 -- 1.1734)  data: 0.9771 (0.9771 -- 0.9771)  max mem: 27089
Epoch: [290]  [14/15]  eta: 0:00:00  lr: 0.000091  loss: 2.8848 (2.9021)  time: 0.4787 (0.3768 -- 1.1734)  data: 0.0696 (0.0001 -- 0.9771)  max mem: 27089
Epoch: [290] Total time: 0:00:07 (0.4787 s / it)
train step
Test:  [0/1]  eta: 0:00:00  loss: 590.0532 (590.0532)  geo_km: 123.1827 (123.1827)  time: 0.6148 (0.6148 -- 0.6148)  data: 0.5435 (0.5435 -- 0.5435)  max mem: 27089
Test: Total time: 0:00:00 (0.6152 s / it)
Test:  [0/1]  eta: 0:00:00  loss: 474.6562 (474.6562)  geo_km: 86.1870 (86.1870)  time: 0.7351 (0.7351 -- 0.7351)  data: 0.6495 (0.6495 -- 0.6495)  max mem: 27089
Test: Total time: 0:00:00 (0.7356 s / it)
eval step
start epoch291
Epoch: [291]  [ 0/15]  eta: 0:00:17  lr: 0.000091  loss: 1.1827 (1.1827)  time: 1.1845 (1.1845 -- 1.1845)  data: 0.9713 (0.9713 -- 0.9713)  max mem: 27089
Epoch: [291]  [14/15]  eta: 0:00:00  lr: 0.000091  loss: 3.0865 (2.9106)  time: 0.4817 (0.3768 -- 1.1845)  data: 0.0691 (0.0001 -- 0.9713)  max mem: 27089
Epoch: [291] Total time: 0:00:07 (0.4818 s / it)
train step
Test:  [0/1]  eta: 0:00:00  loss: 568.3002 (568.3002)  geo_km: 122.4493 (122.4493)  time: 0.6171 (0.6171 -- 0.6171)  data: 0.5458 (0.5458 -- 0.5458)  max mem: 27089
Test: Total time: 0:00:00 (0.6175 s / it)
Test:  [0/1]  eta: 0:00:00  loss: 446.3646 (446.3646)  geo_km: 84.6082 (84.6082)  time: 0.7352 (0.7352 -- 0.7352)  data: 0.6495 (0.6495 -- 0.6495)  max mem: 27089
Test: Total time: 0:00:00 (0.7356 s / it)
eval step
start epoch292
Epoch: [292]  [ 0/15]  eta: 0:00:20  lr: 0.000091  loss: 4.2388 (4.2388)  time: 1.3376 (1.3376 -- 1.3376)  data: 1.1248 (1.1248 -- 1.1248)  max mem: 27089
Epoch: [292]  [14/15]  eta: 0:00:00  lr: 0.000091  loss: 2.8620 (2.8029)  time: 0.4766 (0.3771 -- 1.3376)  data: 0.0751 (0.0001 -- 1.1248)  max mem: 27089
Epoch: [292] Total time: 0:00:07 (0.4767 s / it)
train step
Test:  [0/1]  eta: 0:00:00  loss: 604.8312 (604.8312)  geo_km: 123.6895 (123.6895)  time: 0.6209 (0.6209 -- 0.6209)  data: 0.5497 (0.5497 -- 0.5497)  max mem: 27089
Test: Total time: 0:00:00 (0.6214 s / it)
Test:  [0/1]  eta: 0:00:00  loss: 517.6068 (517.6068)  geo_km: 90.6338 (90.6338)  time: 0.7393 (0.7393 -- 0.7393)  data: 0.6535 (0.6535 -- 0.6535)  max mem: 27089
Test: Total time: 0:00:00 (0.7397 s / it)
eval step
start epoch293
Epoch: [293]  [ 0/15]  eta: 0:00:17  lr: 0.000091  loss: 2.5786 (2.5786)  time: 1.1973 (1.1973 -- 1.1973)  data: 0.9891 (0.9891 -- 0.9891)  max mem: 27089
Epoch: [293]  [14/15]  eta: 0:00:00  lr: 0.000090  loss: 1.7317 (2.2036)  time: 0.4781 (0.3768 -- 1.1973)  data: 0.0785 (0.0001 -- 0.9891)  max mem: 27089
Epoch: [293] Total time: 0:00:07 (0.4782 s / it)
train step
Test:  [0/1]  eta: 0:00:00  loss: 594.3517 (594.3517)  geo_km: 123.0260 (123.0260)  time: 0.6153 (0.6153 -- 0.6153)  data: 0.5443 (0.5443 -- 0.5443)  max mem: 27089
Test: Total time: 0:00:00 (0.6157 s / it)
Test:  [0/1]  eta: 0:00:00  loss: 466.0104 (466.0104)  geo_km: 86.6363 (86.6363)  time: 0.7373 (0.7373 -- 0.7373)  data: 0.6516 (0.6516 -- 0.6516)  max mem: 27089
Test: Total time: 0:00:00 (0.7377 s / it)
eval step
start epoch294
Epoch: [294]  [ 0/15]  eta: 0:00:17  lr: 0.000090  loss: 1.6763 (1.6763)  time: 1.1767 (1.1767 -- 1.1767)  data: 0.9698 (0.9698 -- 0.9698)  max mem: 27089
Epoch: [294]  [14/15]  eta: 0:00:00  lr: 0.000090  loss: 1.6946 (1.9872)  time: 0.4798 (0.3766 -- 1.1767)  data: 0.0648 (0.0001 -- 0.9698)  max mem: 27089
Epoch: [294] Total time: 0:00:07 (0.4799 s / it)
train step
Test:  [0/1]  eta: 0:00:00  loss: 585.4813 (585.4813)  geo_km: 122.6583 (122.6584)  time: 0.6092 (0.6092 -- 0.6092)  data: 0.5370 (0.5370 -- 0.5370)  max mem: 27089
Test: Total time: 0:00:00 (0.6097 s / it)
Test:  [0/1]  eta: 0:00:00  loss: 476.7630 (476.7630)  geo_km: 86.1792 (86.1792)  time: 0.7383 (0.7383 -- 0.7383)  data: 0.6525 (0.6525 -- 0.6525)  max mem: 27089
Test: Total time: 0:00:00 (0.7388 s / it)
eval step
start epoch295
Epoch: [295]  [ 0/15]  eta: 0:00:18  lr: 0.000090  loss: 0.9614 (0.9614)  time: 1.2458 (1.2458 -- 1.2458)  data: 1.0508 (1.0508 -- 1.0508)  max mem: 27089
Epoch: [295]  [14/15]  eta: 0:00:00  lr: 0.000090  loss: 1.2661 (1.7896)  time: 0.4801 (0.3765 -- 1.2458)  data: 0.0723 (0.0001 -- 1.0508)  max mem: 27089
Epoch: [295] Total time: 0:00:07 (0.4802 s / it)
train step
Test:  [0/1]  eta: 0:00:00  loss: 595.7914 (595.7914)  geo_km: 123.6499 (123.6500)  time: 0.6068 (0.6068 -- 0.6068)  data: 0.5358 (0.5358 -- 0.5358)  max mem: 27089
Test: Total time: 0:00:00 (0.6072 s / it)
Test:  [0/1]  eta: 0:00:00  loss: 458.9297 (458.9297)  geo_km: 86.5771 (86.5772)  time: 0.7369 (0.7369 -- 0.7369)  data: 0.6512 (0.6512 -- 0.6512)  max mem: 27089
Test: Total time: 0:00:00 (0.7373 s / it)
eval step
start epoch296
Epoch: [296]  [ 0/15]  eta: 0:00:18  lr: 0.000090  loss: 1.1821 (1.1821)  time: 1.2450 (1.2450 -- 1.2450)  data: 1.0513 (1.0513 -- 1.0513)  max mem: 27089
Epoch: [296]  [14/15]  eta: 0:00:00  lr: 0.000090  loss: 2.6685 (2.3331)  time: 0.4799 (0.3766 -- 1.2450)  data: 0.0717 (0.0001 -- 1.0513)  max mem: 27089
Epoch: [296] Total time: 0:00:07 (0.4800 s / it)
train step
Test:  [0/1]  eta: 0:00:00  loss: 598.4375 (598.4375)  geo_km: 122.9539 (122.9539)  time: 0.6102 (0.6102 -- 0.6102)  data: 0.5393 (0.5393 -- 0.5393)  max mem: 27089
Test: Total time: 0:00:00 (0.6107 s / it)
Test:  [0/1]  eta: 0:00:00  loss: 497.8333 (497.8333)  geo_km: 89.1126 (89.1126)  time: 0.7425 (0.7425 -- 0.7425)  data: 0.6567 (0.6567 -- 0.6567)  max mem: 27089
Test: Total time: 0:00:00 (0.7430 s / it)
eval step
start epoch297
Epoch: [297]  [ 0/15]  eta: 0:00:18  lr: 0.000090  loss: 2.2583 (2.2583)  time: 1.2545 (1.2545 -- 1.2545)  data: 1.0524 (1.0524 -- 1.0524)  max mem: 27089
Epoch: [297]  [14/15]  eta: 0:00:00  lr: 0.000090  loss: 2.3071 (2.1663)  time: 0.4771 (0.3748 -- 1.2545)  data: 0.0703 (0.0001 -- 1.0524)  max mem: 27089
Epoch: [297] Total time: 0:00:07 (0.4771 s / it)
train step
Test:  [0/1]  eta: 0:00:00  loss: 598.1977 (598.1977)  geo_km: 125.1824 (125.1824)  time: 0.6121 (0.6121 -- 0.6121)  data: 0.5410 (0.5410 -- 0.5410)  max mem: 27089
Test: Total time: 0:00:00 (0.6126 s / it)
Test:  [0/1]  eta: 0:00:00  loss: 481.8984 (481.8984)  geo_km: 86.5209 (86.5209)  time: 0.7365 (0.7365 -- 0.7365)  data: 0.6508 (0.6508 -- 0.6508)  max mem: 27089
Test: Total time: 0:00:00 (0.7369 s / it)
eval step
start epoch298
Epoch: [298]  [ 0/15]  eta: 0:00:18  lr: 0.000090  loss: 1.5042 (1.5042)  time: 1.2547 (1.2547 -- 1.2547)  data: 1.0609 (1.0609 -- 1.0609)  max mem: 27089
Epoch: [298]  [14/15]  eta: 0:00:00  lr: 0.000090  loss: 1.9414 (1.9862)  time: 0.4821 (0.3772 -- 1.2547)  data: 0.0709 (0.0001 -- 1.0609)  max mem: 27089
Epoch: [298] Total time: 0:00:07 (0.4822 s / it)
train step
Test:  [0/1]  eta: 0:00:00  loss: 613.9354 (613.9354)  geo_km: 125.5079 (125.5079)  time: 0.6121 (0.6121 -- 0.6121)  data: 0.5411 (0.5411 -- 0.5411)  max mem: 27089
Test: Total time: 0:00:00 (0.6125 s / it)
Test:  [0/1]  eta: 0:00:00  loss: 461.1771 (461.1771)  geo_km: 85.9400 (85.9400)  time: 0.7337 (0.7337 -- 0.7337)  data: 0.6481 (0.6481 -- 0.6481)  max mem: 27089
Test: Total time: 0:00:00 (0.7342 s / it)
eval step
start epoch299
Epoch: [299]  [ 0/15]  eta: 0:00:18  lr: 0.000090  loss: 2.9087 (2.9087)  time: 1.2494 (1.2494 -- 1.2494)  data: 1.0550 (1.0550 -- 1.0550)  max mem: 27089
Epoch: [299]  [14/15]  eta: 0:00:00  lr: 0.000090  loss: 2.9087 (2.7948)  time: 0.4864 (0.3776 -- 1.2494)  data: 0.0705 (0.0001 -- 1.0550)  max mem: 27089
Epoch: [299] Total time: 0:00:07 (0.4865 s / it)
train step
Test:  [0/1]  eta: 0:00:00  loss: 625.5195 (625.5195)  geo_km: 125.8280 (125.8280)  time: 0.6190 (0.6190 -- 0.6190)  data: 0.5480 (0.5480 -- 0.5480)  max mem: 27089
Test: Total time: 0:00:00 (0.6194 s / it)
Test:  [0/1]  eta: 0:00:00  loss: 472.4062 (472.4062)  geo_km: 85.1241 (85.1241)  time: 0.7400 (0.7400 -- 0.7400)  data: 0.6543 (0.6543 -- 0.6543)  max mem: 27089
Test: Total time: 0:00:00 (0.7404 s / it)
eval step
Training time 00:47:06
[INFO] Last checkpoint saved at /leonardo/home/userexternal/ddarmien/Demetra/moduli/videomae/output/last_checkpoint-tracking.pth (epoch=299)
