{
  "dataset_size": 4708,
  "n_with_gt_presence": 4708,
  "n_with_gt_center": 2116,
  "threshold_used": 0.5,
  "presence_metrics_combined": {
    "auprc": 0.428070270539743,
    "roc_auc": 0.5023266660248781,
    "threshold": 0.5,
    "precision_at_tau": 0.23553719008264462,
    "recall_at_tau": 0.026937618147448016,
    "f1_at_tau": 0.04834605597964377,
    "confusion_matrix": {
      "tp": 57,
      "fp": 185,
      "tn": 2407,
      "fn": 2059
    }
  },
  "presence_metrics_logit": {
    "auprc": 0.47823383687769105,
    "roc_auc": 0.541758559126234,
    "threshold": 0.5,
    "precision_at_tau": 0.4494477485131691,
    "recall_at_tau": 1.0,
    "f1_at_tau": 0.6201641266119577,
    "confusion_matrix": {
      "tp": 2116,
      "fp": 2592,
      "tn": 0,
      "fn": 0
    }
  },
  "center_metrics_px": {
    "policy": "detection_first",
    "unit": "px",
    "count": 57,
    "mae_px": 8.479882497316169,
    "medae_px": 4.725390807294886,
    "pct_within_px": {
      "8": 80.70175438596492,
      "16": 80.70175438596492,
      "24": 80.70175438596492,
      "32": 100.0
    }
  },
  "center_metrics_km": {
    "policy": "detection_first",
    "unit": "km",
    "count": 57,
    "mae_km": 292.0787380489062,
    "medae_km": 228.42975682978383,
    "pct_within_km": {
      "25": 0.0,
      "50": 0.0,
      "100": 0.0,
      "200": 0.0
    }
  }
}