epoch,train_loss,train_heatmap_loss,train_presence_loss,val_loss,val_heatmap_loss,val_presence_loss,test_loss,test_heatmap_loss,test_presence_loss,test_presence_combined_loss
1,0.11756990849971771,0.11756990849971771,0.8886982798576355,,,,,,,
2,0.012066803872585297,0.012066803872585297,0.7822840213775635,,,,,,,
3,0.009088174439966679,0.009088174439966679,0.7491592168807983,,,,,,,
4,0.007643391378223896,0.007643391378223896,0.747200071811676,,,,,,,
5,0.006944319698959589,0.006944319698959589,0.7524647116661072,,,,,,,
6,0.0063915010541677475,0.0063915010541677475,0.7378390431404114,,,,,,,
