epoch,train_loss,train_heatmap_loss,train_presence_loss,val_loss,val_heatmap_loss,val_presence_loss,test_loss,test_heatmap_loss,test_presence_loss
1,5743.611328125,5.742913722991943,0.697591245174408,2.825284512078867e+19,2.8252845194029164e+16,88659173.26315789,3.0059579641045905e+19,3.0059579360742776e+16,79359741.4736842
